label,feature_0,feature_1,feature_2,feature_3,feature_4,feature_5,feature_6,feature_7,feature_8,feature_9,feature_10,feature_11,feature_12,feature_13,feature_14,feature_15,feature_16,feature_17,feature_18,feature_19,feature_20,feature_21,feature_22,feature_23,feature_24,feature_25,feature_26,feature_27,feature_28,feature_29,feature_30,feature_31,feature_32,feature_33,feature_34,feature_35,feature_36,feature_37,feature_38,feature_39,feature_40,feature_41,feature_42,feature_43,feature_44,feature_45,feature_46,feature_47,feature_48,feature_49,feature_50,feature_51,feature_52,feature_53,feature_54,feature_55,feature_56,feature_57,feature_58,feature_59,feature_60,feature_61,feature_62
WATER,0.0,0.0,0.0,-0.06659692525863647,-0.1086532473564148,-0.0809952672085501,-0.1287633776664734,-0.19609004259109497,-0.07804053830716384,-0.19269543886184692,-0.23092085123062134,-0.055136868681643136,-0.23554211854934692,-0.2650321125984192,-0.021584533106420167,-0.01249760389328003,-0.36884593963623047,0.010708269711699359,-0.022762954235076904,-0.5019940137863159,0.04842938673880326,-0.02906566858291626,-0.5829594135284424,0.0746894125380777,-0.03313422203063965,-0.6402633488178253,0.09598569018032777,-0.026917576789855957,-0.34416985511779785,0.07432898325112092,-0.025821030139923096,-0.4822203814983368,0.13221171689417588,-0.03473573923110962,-0.5549103617668152,0.16711786580469834,-0.04093670845031738,-0.6170106828212738,0.19485221994307267,-0.04265958070755005,-0.30534690618515015,0.12629664135363328,-0.06091189384460449,-0.41189825534820557,0.17127117705729233,-0.08070677518844604,-0.48106569051742554,0.17699800622847306,-0.10292112827301025,-0.5337218344211578,0.18444192600634324,-0.06752455234527588,-0.25801581144332886,0.1693607587852739,-0.10055512189865112,-0.33560532331466675,0.19663529289152848,-0.12479478120803833,-0.38155749440193176,0.19874178064253556,-0.14004063606262207,-0.40576449036598206,0.2045998443403505
WATER,0.0,0.0,0.0,-0.052038490772247314,-0.10204100608825684,-0.05208187360113925,-0.11548000574111938,-0.18608510494232178,-0.04831327307766742,-0.18155431747436523,-0.2026503086090088,-0.03508721101826495,-0.22912806272506714,-0.19604378938674927,-0.016308568378747168,-0.01434016227722168,-0.3300812244415283,0.04441343065553838,-0.04029202461242676,-0.44417688250541687,0.08794262822920018,-0.048463284969329834,-0.49701136350631714,0.11260909404808217,-0.053992629051208496,-0.5366792976856232,0.12900822427326375,-0.023410320281982422,-0.2940117120742798,0.08097015138918096,-0.04193192720413208,-0.4021610617637634,0.1392738875394457,-0.05572587251663208,-0.4560004770755768,0.16230848994308644,-0.05935937166213989,-0.5022301971912384,0.17610338892990285,-0.036903321743011475,-0.24874460697174072,0.10730099495702916,-0.06380492448806763,-0.331622838973999,0.15116717484050923,-0.07757419347763062,-0.38447117805480957,0.15272623863273793,-0.0869787335395813,-0.4246419668197632,0.15244676735454732,-0.05745816230773926,-0.20708900690078735,0.1268490907197588,-0.09629404544830322,-0.2724984884262085,0.15439667370372945,-0.1122509241104126,-0.3031764030456543,0.16162890758567983,-0.11833316087722778,-0.3209097385406494,0.1681432929282778
WATER,0.0,0.0,0.0,-0.09738367795944214,-0.07719308137893677,-0.02653066940183635,-0.1753367781639099,-0.16226834058761597,-0.026385917659354163,-0.2274404764175415,-0.1989765763282776,-0.022947020228457404,-0.2637823820114136,-0.2142893671989441,-0.018077859054756118,-0.07846671342849731,-0.25887107849121094,0.01469114482824807,-0.07914459705352783,-0.3729967474937439,0.016388975684094476,-0.08158993721008301,-0.46161171793937683,0.00744380815376644,-0.08528971672058105,-0.5296269357204437,8.847497883834876e-05,-0.04775416851043701,-0.26440268754959106,0.023477854807424592,-0.039893925189971924,-0.38260960578918457,0.027805887762951897,-0.0460662841796875,-0.47025159001350403,0.011702404957759427,-0.052613139152526855,-0.5427439510822296,-0.0007468705116480123,-0.02800166606903076,-0.24595224857330322,0.028593442071723985,-0.03138524293899536,-0.3452243208885193,0.027530998591828393,-0.039132654666900635,-0.42240917682647705,0.008483362984406995,-0.044427573680877686,-0.481418639421463,-0.004924838296574308,-0.016899943351745605,-0.2076575756072998,0.03194943689231877,-0.02957761287689209,-0.2707819938659668,0.03149198987011914,-0.04116785526275635,-0.30707430839538574,0.027977860201644944,-0.04854631423950195,-0.3358181118965149,0.025393013511347817
WATER,0.0,0.0,0.0,0.009069859981536865,-0.17219489812850952,-0.05306224266348636,-0.05965369939804077,-0.2965686321258545,-0.03334868440686023,-0.1433618664741516,-0.3480426073074341,-0.01051819438396251,-0.21938678622245789,-0.3596571683883667,0.019512760245220306,-0.051461756229400635,-0.3866267204284668,0.08351859708966458,-0.0581972599029541,-0.5146807432174683,0.11238104363621915,-0.07242679595947266,-0.5931015610694885,0.12994495292844022,-0.07870280742645264,-0.6523890793323517,0.14144830664338315,-0.10746246576309204,-0.343722403049469,0.1051823969715997,-0.12499982118606567,-0.4661445915699005,0.14928889533223355,-0.1350308656692505,-0.5362953245639801,0.1671240951651498,-0.13768500089645386,-0.5966504216194153,0.17839081844033444,-0.1502220630645752,-0.28442084789276123,0.10755222549380505,-0.2069419026374817,-0.3750680088996887,0.10581849774064267,-0.22129374742507935,-0.3826998472213745,0.07986349126042569,-0.2227819263935089,-0.37717652320861816,0.06955752780379498,-0.18655988574028015,-0.21621108055114746,0.10344199349822247,-0.2427070438861847,-0.29632318019866943,0.08199645092429364,-0.24797526001930237,-0.31498223543167114,0.05593821292461598,-0.23596033453941345,-0.3055962920188904,0.04199194421710217
WATER,0.0,0.0,0.0,0.005352497100830078,-0.19037556648254395,-0.08243385692310312,-0.06849813461303711,-0.31910979747772217,-0.06326094259691217,-0.16463637351989746,-0.3544829487800598,-0.03384162103009203,-0.2423831820487976,-0.34055739641189575,0.005156159501552793,-0.013180792331695557,-0.43015915155410767,0.08934111158180258,-0.01723003387451172,-0.5759131610393524,0.1301881075911524,-0.02331233024597168,-0.662145346403122,0.1535541416220667,-0.028063833713531494,-0.7296858429908752,0.16927662501859686,-0.07560545206069946,-0.389603853225708,0.12886606166887304,-0.07321852445602417,-0.5329704880714417,0.198362425070286,-0.06983572244644165,-0.6060573756694794,0.23077587793397925,-0.061970055103302,-0.6689760386943817,0.25315326462316534,-0.12895697355270386,-0.3291448950767517,0.14496497819948218,-0.16430717706680298,-0.4575362205505371,0.16979886601495764,-0.16713416576385498,-0.5140701532363892,0.1569917501025202,-0.17081820964813232,-0.5611348748207092,0.1540755928568842,-0.17768090963363647,-0.2451615333557129,0.1495859325938227,-0.2327275276184082,-0.35415810346603394,0.14724932621049902,-0.22461169958114624,-0.34840089082717896,0.1405362189822199,-0.20136505365371704,-0.30144959688186646,0.14265000830221197
WATER,0.0,0.0,0.0,-0.046732544898986816,-0.18537753820419312,-0.011952577481451954,-0.13260626792907715,-0.25518178939819336,0.016004673813995396,-0.20950570702552795,-0.25715237855911255,0.03515841779631046,-0.27161890268325806,-0.25653302669525146,0.05532178623002437,-0.08918702602386475,-0.3347817063331604,0.15078429100435642,-0.13059204816818237,-0.41066867113113403,0.20807830212038425,-0.15816527605056763,-0.46122103929519653,0.23483511028211979,-0.1763342022895813,-0.48899179697036743,0.24921483514231113,-0.14664071798324585,-0.26599109172821045,0.15725832400244144,-0.2047150731086731,-0.34332239627838135,0.21796289799135593,-0.2220316231250763,-0.35884326696395874,0.2341024052850571,-0.2200225293636322,-0.37705159187316895,0.24542549965303806,-0.18449145555496216,-0.19452214241027832,0.15000004289072422,-0.2576799690723419,-0.2561388611793518,0.1820103597394791,-0.26382553577423096,-0.2519811987876892,0.17728992519300846,-0.2536878287792206,-0.24255096912384033,0.17766120252531437,-0.2104949951171875,-0.108303964138031,0.1378497105590668,-0.2703625559806824,-0.16638636589050293,0.1527055126182404,-0.280020534992218,-0.17515349388122559,0.15356031773012546,-0.2628781795501709,-0.1706709861755371,0.157184801673111
WATER,0.0,0.0,0.0,-0.033121347427368164,-0.17188572883605957,-0.03731533725829195,-0.12095779180526733,-0.2562093734741211,-0.019603383066964852,-0.20096665620803833,-0.26996850967407227,-0.004589424273831355,-0.26359957456588745,-0.2970186471939087,0.014906340007769359,-0.08017951250076294,-0.3616233468055725,0.12796645398168494,-0.11318057775497437,-0.44533002376556396,0.18611626858739783,-0.14010167121887207,-0.5050057768821716,0.21854933137922217,-0.15863460302352905,-0.5370731353759766,0.23714332814245154,-0.13557076454162598,-0.2912597060203552,0.14318444366483618,-0.1840522289276123,-0.37189221382141113,0.2093244844201081,-0.19442123174667358,-0.3763454556465149,0.23024483556775976,-0.18894457817077637,-0.38355445861816406,0.24595687325029303,-0.1722918152809143,-0.21541714668273926,0.14244720871477057,-0.23373132944107056,-0.28204071521759033,0.16765073473482062,-0.22926032543182373,-0.26248830556869507,0.157346969199466,-0.22004181146621704,-0.2405381202697754,0.15760364170103003,-0.20013344287872314,-0.12877899408340454,0.13544759686021735,-0.25440508127212524,-0.19952309131622314,0.14284062917261053,-0.256809264421463,-0.19849669933319092,0.13823821182279517,-0.2423330545425415,-0.17917698621749878,0.14013986821203162
WATER,0.0,0.0,0.0,0.008212149143218994,-0.1545814871788025,-0.06117465002489553,-0.06451410055160522,-0.2742529511451721,-0.05137091157985196,-0.16936731338500977,-0.2982415556907654,-0.03401542110395894,-0.2494269609451294,-0.28642141819000244,-0.007449805084888794,-0.007536590099334717,-0.38163602352142334,0.06505700917887225,-0.02904367446899414,-0.5193879008293152,0.09629750223803057,-0.049826741218566895,-0.602572500705719,0.1181518954222156,-0.06374216079711914,-0.6642836034297943,0.13305579097914233,-0.07916146516799927,-0.34761011600494385,0.09001988889622226,-0.10753291845321655,-0.47507286071777344,0.14177018376039996,-0.1215243935585022,-0.5421631932258606,0.17479030759977832,-0.12710130214691162,-0.6046626269817352,0.1994911578481151,-0.13625764846801758,-0.2953717112541199,0.09694445850300326,-0.18582510948181152,-0.4111137390136719,0.11365973176407351,-0.1956765055656433,-0.4748673439025879,0.11414106907295718,-0.20804399251937866,-0.5325430631637573,0.12034254493164553,-0.18615251779556274,-0.2215697169303894,0.09461698653149142,-0.24227285385131836,-0.3148433566093445,0.09351444216417804,-0.23270779848098755,-0.2928183078765869,0.09936205269741549,-0.21008872985839844,-0.24022310972213745,0.11002981634783282
WATER,0.0,0.0,0.0,0.013547778129577637,-0.1663888692855835,-0.07465902537546754,-0.05236494541168213,-0.27104270458221436,-0.057594398115497825,-0.14566898345947266,-0.29140394926071167,-0.02973583534799218,-0.2227104902267456,-0.29165714979171753,0.009649707856851819,0.00510406494140625,-0.3856390714645386,0.0734938028410852,-0.013570547103881836,-0.5183239579200745,0.10921140938557983,-0.03274416923522949,-0.5998900532722473,0.1331634464816034,-0.04457753896713257,-0.660435825586319,0.15110368459977508,-0.06452864408493042,-0.34834086894989014,0.10532839029588104,-0.08868783712387085,-0.4739583134651184,0.17225585311211944,-0.1030769944190979,-0.5381152927875519,0.2095007243708551,-0.10619789361953735,-0.5925968587398529,0.2358194383934915,-0.12299919128417969,-0.29411864280700684,0.11500074147738815,-0.17582625150680542,-0.39650142192840576,0.13858448892392516,-0.1914130449295044,-0.4454966187477112,0.13278501659192443,-0.20617157220840454,-0.4926242232322693,0.13467761307515502,-0.17326021194458008,-0.22230058908462524,0.11340771793879867,-0.22545355558395386,-0.3077283501625061,0.11338619321145416,-0.21648985147476196,-0.3004159927368164,0.11103734552420974,-0.19645226001739502,-0.25711286067962646,0.11596618026055694
WATER,0.0,0.0,0.0,-0.006010949611663818,-0.16441529989242554,-0.02513942663540547,-0.06605273485183716,-0.2602936029434204,-0.0030781319921970862,-0.1328805685043335,-0.3001639246940613,0.013975788084962915,-0.17556488513946533,-0.3603487014770508,0.03591023962030704,-0.027172565460205078,-0.3266945481300354,0.11995654012093837,-0.04947173595428467,-0.43464934825897217,0.1722575222981959,-0.07025545835494995,-0.5058738887310028,0.20314651186595256,-0.08528846502304077,-0.5551357865333557,0.22390213067660625,-0.07871371507644653,-0.27560263872146606,0.1346666460765391,-0.11108827590942383,-0.36555397510528564,0.19909963960776622,-0.12634170055389404,-0.42552459239959717,0.2296473031772166,-0.12587612867355347,-0.47909075021743774,0.25268047506938274,-0.1207926869392395,-0.22118598222732544,0.13485451991687114,-0.17118269205093384,-0.29729658365249634,0.17770221288333232,-0.18601936101913452,-0.3382810950279236,0.19168312306533153,-0.18970084190368652,-0.3696746230125427,0.20423913951049144,-0.1619468331336975,-0.15386587381362915,0.12744913454184825,-0.20472335815429688,-0.22047269344329834,0.15707949752936656,-0.2141832411289215,-0.2413838505744934,0.17366724665293987,-0.20580646395683289,-0.24391943216323853,0.18924383278022106
WATER,0.0,0.0,0.0,-0.02105051279067993,-0.13622915744781494,-0.006631393104726158,-0.08817148208618164,-0.2153620719909668,0.011042978029763617,-0.15300852060317993,-0.24254494905471802,0.02235314750305406,-0.20051318407058716,-0.289611279964447,0.036816916775023856,-0.061420440673828125,-0.25485748052597046,0.10841667966178647,-0.09754663705825806,-0.3501693606376648,0.15868982986739866,-0.12388300895690918,-0.41395825147628784,0.19030510203174344,-0.14093518257141113,-0.45609569549560547,0.21238206641010038,-0.10171657800674438,-0.20942580699920654,0.11636939958862058,-0.14496010541915894,-0.28760606050491333,0.18000592605403654,-0.16438984870910645,-0.3408670425415039,0.21152670995525114,-0.17230147123336792,-0.38506555557250977,0.2349868448191046,-0.14044564962387085,-0.16394394636154175,0.11418842093280546,-0.1914461851119995,-0.229505717754364,0.1627243341617941,-0.2070031762123108,-0.2756032943725586,0.182206455033338,-0.2142077088356018,-0.3071502447128296,0.19605940894416563,-0.17955714464187622,-0.1122235655784607,0.10710564569762937,-0.22737503051757812,-0.1668415069580078,0.14668803231052152,-0.23680642247200012,-0.19664764404296875,0.16855547146133176,-0.23339158296585083,-0.21125423908233643,0.18571684078506223
WATER,0.0,0.0,0.0,-0.06973612308502197,-0.001069188117980957,-0.05296386510224238,-0.1448844075202942,-0.062252044677734375,-0.07861393049449816,-0.2028527855873108,-0.12159037590026855,-0.09854358539075747,-0.25028014183044434,-0.1627153754234314,-0.11848978057594195,-0.08175188302993774,-0.21480345726013184,-0.051358436346959024,-0.0908157229423523,-0.3563454747200012,-0.07802219048232928,-0.10098069906234741,-0.4561837911605835,-0.09870006248445407,-0.10755568742752075,-0.5397845506668091,-0.11400833830327883,-0.03918808698654175,-0.2465963363647461,-0.04408957913608447,-0.05217474699020386,-0.38712894916534424,-0.06917820230216876,-0.06590557098388672,-0.489929735660553,-0.08955872163267031,-0.07591080665588379,-0.5731109380722046,-0.10383875027389422,0.0020028352737426758,-0.2511327862739563,-0.04259646043271914,-0.014845013618469238,-0.3758230209350586,-0.0689099888512601,-0.03851759433746338,-0.47546160221099854,-0.08951458439321414,-0.05822765827178955,-0.5522778332233429,-0.1017354960748662,0.03866487741470337,-0.23891329765319824,-0.045379703045796305,0.01849311590194702,-0.3389763832092285,-0.07198197499008074,-0.006556332111358643,-0.41442108154296875,-0.08684223249645129,-0.03345918655395508,-0.47422850131988525,-0.09480232849807635
WATER,0.0,0.0,0.0,-0.08076763153076172,0.0046280622482299805,-0.052939606706218,-0.16196268796920776,-0.05443835258483887,-0.07929486955197262,-0.2287154197692871,-0.11346292495727539,-0.09956133539469647,-0.2816532850265503,-0.1498611569404602,-0.11886413569243359,-0.11906778812408447,-0.19863873720169067,-0.04436941991241383,-0.1560148000717163,-0.3087505102157593,-0.07069113279374051,-0.17579138278961182,-0.38589125871658325,-0.09192393148930478,-0.18492227792739868,-0.4523860216140747,-0.10771075064928937,-0.06322836875915527,-0.25020724534988403,-0.038062857339696166,-0.08795338869094849,-0.38191699981689453,-0.06063405970724034,-0.10299670696258545,-0.47647881507873535,-0.08107086444886136,-0.11208850145339966,-0.553394079208374,-0.09627081627638745,-0.011794090270996094,-0.2683604955673218,-0.0380419435599606,-0.030000686645507812,-0.4017975330352783,-0.06436410720141339,-0.05054068565368652,-0.499584436416626,-0.08716946269066739,-0.06836891174316406,-0.5776883661746979,-0.10145688230784344,0.032549500465393066,-0.2650018334388733,-0.04164030576737332,0.009209215641021729,-0.37204813957214355,-0.0671905967095654,-0.016403913497924805,-0.4523404836654663,-0.08195419038327145,-0.04327338933944702,-0.5172264575958252,-0.09101813460381436
WATER,0.0,0.0,0.0,-0.0664251446723938,-0.009376883506774902,-0.05062748897717029,-0.14089298248291016,-0.07055163383483887,-0.07588934559271365,-0.203679621219635,-0.12576234340667725,-0.0952068682377103,-0.2559070587158203,-0.15597575902938843,-0.11403177339479953,-0.09429848194122314,-0.21456515789031982,-0.038029086178994476,-0.13173657655715942,-0.31782567501068115,-0.05964924801037341,-0.15608620643615723,-0.393524169921875,-0.077386770731664,-0.16996973752975464,-0.45898139476776123,-0.09061320532009631,-0.04929625988006592,-0.2563379406929016,-0.03017767738447219,-0.06776529550552368,-0.39048516750335693,-0.049270358270860015,-0.08054608106613159,-0.48226404190063477,-0.06574993241474658,-0.09050136804580688,-0.5659317076206207,-0.07741674441740543,-0.008604109287261963,-0.2683250308036804,-0.028515838420844375,-0.025769948959350586,-0.39629292488098145,-0.050451435482955276,-0.04267650842666626,-0.4927722215652466,-0.06686878610298663,-0.057601332664489746,-0.5725160837173462,-0.07675476778194934,0.02419579029083252,-0.26192355155944824,-0.030742118469333946,0.0045146942138671875,-0.3623659610748291,-0.048942245877242385,-0.012977540493011475,-0.436018705368042,-0.056980040258622466,-0.030020415782928467,-0.4968348741531372,-0.06184926289961368
WATER,0.0,0.0,0.0,0.03619593381881714,-0.16477680206298828,-0.021013219259771176,-0.004854023456573486,-0.29516059160232544,0.008332002557722262,-0.050582945346832275,-0.35961228609085083,0.03857799584409349,-0.08203130960464478,-0.4073362946510315,0.07460826600333803,-0.0098189115524292,-0.309320330619812,0.10220381582519167,-0.030927002429962158,-0.44251638650894165,0.14575587178012483,-0.04734247922897339,-0.5276901423931122,0.16997660661479586,-0.06039786338806152,-0.5906542539596558,0.18748554552337282,-0.07334768772125244,-0.26381272077560425,0.12436245346805208,-0.09762704372406006,-0.3793562650680542,0.18719236517688387,-0.10855430364608765,-0.45243215560913086,0.21318361128112429,-0.10866957902908325,-0.5143766701221466,0.2322267588450586,-0.1299581527709961,-0.2074863314628601,0.1349941786601221,-0.16604572534561157,-0.29753535985946655,0.18374034727355593,-0.18212318420410156,-0.35028284788131714,0.19391785527011507,-0.18726426362991333,-0.40138673782348633,0.20065577293178194,-0.18510514497756958,-0.13402599096298218,0.13958716357490175,-0.22534257173538208,-0.18816208839416504,0.1785778548791086,-0.22940176725387573,-0.1873604655265808,0.19717198575278871,-0.22038865089416504,-0.1795048713684082,0.21208342874786013
WATER,0.0,0.0,0.0,0.034469008445739746,-0.11944270133972168,-0.0024707441568807553,0.013534724712371826,-0.2403433918952942,-0.0014174815385104012,-0.018201231956481934,-0.31330204010009766,-0.0029833373498604487,-0.04034930467605591,-0.3698146343231201,-0.007405863923622746,-0.01889723539352417,-0.26809948682785034,-0.022984806762679,-0.04179215431213379,-0.38918960094451904,-0.041734889464123626,-0.06078106164932251,-0.4663078784942627,-0.05355414034579553,-0.07566976547241211,-0.532282143831253,-0.06340202348087587,-0.06991273164749146,-0.23016899824142456,-0.03999580846880235,-0.10022813081741333,-0.34326040744781494,-0.056575395481331725,-0.11556458473205566,-0.416416198015213,-0.07047360049341478,-0.12357455492019653,-0.4805373549461365,-0.08177735315416612,-0.11565941572189331,-0.1664057970046997,-0.056938458548529525,-0.15927106142044067,-0.25748783349990845,-0.07936951176975526,-0.17750442028045654,-0.3170141577720642,-0.09409630702589311,-0.18648481369018555,-0.3757230043411255,-0.10509218679521837,-0.15350466966629028,-0.08570432662963867,-0.07303857462261476,-0.20316839218139648,-0.1248631477355957,-0.09601636634920396,-0.2183912992477417,-0.1433018445968628,-0.10171427981708803,-0.22661304473876953,-0.15879851579666138,-0.10491718755815782
WATER,0.0,0.0,0.0,0.02571815252304077,-0.10376155376434326,-0.01656503667521747,0.0030189156532287598,-0.21650797128677368,-0.011035670241597018,-0.030098557472229004,-0.29822051525115967,-0.004554432997736058,-0.055891573429107666,-0.35517388582229614,0.0008986307012150974,-0.037313759326934814,-0.259677529335022,-0.004933843570086083,-0.05457258224487305,-0.38640064001083374,-0.010874875536444506,-0.07074916362762451,-0.46097230911254883,-0.01772940409767898,-0.08272695541381836,-0.5211062133312225,-0.023305759480479082,-0.08796203136444092,-0.21467065811157227,-0.006831852900120339,-0.11663198471069336,-0.3178211450576782,-0.006057585304859003,-0.13137149810791016,-0.38501107692718506,-0.014518285816791376,-0.1365794539451599,-0.44261372089385986,-0.02280788933325084,-0.12669068574905396,-0.1468675136566162,-0.011836383207025847,-0.16113567352294922,-0.23304641246795654,-0.017924868216994128,-0.17951101064682007,-0.2952592372894287,-0.0328789080439833,-0.18683332204818726,-0.3492138981819153,-0.04579662037480148,-0.15593063831329346,-0.0651707649230957,-0.01816851896631988,-0.19904720783233643,-0.09468340873718262,-0.031868352270009837,-0.21455413103103638,-0.1098366379737854,-0.038926492160442194,-0.21757864952087402,-0.12359464168548584,-0.04310513911235603
WATER,0.0,0.0,0.0,-0.08139175176620483,0.008939862251281738,-0.05068330931504761,-0.16054481267929077,-0.03495359420776367,-0.06991772445877587,-0.21642524003982544,-0.0910269021987915,-0.08202400150736366,-0.25375205278396606,-0.11903601884841919,-0.09347152057131325,-0.10693490505218506,-0.17288422584533691,-0.02596535439630543,-0.1463451385498047,-0.2789691686630249,-0.03332277107080017,-0.17048639059066772,-0.3507569432258606,-0.042255015103421556,-0.1880210041999817,-0.41420871019363403,-0.05144483688314949,-0.0624692440032959,-0.22642874717712402,-0.011802953658900606,-0.08609771728515625,-0.3452259302139282,-0.020052948026261674,-0.10584765672683716,-0.42542415857315063,-0.03368046226938759,-0.12244051694869995,-0.49638476967811584,-0.044932038514218675,-0.021048665046691895,-0.25390195846557617,-0.00348086607669984,-0.04573976993560791,-0.36778658628463745,-0.018479046402774202,-0.07280313968658447,-0.45217305421829224,-0.03589727449258362,-0.0954926609992981,-0.5184243321418762,-0.04726575779756104,0.0170443058013916,-0.2643701434135437,0.001509661911711646,-0.004808306694030762,-0.36000925302505493,-0.01177478580763136,-0.02688300609588623,-0.4220621585845947,-0.0198346646412233,-0.048223257064819336,-0.47107017040252686,-0.025425973339281427
WATER,0.0,0.0,0.0,0.024457275867462158,-0.10842633247375488,-0.006436409217485561,-0.005537211894989014,-0.2241947054862976,0.000793314982956872,-0.04192459583282471,-0.31038326025009155,0.00768810252361618,-0.06202930212020874,-0.3705424666404724,0.012538444462052212,-0.02196049690246582,-0.25047004222869873,-0.0049855367030886555,-0.04406231641769409,-0.38002532720565796,-0.011461972047754898,-0.06353902816772461,-0.4573599696159363,-0.017502554481097832,-0.0789143443107605,-0.5194254815578461,-0.022634240587422028,-0.06989520788192749,-0.2067466378211975,-0.011315539268025532,-0.10348093509674072,-0.31294316053390503,-0.010528683451184406,-0.12263411283493042,-0.38273048400878906,-0.01782544029242672,-0.1336877942085266,-0.44467300176620483,-0.02602692020423092,-0.11049634218215942,-0.14221805334091187,-0.01896422800905384,-0.15778487920761108,-0.2252117395401001,-0.023788128768273964,-0.18167132139205933,-0.2857980728149414,-0.035957080100843086,-0.19155722856521606,-0.3432334065437317,-0.04772088748700298,-0.1442936658859253,-0.06386220455169678,-0.026756548111507072,-0.20824354887008667,-0.0922192931175232,-0.03936247227079548,-0.22443610429763794,-0.09974956512451172,-0.04358588976151623,-0.22292226552963257,-0.10793530941009521,-0.046101053034135475
WATER,0.0,0.0,0.0,0.026457548141479492,-0.10331648588180542,-0.01811605053939047,0.0026633739471435547,-0.21581709384918213,-0.017621928034202483,-0.030575037002563477,-0.2966512441635132,-0.01585262189604464,-0.05705273151397705,-0.35025882720947266,-0.015640973253027823,-0.025275051593780518,-0.254751980304718,-0.020551399467365172,-0.043824851512908936,-0.37895697355270386,-0.033968859491722014,-0.06056326627731323,-0.453874409198761,-0.04416953879393759,-0.07453703880310059,-0.5125815570354462,-0.05217279600896063,-0.0764317512512207,-0.2143496870994568,-0.025239252624885467,-0.11071717739105225,-0.3179914951324463,-0.03190898257292929,-0.12676668167114258,-0.38766562938690186,-0.04154265779055777,-0.13611775636672974,-0.4429481029510498,-0.05077063399352255,-0.11715883016586304,-0.14895963668823242,-0.032465697405712035,-0.16373765468597412,-0.23293542861938477,-0.047238939581291106,-0.18377810716629028,-0.2949789762496948,-0.06275401371516409,-0.1922401785850525,-0.3480297923088074,-0.07556544351376715,-0.14857280254364014,-0.07000517845153809,-0.04051489117540541,-0.20909690856933594,-0.09702897071838379,-0.0628753538707656,-0.22368645668029785,-0.10349279642105103,-0.07106185811556998,-0.2226817011833191,-0.10554349422454834,-0.07548703360356512
WATER,0.0,0.0,0.0,0.033875465393066406,-0.10475510358810425,-0.016247060555258486,0.0339733362197876,-0.21657389402389526,-0.018112842398920748,0.026279330253601074,-0.2976977229118347,-0.01816481392387459,0.02158975601196289,-0.35960978269577026,-0.020505307647624704,-0.0068721771240234375,-0.25195789337158203,-0.02354503463510582,-0.025609910488128662,-0.37495923042297363,-0.03249240520898411,-0.04239213466644287,-0.44356369972229004,-0.03877336386148045,-0.05532646179199219,-0.4967082142829895,-0.04422309476439068,-0.052121877670288086,-0.203965425491333,-0.025419112700262758,-0.08414697647094727,-0.30014681816101074,-0.02864331606332371,-0.10232937335968018,-0.36281144618988037,-0.038147831741014215,-0.11102205514907837,-0.41536223888397217,-0.048516830834785196,-0.08775216341018677,-0.13778942823410034,-0.028837092626133654,-0.12606674432754517,-0.21155083179473877,-0.035689911279121134,-0.15318846702575684,-0.2704368829727173,-0.051805684748330805,-0.1703600287437439,-0.32158899307250977,-0.06715601909462521,-0.11607027053833008,-0.0638570785522461,-0.0329397790462167,-0.16312962770462036,-0.08281326293945312,-0.04837709147039959,-0.19658958911895752,-0.10527777671813965,-0.060460688951650354,-0.22095781564712524,-0.12990093231201172,-0.06955826509300778
WATER,0.0,0.0,0.0,0.02110081911087036,-0.1018517017364502,-0.006442401381491436,0.009979069232940674,-0.2084563970565796,-0.011978412336020483,-0.008670449256896973,-0.2902238368988037,-0.015626716716496958,-0.026838600635528564,-0.3521331548690796,-0.021974324537723078,-0.03253406286239624,-0.2465035319328308,-0.043695894358961596,-0.06592410802841187,-0.36903107166290283,-0.05790620791754009,-0.09224092960357666,-0.44072872400283813,-0.06511258828481914,-0.11330574750900269,-0.4955967664718628,-0.07151117670377971,-0.07182633876800537,-0.20690542459487915,-0.05183823528727771,-0.10743224620819092,-0.30870717763900757,-0.06423316645464183,-0.13216543197631836,-0.36886781454086304,-0.07397016632398845,-0.14912909269332886,-0.4185161590576172,-0.08410871523460628,-0.10690230131149292,-0.15042269229888916,-0.05848810943803073,-0.1497700810432434,-0.22146600484848022,-0.07171220826944591,-0.1821187138557434,-0.2797091603279114,-0.08794014650425197,-0.20613545179367065,-0.32951146364212036,-0.10348327952465297,-0.13470059633255005,-0.0836937427520752,-0.06409387785038234,-0.1964167356491089,-0.10268694162368774,-0.08243240165552379,-0.23795735836029053,-0.12054908275604248,-0.0955069859608102,-0.2713584899902344,-0.14158499240875244,-0.10579012083849193
WATER,0.0,0.0,0.0,0.015906453132629395,-0.11091649532318115,-0.005632110373483101,0.0036342740058898926,-0.20750528573989868,0.00549355478455027,-0.01850217580795288,-0.2695308327674866,0.015322414724721511,-0.045060157775878906,-0.315291166305542,0.026319538741006454,-0.029158830642700195,-0.2684764266014099,0.043745265840186676,-0.05599534511566162,-0.3587174415588379,0.058349551199569305,-0.07427293062210083,-0.4087342619895935,0.05985797712077101,-0.09122073650360107,-0.44917625188827515,0.05947709599007567,-0.057882606983184814,-0.2343653440475464,0.04533097663392027,-0.07328605651855469,-0.32419687509536743,0.06532696777452429,-0.08581453561782837,-0.3790627717971802,0.06308209293950995,-0.09555047750473022,-0.4258657693862915,0.05882128471006354,-0.08713334798812866,-0.18771207332611084,0.04234682911504706,-0.10496753454208374,-0.2613455057144165,0.05692596503962477,-0.11762601137161255,-0.30965882539749146,0.05096380182970961,-0.12640100717544556,-0.35291147232055664,0.044001204459561905,-0.11836689710617065,-0.13168883323669434,0.03743228086699446,-0.14224785566329956,-0.18644416332244873,0.04774572098125418,-0.15781474113464355,-0.222281813621521,0.050062717436446746,-0.1679978370666504,-0.259605348110199,0.050265201865329345
WATER,0.0,0.0,0.0,-0.014596998691558838,-0.227827787399292,-0.07268213503914467,-0.08979380130767822,-0.35561537742614746,-0.06041241087871185,-0.18316084146499634,-0.41662999987602234,-0.0423332976635038,-0.2670777440071106,-0.44209885597229004,-0.014424276770228062,-0.0414578914642334,-0.42283695936203003,0.09040469653052696,-0.06545209884643555,-0.5534346997737885,0.12707142508668312,-0.09125864505767822,-0.6489651799201965,0.14339071489018806,-0.1091650128364563,-0.7142484784126282,0.152216285235113,-0.10996615886688232,-0.3764979839324951,0.12110473192376503,-0.15830904245376587,-0.5095692276954651,0.17792497552079567,-0.18777680397033691,-0.5801564455032349,0.1917270568673075,-0.2129231095314026,-0.6632426977157593,0.19765990949315437,-0.16024887561798096,-0.32374483346939087,0.13133053458375343,-0.21179890632629395,-0.4295040965080261,0.14686369872731575,-0.2209089994430542,-0.4772531986236572,0.12025646842164406,-0.23790466785430908,-0.516749382019043,0.1052799818579615,-0.19783246517181396,-0.25536537170410156,0.13184460974377998,-0.24116694927215576,-0.363631933927536,0.12816156423730263,-0.25351232290267944,-0.3951125144958496,0.10954113281411537,-0.26195913553237915,-0.3951132893562317,0.09802190936250099
WATER,0.0,0.0,0.0,-0.006955981254577637,-0.19279217720031738,-0.06919562642485744,-0.08393973112106323,-0.30017632246017456,-0.059500219421693146,-0.18799781799316406,-0.33590227365493774,-0.045865720259257614,-0.2687322497367859,-0.36014944314956665,-0.02380975347966796,-0.01635158061981201,-0.41411203145980835,0.09614810521691197,-0.036927223205566406,-0.54425910115242,0.1368119510540282,-0.055525124073028564,-0.6272281408309937,0.15798226918070668,-0.07010352611541748,-0.6884501576423645,0.16949977899878377,-0.09045618772506714,-0.3611968159675598,0.12648230220167989,-0.1290874481201172,-0.47042664885520935,0.18516308988421315,-0.15508157014846802,-0.5285058617591858,0.20840437139361256,-0.16997700929641724,-0.5891303718090057,0.222900638235501,-0.14340519905090332,-0.29658931493759155,0.1357574405798232,-0.19881635904312134,-0.40845412015914917,0.16246847237437123,-0.21882283687591553,-0.4638047218322754,0.15639736677496785,-0.23970472812652588,-0.5091443657875061,0.15440648223250264,-0.18873143196105957,-0.21784573793411255,0.13411159242480153,-0.24216681718826294,-0.30807560682296753,0.13987737323134297,-0.255329966545105,-0.3273428678512573,0.13450471485941762,-0.25553643703460693,-0.3288123607635498,0.13363733316748494
WATER,0.0,0.0,0.0,0.007547736167907715,-0.1895480751991272,-0.05818395434766899,-0.06522810459136963,-0.3075854778289795,-0.04238850369006286,-0.16492336988449097,-0.3388340473175049,-0.024097035889326435,-0.24560916423797607,-0.364540696144104,0.0029849977988760656,-0.019854247570037842,-0.4070315957069397,0.10004139945954194,-0.043279945850372314,-0.516583651304245,0.1370297695800673,-0.06582623720169067,-0.589709609746933,0.16019606844633927,-0.07908785343170166,-0.6430072784423828,0.17514334873408188,-0.09188610315322876,-0.3572395443916321,0.12189144895523896,-0.132540762424469,-0.4609091579914093,0.17587852732390274,-0.15441405773162842,-0.5174267292022705,0.20485760525912156,-0.16620755195617676,-0.5749122500419617,0.22676493481844773,-0.1442670226097107,-0.29039430618286133,0.12202235565632691,-0.2146654725074768,-0.3878832459449768,0.13281169788092484,-0.23792773485183716,-0.430841326713562,0.12617431835383286,-0.25784868001937866,-0.47094762325286865,0.1305190797254454,-0.18703573942184448,-0.20891892910003662,0.1128315056964766,-0.24237579107284546,-0.3037642240524292,0.10278853283375611,-0.26634007692337036,-0.33636772632598877,0.0915997426316153,-0.2791147232055664,-0.3506680727005005,0.09042610482424607
WATER,0.0,0.0,0.0,-0.04659092426300049,-0.10325884819030762,-0.058200041696750304,-0.11137443780899048,-0.20637637376785278,-0.06890702520342984,-0.1730787754058838,-0.27933597564697266,-0.07147562031479993,-0.24013179540634155,-0.2917642593383789,-0.07166514818402447,-0.07907909154891968,-0.2847253084182739,0.01975121821431003,-0.10942065715789795,-0.40482980012893677,0.041425899669206956,-0.12805455923080444,-0.47297608852386475,0.04653034086493335,-0.14389115571975708,-0.5259919166564941,0.04667930032280765,-0.0696609616279602,-0.27892881631851196,0.05022337759999118,-0.08925223350524902,-0.405802845954895,0.07945447142390094,-0.10767006874084473,-0.47316932678222656,0.0771611529138454,-0.12476378679275513,-0.538296103477478,0.07157993043927036,-0.05760830640792847,-0.26285088062286377,0.07287143643168292,-0.08111065626144409,-0.37720590829849243,0.09555393929747424,-0.1066468358039856,-0.4423009157180786,0.08749783511427722,-0.1267344355583191,-0.49161583185195923,0.07687595213917575,-0.04384344816207886,-0.23500967025756836,0.08946480329302631,-0.06628537178039551,-0.3202212452888489,0.10924569989708743,-0.08707892894744873,-0.3568178415298462,0.11398724938896976,-0.10396873950958252,-0.38253331184387207,0.11331812764672122
WATER,0.0,0.0,0.0,0.032398521900177,-0.10682505369186401,-0.006576294409626371,0.011676311492919922,-0.22419285774230957,-0.013285201373093969,-0.02463662624359131,-0.3022589683532715,-0.01825519032269085,-0.06213569641113281,-0.3534143567085266,-0.02573093339293564,-0.009271800518035889,-0.2332555055618286,-0.04860639325767124,-0.04492318630218506,-0.37324076890945435,-0.06681262082844341,-0.07146960496902466,-0.4633806347846985,-0.07254093266516293,-0.09274989366531372,-0.528122067451477,-0.07587876297026241,-0.06361198425292969,-0.2038460373878479,-0.055388023475700265,-0.10282915830612183,-0.31930774450302124,-0.07059122748165692,-0.12313908338546753,-0.3924269676208496,-0.07476116843014324,-0.13680118322372437,-0.45209991931915283,-0.07816455639391506,-0.1163337230682373,-0.16004568338394165,-0.06054582572966183,-0.15884536504745483,-0.26170289516448975,-0.07444352782755459,-0.17734485864639282,-0.33764636516571045,-0.07835427052765453,-0.18881452083587646,-0.40211716294288635,-0.08271403736858929,-0.16506236791610718,-0.10712575912475586,-0.06451770044355953,-0.22015970945358276,-0.17560648918151855,-0.08004015065222347,-0.24177372455596924,-0.22711706161499023,-0.08248217530041302,-0.25428807735443115,-0.2723082900047302,-0.08309250451117123
WATER,0.0,0.0,0.0,-0.06310194730758667,-0.009457886219024658,-0.03744835091384857,-0.1280626654624939,-0.05400198698043823,-0.06729033646735161,-0.18166804313659668,-0.09379047155380249,-0.09331891743096321,-0.21721500158309937,-0.11632561683654785,-0.12089550552519768,-0.1090853214263916,-0.15912479162216187,-0.07101151404532402,-0.1290137767791748,-0.2687593102455139,-0.106956415452089,-0.1415727138519287,-0.35178226232528687,-0.1306276774183175,-0.15039712190628052,-0.42020946741104126,-0.14707967696341484,-0.061774492263793945,-0.19464772939682007,-0.07549791095408409,-0.08041220903396606,-0.3251737952232361,-0.10824111161383598,-0.09111779928207397,-0.42601287364959717,-0.12861502227934807,-0.09925979375839233,-0.5104348957538605,-0.14307269511374443,-0.015718936920166016,-0.2088388204574585,-0.08231598941239326,-0.03356069326400757,-0.329507052898407,-0.11330840048941582,-0.04063063859939575,-0.4264010190963745,-0.13209377286585777,-0.04768097400665283,-0.5068000555038452,-0.1437991267219445,0.027929842472076416,-0.205186128616333,-0.09120779541882484,0.014570236206054688,-0.2990502715110779,-0.11732584295424431,0.0036708712577819824,-0.3724220395088196,-0.1276134258285424,-0.008354902267456055,-0.43405675888061523,-0.13331483361872642
WATER,0.0,0.0,0.0,0.004323005676269531,-0.18353784084320068,-0.06035626984009923,-0.0472722053527832,-0.29882073402404785,-0.04161266169319333,-0.11077308654785156,-0.343563973903656,-0.016358603972889796,-0.15120679140090942,-0.3854532241821289,0.018162830483220205,0.04728806018829346,-0.3757157325744629,0.10165957802166758,0.04087042808532715,-0.5079619884490967,0.16403849118580638,0.036627769470214844,-0.586342066526413,0.20089606636395274,0.028422057628631592,-0.6452453434467316,0.22443385117878734,-0.006979048252105713,-0.3521807789802551,0.14346056872238933,0.0025809407234191895,-0.47759315371513367,0.21992174976696788,0.004722893238067627,-0.5476700067520142,0.25209766322007,0.01407545804977417,-0.6147637963294983,0.27606498890747844,-0.05518144369125366,-0.3145308494567871,0.16836410456528483,-0.05792665481567383,-0.41815465688705444,0.22710767083992778,-0.059028029441833496,-0.47827643156051636,0.234366413887642,-0.061573326587677,-0.5421202778816223,0.24024045163025676,-0.11623573303222656,-0.2621365189552307,0.18254887753357707,-0.14122670888900757,-0.3485892415046692,0.227237906988762,-0.14820420742034912,-0.3888089060783386,0.2390607863031846,-0.13887381553649902,-0.41378557682037354,0.24864129417767344
WATER,0.0,0.0,0.0,0.0032858848571777344,-0.17347615957260132,-0.04457431559796987,-0.05464297533035278,-0.2880297899246216,-0.025456839179355484,-0.12463277578353882,-0.3250753879547119,-0.0015750591957157667,-0.1731533408164978,-0.3577820658683777,0.02829189884130301,0.04206806421279907,-0.34137827157974243,0.09569128329519572,0.03253614902496338,-0.4686031937599182,0.15648002649311366,0.031161487102508545,-0.5360011458396912,0.18851767207149805,0.026336371898651123,-0.5891627967357635,0.20671416545872034,-0.0033156871795654297,-0.30959904193878174,0.12744399631981196,-0.002569854259490967,-0.4330648183822632,0.19541243935589137,-0.0015072226524353027,-0.5049352943897247,0.21286542440418543,0.007952690124511719,-0.5644714832305908,0.22140298510555567,-0.049641549587249756,-0.2701658010482788,0.14585266734127345,-0.08043020963668823,-0.3631480932235718,0.1932637962198669,-0.09193503856658936,-0.3961018919944763,0.179967057952922,-0.0926557183265686,-0.4363752007484436,0.1683907332516128,-0.10268145799636841,-0.22579556703567505,0.15790800477032008,-0.15204036235809326,-0.3035814166069031,0.19277979160312952,-0.15997320413589478,-0.31952810287475586,0.19422933186058344,-0.14590424299240112,-0.3279067277908325,0.19235056365494074
WATER,0.0,0.0,0.0,0.049580276012420654,-0.17003411054611206,-0.005876629151885027,0.02262580394744873,-0.27387160062789917,0.03429478220220972,-0.012079596519470215,-0.32384318113327026,0.07172357849356104,-0.0348505973815918,-0.3761312961578369,0.11477956734177042,0.02760690450668335,-0.2968730330467224,0.13315634242769647,0.01417762041091919,-0.42261403799057007,0.19342835060831476,0.0070587992668151855,-0.49017441272735596,0.2305664699482577,-0.0007698535919189453,-0.5437209010124207,0.2561036627697604,-0.02984476089477539,-0.2747354507446289,0.1502386312889712,-0.04327148199081421,-0.37510716915130615,0.21795943192717004,-0.044341087341308594,-0.43567973375320435,0.24599025956865717,-0.03568512201309204,-0.4793536067008972,0.2672294359612124,-0.08077287673950195,-0.2475144863128662,0.15536856464620996,-0.13716357946395874,-0.31862539052963257,0.20175577513452936,-0.15463614463806152,-0.32049256563186646,0.2026956658768313,-0.15115416049957275,-0.33189404010772705,0.20586964301344324,-0.13653600215911865,-0.20499378442764282,0.15655030123468805,-0.19616353511810303,-0.269395112991333,0.1908957492518084,-0.20402878522872925,-0.25695914030075073,0.19976492039438654,-0.18448233604431152,-0.22737807035446167,0.20815524272200037
WATER,0.0,0.0,0.0,0.05156296491622925,-0.1509973406791687,-0.0074065377734768845,0.03738725185394287,-0.28228431940078735,0.012016326302273228,0.004028201103210449,-0.3606945872306824,0.030180186146480992,-0.02256864309310913,-0.4141525626182556,0.05127844784556146,0.024667799472808838,-0.29732948541641235,0.06600995931921716,0.012888729572296143,-0.42432981729507446,0.09540741715727563,0.005503416061401367,-0.5007054805755615,0.11048982862530465,-0.0013324618339538574,-0.5583403706550598,0.11931320104895349,-0.028007209300994873,-0.2759712338447571,0.07346355740128274,-0.035839855670928955,-0.39286381006240845,0.10648122999964471,-0.03314095735549927,-0.459698885679245,0.11364020977316613,-0.028700411319732666,-0.5198095738887787,0.11757854942379709,-0.0838668942451477,-0.24229967594146729,0.07504509959517236,-0.11160951852798462,-0.3397931456565857,0.09703657601176019,-0.11251986026763916,-0.39330512285232544,0.09154829953013177,-0.10208821296691895,-0.4383491277694702,0.08586185250578637,-0.14349108934402466,-0.19625860452651978,0.07494260940848108,-0.19932448863983154,-0.26344943046569824,0.09279598120747323,-0.20777177810668945,-0.2760741114616394,0.09917780582009073,-0.19894230365753174,-0.27789098024368286,0.10304626647530313
WATER,0.0,0.0,0.0,0.05113959312438965,-0.16769129037857056,0.008575646305303053,0.010141849517822266,-0.2922772765159607,0.05044047264925666,-0.05485808849334717,-0.34278595447540283,0.08457190646402069,-0.11420255899429321,-0.35949432849884033,0.12247071518174835,0.04160195589065552,-0.3170078992843628,0.14540898157827087,0.026145756244659424,-0.438394695520401,0.20083775474302,0.013528645038604736,-0.5204883813858032,0.23679893566838928,0.006335616111755371,-0.570834219455719,0.2610800351070566,-0.020810723304748535,-0.30387240648269653,0.14952159775964446,-0.02965492010116577,-0.4292144775390625,0.207370975153367,-0.036800265312194824,-0.4957696497440338,0.23252486540548034,-0.035142362117767334,-0.5495024025440216,0.2533207322525186,-0.08171617984771729,-0.2795259952545166,0.14204769684545226,-0.12391811609268188,-0.3850964307785034,0.17175638033620544,-0.14164775609970093,-0.4225377142429352,0.16604933990709014,-0.13995349407196045,-0.44892117381095886,0.1664335663484735,-0.149644672870636,-0.23758620023727417,0.1330080862211389,-0.21236026287078857,-0.3158760070800781,0.14971184088460632,-0.2260444164276123,-0.3166349530220032,0.14950340344182678,-0.21271449327468872,-0.29643112421035767,0.15235930039159484
WATER,0.0,0.0,0.0,0.07022398710250854,-0.12656652927398682,0.009272177767911671,0.07221400737762451,-0.2601574659347534,0.032428183657088994,0.0495227575302124,-0.3536797761917114,0.05275994638816428,0.03251349925994873,-0.41223448514938354,0.07423769782201362,0.051145076751708984,-0.27639150619506836,0.056057457876363515,0.03696262836456299,-0.4207477569580078,0.08245410869733405,0.02991354465484619,-0.5004892349243164,0.09909765521899772,0.024828553199768066,-0.5584871768951416,0.10998560587779593,-0.01137155294418335,-0.26252281665802,0.055720114213386296,-0.024649202823638916,-0.3899073600769043,0.08523969451800895,-0.026183128356933594,-0.45799896121025085,0.09387309203759742,-0.023998796939849854,-0.5112406611442566,0.09943212668315482,-0.07543283700942993,-0.2327830195426941,0.053029724460998295,-0.09811347723007202,-0.335460901260376,0.07444854925290656,-0.10059666633605957,-0.3924812078475952,0.07381941477672171,-0.09394562244415283,-0.43296515941619873,0.07159315894261908,-0.14304417371749878,-0.1901099681854248,0.05099628220216346,-0.19302648305892944,-0.2604410648345947,0.06878639857188773,-0.20165878534317017,-0.2639605402946472,0.07999777893439841,-0.1959855556488037,-0.2510227560997009,0.08855681965962958
WATER,0.0,0.0,0.0,0.05331641435623169,-0.1485886573791504,0.0037933517259602922,0.04753321409225464,-0.2704433798789978,0.028755963455239453,0.024536609649658203,-0.3508415222167969,0.04924063631455056,0.009440779685974121,-0.4040597081184387,0.0721030334488546,0.03606367111206055,-0.27231931686401367,0.09088790663639656,0.021749496459960938,-0.4061199426651001,0.1295746589557325,0.015398204326629639,-0.48030543327331543,0.1517859125987684,0.010571837425231934,-0.5333036780357361,0.16626662262837044,-0.02856731414794922,-0.2500483989715576,0.09565112241665474,-0.04459190368652344,-0.3678310513496399,0.13907793411175362,-0.04243594408035278,-0.4305526614189148,0.15320039042393319,-0.034282028675079346,-0.48380428552627563,0.16330658146301857,-0.09068578481674194,-0.21723967790603638,0.09452264257828347,-0.11999595165252686,-0.3128322958946228,0.12574428566853157,-0.11863762140274048,-0.36523449420928955,0.12815103181759468,-0.10523736476898193,-0.4031646251678467,0.12883697697083107,-0.15249985456466675,-0.17335569858551025,0.09193763383785836,-0.2097487449645996,-0.24456262588500977,0.117202202464739,-0.2154240608215332,-0.23714935779571533,0.1316866750375425,-0.19973987340927124,-0.21250784397125244,0.14301316687027565
WATER,0.0,0.0,0.0,0.06191045045852661,-0.13832753896713257,0.026114725953107154,0.0472833514213562,-0.2516719698905945,0.06759511817074326,0.01084446907043457,-0.3200850486755371,0.10109321165657548,-0.023177623748779297,-0.3545408248901367,0.13743987072086838,0.034322381019592285,-0.25244879722595215,0.12075240302658585,0.019248545169830322,-0.38275009393692017,0.1663077710924199,0.009278416633605957,-0.4594517946243286,0.1931944726762822,0.0026695728302001953,-0.5180293619632721,0.20937689531422166,-0.028624534606933594,-0.24845802783966064,0.11564656484699753,-0.03907060623168945,-0.37063199281692505,0.15470896053886918,-0.03939163684844971,-0.43973779678344727,0.16841384161091355,-0.034697771072387695,-0.49667543172836304,0.18011105943298844,-0.09382164478302002,-0.23141062259674072,0.10517544437027482,-0.11594879627227783,-0.346105694770813,0.12684372950172929,-0.11796832084655762,-0.40108197927474976,0.124681533759599,-0.10732680559158325,-0.44244155287742615,0.12512271988964585,-0.16317033767700195,-0.19085878133773804,0.09587230671024827,-0.2178095579147339,-0.2702104449272156,0.1147616295871785,-0.2243223786354065,-0.25066274404525757,0.12662585962391404,-0.20719730854034424,-0.21418803930282593,0.13653115320778397
WATER,0.0,0.0,0.0,0.05622643232345581,-0.10549551248550415,0.007840653650077911,0.06052279472351074,-0.2045319676399231,0.029854030117007824,0.04852330684661865,-0.2741261124610901,0.04895981284937534,0.030311644077301025,-0.3141317367553711,0.0678791056867567,0.044116079807281494,-0.1868392825126648,0.057625121205660434,0.026763558387756348,-0.3154798150062561,0.08454512315950069,0.01774287223815918,-0.3912574052810669,0.10048651951512966,0.012971282005310059,-0.4448006749153137,0.11063751834592495,-0.016375482082366943,-0.15900981426239014,0.05847225967011127,-0.0338403582572937,-0.26385223865509033,0.09056443977317485,-0.03512084484100342,-0.3245166540145874,0.09946606564483318,-0.028306126594543457,-0.3763342499732971,0.10352441924771938,-0.07404494285583496,-0.12374961376190186,0.05662076804003391,-0.09905898571014404,-0.21728110313415527,0.07989773410520229,-0.10410863161087036,-0.2687186598777771,0.08056639391145382,-0.09664952754974365,-0.31387072801589966,0.07767903315982494,-0.13691526651382446,-0.07814723253250122,0.05482041346988353,-0.18762606382369995,-0.1355912685394287,0.07161909598073635,-0.20155632495880127,-0.13529711961746216,0.08183056372365627,-0.19572919607162476,-0.1304762363433838,0.08834570902547512
WATER,0.0,0.0,0.0,0.04715251922607422,-0.09241801500320435,-0.017918449023511585,0.0574871301651001,-0.19215995073318481,-0.012178481684770759,0.04982137680053711,-0.27144426107406616,-0.0030341580396111567,0.04130834341049194,-0.3279775381088257,0.0053840594945882,0.03425145149230957,-0.13995343446731567,-0.0035838837621327,0.028602004051208496,-0.2391035556793213,0.005077620374265734,0.01943904161453247,-0.2937700152397156,0.010403700975928132,0.01031714677810669,-0.33785200119018555,0.012070483399782006,-0.02137356996536255,-0.10072815418243408,0.00021728484983896124,-0.031194686889648438,-0.18853789567947388,0.010928410908434216,-0.03697347640991211,-0.24693572521209717,0.00982375150755388,-0.03858858346939087,-0.2993263006210327,0.004566188307705943,-0.07225316762924194,-0.059386491775512695,0.001707972364727084,-0.09367763996124268,-0.13185423612594604,0.003289284521940772,-0.10354888439178467,-0.1874029040336609,-0.003175674367469128,-0.10452765226364136,-0.23768973350524902,-0.010949172207858737,-0.11648130416870117,-0.017118990421295166,0.001976791175309245,-0.16719460487365723,-0.07044273614883423,0.0004697675057627748,-0.1799982786178589,-0.08606064319610596,0.0027766030861471336,-0.1736060380935669,-0.0978582501411438,0.0025470022691820304
WATER,0.0,0.0,0.0,0.04267483949661255,-0.09639245271682739,-0.027183701697708784,0.027099430561065674,-0.2122097611427307,-0.028779727820278822,0.001417994499206543,-0.30383431911468506,-0.026176893565775572,-0.021440565586090088,-0.36244267225265503,-0.023480224836589514,0.010590732097625732,-0.215473473072052,-0.01576170832288426,-0.0021611452102661133,-0.33397024869918823,-0.021323721338035284,-0.01188516616821289,-0.4105900526046753,-0.025773420412065207,-0.018654465675354004,-0.4690828323364258,-0.029252139333607374,-0.04499560594558716,-0.18920719623565674,-0.008284314017714678,-0.06418746709823608,-0.28642797470092773,-0.006314600300015627,-0.07325124740600586,-0.3552865982055664,-0.010066264722468077,-0.0746505856513977,-0.4163862466812134,-0.015482172783435999,-0.0982159972190857,-0.14836221933364868,-0.00450143119689983,-0.1277986764907837,-0.23412960767745972,-0.00948235340786141,-0.13864654302597046,-0.29848140478134155,-0.018237763497950255,-0.13734185695648193,-0.34995007514953613,-0.026382512826444326,-0.15001773834228516,-0.09704762697219849,-0.0025450004674212323,-0.20402300357818604,-0.14891064167022705,-0.013406681310357271,-0.22074580192565918,-0.16892939805984497,-0.017475764680625616,-0.22018885612487793,-0.1806797981262207,-0.019792757410527884
WATER,0.0,0.0,0.0,-0.09904235601425171,-0.032241106033325195,0.04868869182372748,-0.17352789640426636,-0.098011314868927,0.08694694262648284,-0.23190119862556458,-0.12932980060577393,0.10740105879212081,-0.27713245153427124,-0.16173243522644043,0.1282998181572026,-0.08632928133010864,-0.23388630151748657,0.15827880871201216,-0.11476510763168335,-0.32754528522491455,0.20697987151051223,-0.1313956379890442,-0.3813355565071106,0.23394978117848098,-0.13978677988052368,-0.4251291751861572,0.25185030770207106,-0.04917627573013306,-0.27242791652679443,0.12854352664852797,-0.06545805931091309,-0.3783947825431824,0.18110232126618087,-0.07941681146621704,-0.4473741054534912,0.20569540631676375,-0.08781462907791138,-0.5038016438484192,0.2245747752180165,-0.017586886882781982,-0.30494552850723267,0.0909755907645291,-0.031337201595306396,-0.42061787843704224,0.12629334700012862,-0.0449184775352478,-0.49570709466934204,0.1434033371200627,-0.05617165565490723,-0.5550068616867065,0.15694777738953292,0.005255222320556641,-0.33255261182785034,0.052760478823429935,-0.008403360843658447,-0.4549141526222229,0.07129400294924437,-0.02032393217086792,-0.5229200720787048,0.08678455722237288,-0.03045898675918579,-0.574769526720047,0.10132651847506224
WATER,0.0,0.0,0.0,-0.11618620157241821,-0.08027338981628418,-0.0025300473880633945,-0.18443289399147034,-0.18208318948745728,0.020492190777076758,-0.23345381021499634,-0.25431394577026367,0.038806179820312536,-0.2677447199821472,-0.2929200530052185,0.06003066366793064,-0.06528103351593018,-0.2989311218261719,0.1009255371081963,-0.0757245421409607,-0.42447930574417114,0.13405756121755985,-0.08482241630554199,-0.5098690390586853,0.1463986433136597,-0.08806467056274414,-0.5730893909931183,0.154303411303772,-0.026227056980133057,-0.32119220495224,0.10221654391170887,-0.010614991188049316,-0.45492783188819885,0.14589793449522404,-0.00433880090713501,-0.5506249070167542,0.1541079974758759,0.0013535618782043457,-0.6291094422340393,0.15986619359136967,0.008447885513305664,-0.3271424174308777,0.09484632527710346,0.015290141105651855,-0.4443468153476715,0.12205760395409015,0.01875096559524536,-0.5424775779247284,0.11644925391556171,0.020603179931640625,-0.6165445446968079,0.11231897240759281,0.027769863605499268,-0.3126823306083679,0.08435166841627506,0.015675842761993408,-0.4124066233634949,0.09565256750465778,0.00442051887512207,-0.4813061058521271,0.09510813122869877,-0.004449427127838135,-0.5362568497657776,0.0969504884469643
WATER,0.0,0.0,0.0,-0.12588661909103394,-0.05313706398010254,0.08314932525971841,-0.1984935700893402,-0.15103209018707275,0.15247576326945733,-0.2551391124725342,-0.19920861721038818,0.19982853920081567,-0.3036341071128845,-0.23013973236083984,0.2480001935444207,-0.10859936475753784,-0.31097859144210815,0.23292971045592736,-0.13477236032485962,-0.3992215394973755,0.3096018621406884,-0.15136218070983887,-0.44889238476753235,0.3548555263958306,-0.16126686334609985,-0.4854457378387451,0.3856257686100335,-0.07095438241958618,-0.3476676940917969,0.19526067764380883,-0.0797431468963623,-0.4699878692626953,0.27972095102885675,-0.0931938886642456,-0.5432544052600861,0.32888017983058404,-0.10193586349487305,-0.5989088714122772,0.36707295865634393,-0.04012417793273926,-0.3752761483192444,0.14785646290400933,-0.045852601528167725,-0.5123366117477417,0.20147043854812097,-0.05467259883880615,-0.5948307514190674,0.23959558100322198,-0.06359899044036865,-0.6552745997905731,0.27017422408679437,-0.01878732442855835,-0.398603230714798,0.10119773090699624,-0.032089948654174805,-0.5395311713218689,0.12330294043639611,-0.04070776700973511,-0.6175494492053986,0.14535983295062493,-0.04932570457458496,-0.6793816983699799,0.16844398171523522
WATER,0.0,0.0,0.0,-0.10416489839553833,-0.05780768394470215,0.027167785439814907,-0.16496306657791138,-0.18657326698303223,0.05956024256738601,-0.2223658561706543,-0.25929367542266846,0.08135236379894195,-0.2643027901649475,-0.2790331244468689,0.10096209076436935,-0.039089083671569824,-0.33825141191482544,0.09605887112411438,-0.04414576292037964,-0.4707418382167816,0.11634371009859024,-0.05782121419906616,-0.566500723361969,0.11688451049121795,-0.06630337238311768,-0.6418481767177582,0.11312703368457733,0.008567333221435547,-0.37110772728919983,0.07112312642129837,0.018805265426635742,-0.5436841547489166,0.09201382425817428,0.0158536434173584,-0.6745352745056152,0.08648353395255981,0.015181779861450195,-0.7730088233947754,0.07875745323690353,0.047636985778808594,-0.3803819417953491,0.040691945228900295,0.060316383838653564,-0.556141197681427,0.05074667510780273,0.05894732475280762,-0.6740713119506836,0.0347291449943441,0.05798625946044922,-0.7698240280151367,0.019433497909631114,0.0741012692451477,-0.37213748693466187,0.010281526010658126,0.08051085472106934,-0.5086632072925568,0.0075792390780407,0.07541811466217041,-0.6021639406681061,-0.0021919147184235044,0.06907850503921509,-0.6810603141784668,-0.01226619119552197
WATER,0.0,0.0,0.0,-0.1290690302848816,-0.09475231170654297,-0.025980170524519508,-0.2016889452934265,-0.20312082767486572,0.0078547832678737,-0.26528698205947876,-0.2638733386993408,0.05420718930025714,-0.3030685484409332,-0.27922362089157104,0.1120962149586262,-0.04789996147155762,-0.40030437707901,0.06297061062713283,-0.04240536689758301,-0.587244302034378,0.10938444949050563,-0.040203869342803955,-0.6957035660743713,0.14601347065826076,-0.033149778842926025,-0.7697802484035492,0.1781854353036465,-0.033646345138549805,-0.39100369811058044,0.11087620473762172,-0.027953386306762695,-0.5748536586761475,0.18029485858340877,-0.04445016384124756,-0.6708603799343109,0.23093687213321346,-0.05706429481506348,-0.742859274148941,0.2725727132644238,-0.026797771453857422,-0.36058545112609863,0.15018671966453212,-0.04850417375564575,-0.5073792636394501,0.20299205399413722,-0.07219165563583374,-0.5922606140375137,0.2213949582662167,-0.09288781881332397,-0.6526407599449158,0.2405045352067532,-0.03915762901306152,-0.3298493027687073,0.1852672270621838,-0.07842671871185303,-0.4203275144100189,0.20847492135425227,-0.1120484471321106,-0.4762873649597168,0.21061454928775447,-0.13647311925888062,-0.5178655087947845,0.22167819953818935
WATER,0.0,0.0,0.0,-0.13193243741989136,-0.10765713453292847,-0.036537810727281794,-0.20810866355895996,-0.203357994556427,-0.008846859946174845,-0.27841946482658386,-0.24734050035476685,0.03195951177247025,-0.3235114812850952,-0.26088660955429077,0.08333416326411225,-0.06613075733184814,-0.40188929438591003,0.06688781125910737,-0.06908023357391357,-0.5706242024898529,0.12185710711844422,-0.06774693727493286,-0.6669459044933319,0.1618455876267717,-0.06252110004425049,-0.7368427813053131,0.19527547849781968,-0.04705101251602173,-0.37166082859039307,0.12426202787526108,-0.045156121253967285,-0.5195220708847046,0.20837289883263566,-0.06172150373458862,-0.6034756600856781,0.26150886012680985,-0.07187402248382568,-0.6668032109737396,0.30082882238991715,-0.037465453147888184,-0.32343536615371704,0.17218092872269608,-0.0725364089012146,-0.4198950231075287,0.2378631909049318,-0.10952639579772949,-0.4715474247932434,0.2561414618647859,-0.13945037126541138,-0.5019527077674866,0.2730777938521669,-0.04316765069961548,-0.27993959188461304,0.21475901497967698,-0.08553367853164673,-0.3441362977027893,0.25137800766594864,-0.12322187423706055,-0.36880066990852356,0.25893930389054276,-0.15100544691085815,-0.37394237518310547,0.27187783314354874
WATER,0.0,0.0,0.0,-0.13821572065353394,-0.0915328860282898,-0.01582883527720469,-0.21227997541427612,-0.1856786608695984,0.015723663882965866,-0.27758753299713135,-0.23800510168075562,0.0553993429408024,-0.32640522718429565,-0.2615342140197754,0.10443441899275285,-0.09415167570114136,-0.32879638671875,0.08871323199724657,-0.12332272529602051,-0.43608611822128296,0.13639206768726808,-0.14785581827163696,-0.4929361343383789,0.16757194282268983,-0.15850836038589478,-0.5395423471927643,0.19254794301247102,-0.056194305419921875,-0.3505377769470215,0.11979075105642778,-0.0568389892578125,-0.50234454870224,0.16970417978023988,-0.0680074691772461,-0.5761362910270691,0.1975911665127228,-0.07854729890823364,-0.6503021121025085,0.2228592443630646,-0.028142929077148438,-0.35462597012519836,0.14338579358314973,-0.028412938117980957,-0.5096371173858643,0.1741766888067673,-0.032924115657806396,-0.6050681173801422,0.18178319515442354,-0.037362754344940186,-0.6794788837432861,0.19416217090343935,-0.012694954872131348,-0.34461408853530884,0.16530096115326387,-0.026464104652404785,-0.4817250967025757,0.1877031880781601,-0.03712940216064453,-0.5565170049667358,0.19782355012154085,-0.04395335912704468,-0.613836020231247,0.21074556888794405
WATER,0.0,0.0,0.0,-0.12660294771194458,-0.13893717527389526,-0.021396249759504826,-0.22354590892791748,-0.21988719701766968,0.011179096769978969,-0.2969047725200653,-0.21922504901885986,0.04693559907047984,-0.35439416766166687,-0.22278720140457153,0.08909241459934947,-0.114105224609375,-0.38408201932907104,0.12821276090710398,-0.10612690448760986,-0.4994060695171356,0.19758827589123484,-0.09227657318115234,-0.5652680993080139,0.2381956239756846,-0.08609700202941895,-0.613757848739624,0.26681910060017344,-0.12199604511260986,-0.3269062638282776,0.17415538035004374,-0.12065386772155762,-0.41608327627182007,0.26289786003201243,-0.12749916315078735,-0.46160799264907837,0.3086617698487544,-0.12853318452835083,-0.4961432218551636,0.34147940180866954,-0.12431687116622925,-0.2577725648880005,0.20921642683117625,-0.15264475345611572,-0.3245459198951721,0.2886411657151484,-0.16407638788223267,-0.35351622104644775,0.3168067743596339,-0.172310471534729,-0.37014538049697876,0.33750314615338084,-0.13351070880889893,-0.18569761514663696,0.23798168800442454,-0.16735273599624634,-0.23843234777450562,0.29628936551182505,-0.1880086064338684,-0.24977827072143555,0.3207636585053706,-0.18669754266738892,-0.25287574529647827,0.342307638150146
WATER,0.0,0.0,0.0,-0.13752484321594238,-0.1023830771446228,-0.0042859513994812914,-0.21359801292419434,-0.20866262912750244,0.037317232905650144,-0.2819761633872986,-0.26784294843673706,0.08280512478830815,-0.3275836706161499,-0.2963852882385254,0.1366985717106104,-0.09419417381286621,-0.3513871729373932,0.11679956105234623,-0.11423557996749878,-0.46388930082321167,0.17378987160208226,-0.13101184368133545,-0.5303332507610321,0.21318617251398564,-0.13550615310668945,-0.5824960768222809,0.24342067327978612,-0.06105542182922363,-0.3725947439670563,0.14285057571413518,-0.06034266948699951,-0.5312224328517914,0.20421905603888035,-0.07153958082199097,-0.614704966545105,0.24197004523756505,-0.08349764347076416,-0.6928142309188843,0.2753539064216852,-0.03420358896255493,-0.3714110255241394,0.15990824785711766,-0.034203290939331055,-0.5193555951118469,0.20007674184324742,-0.041930973529815674,-0.6121845245361328,0.2108664640474558,-0.05077242851257324,-0.6833798885345459,0.2250900843429804,-0.01801443099975586,-0.35437294840812683,0.17502797928335667,-0.03813362121582031,-0.46550679206848145,0.1998687663364649,-0.057340919971466064,-0.5198984742164612,0.20709043529512883,-0.06895387172698975,-0.5584285855293274,0.2186612912702799
WATER,0.0,0.0,0.0,-0.12909775972366333,-0.08667099475860596,0.028552773976855406,-0.1968892514705658,-0.20000052452087402,0.07741320655696882,-0.25990986824035645,-0.27368226647377014,0.11850193665378583,-0.2935844957828522,-0.3125476539134979,0.16313127205722822,-0.07364612817764282,-0.3524477481842041,0.1444409988915254,-0.08645987510681152,-0.4874227046966553,0.18965752945297254,-0.10394781827926636,-0.5754943490028381,0.2085133992230226,-0.1105242371559143,-0.648235946893692,0.22088422403686536,-0.03260469436645508,-0.3980400562286377,0.13509595916622175,-0.026003122329711914,-0.5715281963348389,0.1865337096249391,-0.028876900672912598,-0.6894559264183044,0.20461044237964643,-0.028995871543884277,-0.7817043662071228,0.2172086887156297,0.0021126270294189453,-0.4249885678291321,0.11659656987541211,0.012705683708190918,-0.6010186672210693,0.1499244324957658,0.02079063653945923,-0.7137543857097626,0.1493766062056352,0.029975712299346924,-0.7994369864463806,0.1487999014651109,0.024688005447387695,-0.4371627867221832,0.09710671530120862,0.02645242214202881,-0.5916653573513031,0.1108190842067529,0.03218269348144531,-0.6794987916946411,0.1102511413490106,0.04278796911239624,-0.7479497194290161,0.11124618128889097
YES,0.0,0.0,0.0,-0.1529175043106079,-0.05915910005569458,-0.03701707630733608,-0.2604129910469055,-0.18201875686645508,-0.02279071233550667,-0.32115572690963745,-0.25010770559310913,0.003935850194295654,-0.3367559313774109,-0.27756863832473755,0.03371718243380428,-0.12248259782791138,-0.3969733715057373,0.01697742470224739,-0.23568511009216309,-0.3397933840751648,0.06943598107119442,-0.25793254375457764,-0.2597424387931824,0.09146506056805492,-0.24963194131851196,-0.211631178855896,0.10043177471180798,-0.06155198812484741,-0.37729668617248535,0.05295199990888477,-0.18893998861312866,-0.29588401317596436,0.1025912062885368,-0.21715915203094482,-0.21732965111732483,0.09866355822106243,-0.20972740650177002,-0.15714550018310547,0.08688013718148113,-0.024970531463623047,-0.3176621198654175,0.09091932789107204,-0.14518380165100098,-0.2382093369960785,0.13291877970715404,-0.17478829622268677,-0.17613562941551208,0.11374058291931988,-0.16951853036880493,-0.11379009485244751,0.09144828931113125,-0.0035490989685058594,-0.25167322158813477,0.12668303117771984,-0.10030025243759155,-0.19874462485313416,0.15284124479313732,-0.1303616166114807,-0.1479937732219696,0.1488151745559776,-0.13309216499328613,-0.09369111061096191,0.1430592136146629
YES,0.0,0.0,0.0,-0.12875640392303467,-0.04642355442047119,-0.016007325410384965,-0.22924566268920898,-0.12477189302444458,-0.0031150454036037445,-0.28951674699783325,-0.1601594090461731,0.013092184640925097,-0.2913832366466522,-0.16413694620132446,0.028605214521746802,-0.10660147666931152,-0.3206636905670166,0.057722418770651984,-0.18235263228416443,-0.2753320336341858,0.10597643555746572,-0.21183034777641296,-0.209916353225708,0.11700143219576375,-0.21248584985733032,-0.17062240839004517,0.11669028849945562,-0.04406023025512695,-0.2805478274822235,0.07570709587679403,-0.13815456628799438,-0.2327239215373993,0.12664299012766378,-0.1725929081439972,-0.18147730827331543,0.11670708210812109,-0.1676834523677826,-0.13709181547164917,0.09763273151264684,-0.0076961517333984375,-0.21784186363220215,0.09396691174850957,-0.09254533052444458,-0.17944210767745972,0.13299218119726675,-0.12905484437942505,-0.13640254735946655,0.11510927529678838,-0.13092637062072754,-0.09501636028289795,0.09389228673325078,0.01554495096206665,-0.14902114868164062,0.11144992263660924,-0.05537748336791992,-0.1339961290359497,0.14101304413424032,-0.08642929792404175,-0.10272890329360962,0.1453228175793697,-0.09244996309280396,-0.0662153959274292,0.14394121171579854
YES,0.0,0.0,0.0,-0.08526575565338135,-0.00947946310043335,-0.021430776377542315,-0.15819406509399414,0.03361392021179199,-0.04199089009068757,-0.20349138975143433,0.07000654935836792,-0.062415766452772914,-0.2154006063938141,0.08709722757339478,-0.08530862528584748,-0.07817313075065613,0.0574154257774353,-0.034260245894415675,-0.11912137269973755,0.12399893999099731,-0.048656648879273234,-0.12743258476257324,0.13064992427825928,-0.06673460352919847,-0.12407484650611877,0.12359839677810669,-0.07995699245236665,-0.0116044282913208,0.09305697679519653,-0.0353089262893036,-0.04603278636932373,0.17101043462753296,-0.04923998463652879,-0.04399663209915161,0.19925737380981445,-0.06838818538687974,-0.033555805683135986,0.2089805006980896,-0.08690632778905183,0.039054811000823975,0.1081397533416748,-0.03474391523502618,0.011980652809143066,0.18078917264938354,-0.05859057131908685,0.016212940216064453,0.20892047882080078,-0.06911326843999177,0.021296679973602295,0.2290407419204712,-0.07459089059136659,0.08123505115509033,0.11120545864105225,-0.034511699264271556,0.07953310012817383,0.15771079063415527,-0.05214879560969621,0.08007115125656128,0.17658811807632446,-0.04863715816043168,0.08020061254501343,0.19805771112442017,-0.044768898670895396
YES,0.0,0.0,0.0,-0.10737550258636475,-0.09453004598617554,0.0016083648023936803,-0.2106594741344452,-0.1357579231262207,0.042290261999312406,-0.27072566747665405,-0.10816913843154907,0.08508347632044888,-0.27782511711120605,-0.057539165019989014,0.12827245058173276,-0.23091906309127808,-0.158333420753479,0.09435623051280118,-0.31508541107177734,-0.08497339487075806,0.13470084132308102,-0.3090381324291229,-0.03268587589263916,0.14944542111510373,-0.2724835276603699,-0.02013075351715088,0.15794693590754605,-0.18908154964447021,-0.10132688283920288,0.11161460639590359,-0.23974642157554626,-0.01406329870223999,0.1380699491655264,-0.20858821272850037,0.02266925573348999,0.11908888728970624,-0.16335538029670715,0.024237513542175293,0.10780791105383969,-0.1435595154762268,-0.03795456886291504,0.12721163691634274,-0.18491414189338684,0.052639544010162354,0.12964942218417264,-0.15804672241210938,0.07292985916137695,0.09113387675637341,-0.12383651733398438,0.06391572952270508,0.07016552151793576,-0.10678988695144653,0.016415953636169434,0.14650192023867703,-0.14568215608596802,0.08928143978118896,0.13124533654803372,-0.12382173538208008,0.0997052788734436,0.10559484274739361,-0.09412127733230591,0.08498340845108032,0.09340000064725018
YES,0.0,0.0,0.0,-0.07665276527404785,-0.18983256816864014,0.00353910026735349,-0.14798903465270996,-0.2778322696685791,0.06223840264267011,-0.17215922474861145,-0.2844640910625458,0.12735168261117025,-0.141914963722229,-0.2510744333267212,0.19967200977391286,-0.2607852816581726,-0.14870721101760864,0.12651732189244314,-0.29917263984680176,-0.18139880895614624,0.20506786925381704,-0.27804502844810486,-0.21021926403045654,0.24375249070710225,-0.2483428418636322,-0.2285759150981903,0.2650582156855492,-0.21766197681427002,-0.08363610506057739,0.15856341642922445,-0.21701350808143616,-0.17269009351730347,0.24408052486962362,-0.17783257365226746,-0.20431363582611084,0.2543764076907067,-0.14806681871414185,-0.21845319867134094,0.2510727308470635,-0.1642957329750061,-0.03995388746261597,0.18750457090920492,-0.15999537706375122,-0.13824796676635742,0.24421535057610555,-0.13155972957611084,-0.17622345685958862,0.22033750636166616,-0.10116136074066162,-0.19795310497283936,0.19768672806805654,-0.11671578884124756,-0.022035956382751465,0.2175549678284554,-0.1222313642501831,-0.09695559740066528,0.24943768603390737,-0.10282522439956665,-0.13867539167404175,0.2378288469988732,-0.0836452841758728,-0.166537344455719,0.22655917329377218
YES,0.0,0.0,0.0,-0.007001757621765137,-0.22097229957580566,-0.000738260432711968,-0.05963331460952759,-0.3713156580924988,0.04071614014347347,-0.09936219453811646,-0.4087982773780823,0.088738857380946,-0.10704630613327026,-0.38940075039863586,0.1427581371589497,-0.21089166402816772,-0.2386549711227417,0.10148735212524684,-0.2443273663520813,-0.30122923851013184,0.17314847426851543,-0.21840378642082214,-0.33585527539253235,0.20821090655763896,-0.19558459520339966,-0.3479907512664795,0.22628607469042095,-0.20040583610534668,-0.1493341326713562,0.13184361772974285,-0.2008790671825409,-0.2537737786769867,0.2053583921714619,-0.16491198539733887,-0.29602816700935364,0.21523547785719188,-0.13973969221115112,-0.30996498465538025,0.2130040289684132,-0.17102083563804626,-0.08574241399765015,0.16198084371526988,-0.17045611143112183,-0.19390493631362915,0.2153894813581303,-0.14455366134643555,-0.2510329782962799,0.2074600072427586,-0.11689883470535278,-0.28478989005088806,0.19524562972029003,-0.13216084241867065,-0.054289817810058594,0.19317398088415416,-0.13526588678359985,-0.15069550275802612,0.23374087231596263,-0.11702954769134521,-0.20610326528549194,0.24007467048605236,-0.09516263008117676,-0.23805633187294006,0.24065934734781536
YES,0.0,0.0,0.0,-0.08837592601776123,-0.16190820932388306,0.003079335554360796,-0.15950584411621094,-0.30376723408699036,0.057481532567038585,-0.18108797073364258,-0.3518044352531433,0.12093446555067544,-0.18682321906089783,-0.3393826484680176,0.1891914993755961,-0.17895033955574036,-0.2961927354335785,0.11048052611280923,-0.22581183910369873,-0.33016255497932434,0.1904667109482432,-0.2312619686126709,-0.32114696502685547,0.23279621603418832,-0.2351720929145813,-0.31554001569747925,0.25625612738062387,-0.14226657152175903,-0.23478901386260986,0.14501034619738107,-0.17559781670570374,-0.2915964126586914,0.22436625661779885,-0.18597853183746338,-0.3030807375907898,0.23969432117868905,-0.18266913294792175,-0.2993471920490265,0.2438911289208079,-0.10025393962860107,-0.17216217517852783,0.17897861602236276,-0.13138091564178467,-0.2414412498474121,0.23548295500208383,-0.1483280062675476,-0.27375781536102295,0.23164016904760842,-0.14746278524398804,-0.2938596308231354,0.22598559560705667,-0.057464659214019775,-0.13170045614242554,0.21470771136213784,-0.085085928440094,-0.1978081464767456,0.2572020530932093,-0.0975351333618164,-0.2232729196548462,0.26568051578928475,-0.0976104736328125,-0.23552551865577698,0.2702212274305964
YES,0.0,0.0,0.0,-0.17361056804656982,-0.08052945137023926,-0.008820677917242392,-0.2663393020629883,-0.2054089903831482,0.033234741728961126,-0.30700361728668213,-0.2575715482234955,0.0862375313455459,-0.3396923840045929,-0.2934606671333313,0.14029422793930735,-0.1141735315322876,-0.398628294467926,0.08068813775128092,-0.2145286202430725,-0.36965131759643555,0.17115180585926737,-0.25951024889945984,-0.3004535734653473,0.21011162195748057,-0.2911145091056824,-0.2620912492275238,0.22666085157936777,-0.04713249206542969,-0.3795381486415863,0.11934537087029184,-0.15030819177627563,-0.34252220392227173,0.22167279217785563,-0.21522367000579834,-0.28088510036468506,0.22776750121659006,-0.2513032853603363,-0.21013563871383667,0.21271437798088755,-0.009604573249816895,-0.32293543219566345,0.16114817951267923,-0.10726737976074219,-0.2900223433971405,0.24689133856838907,-0.1673119068145752,-0.25229424238204956,0.23157248292511667,-0.19711202383041382,-0.2022780179977417,0.20229810867851938,0.0016213655471801758,-0.26222434639930725,0.20361715946739878,-0.07476335763931274,-0.23373746871948242,0.2606651673132774,-0.12313920259475708,-0.20067846775054932,0.2637718210036155,-0.14806407690048218,-0.1548919677734375,0.256997186880767
YES,0.0,0.0,0.0,-0.15028423070907593,-0.041388750076293945,-0.021781472151872094,-0.2593931555747986,-0.12751030921936035,0.000924140494078074,-0.32623615860939026,-0.16375863552093506,0.029342761600616996,-0.34481191635131836,-0.18124252557754517,0.05624336596787316,-0.14723855257034302,-0.3321570158004761,0.07483219575345856,-0.2410190999507904,-0.26523733139038086,0.13307430070102555,-0.28048619627952576,-0.19554322957992554,0.14672334712207658,-0.2900888919830322,-0.1545196771621704,0.14902067404449326,-0.0901259183883667,-0.3014124631881714,0.10247271727979523,-0.20097562670707703,-0.21187561750411987,0.16354567032516343,-0.2405906617641449,-0.1489275097846985,0.15079561095893723,-0.24150031805038452,-0.09888064861297607,0.1308023206537996,-0.05549734830856323,-0.24625110626220703,0.12927235882938248,-0.16335821151733398,-0.16753512620925903,0.1783634595221315,-0.20047035813331604,-0.11706501245498657,0.15047954242885453,-0.20378610491752625,-0.06831514835357666,0.12263912182510239,-0.032093346118927,-0.1905331015586853,0.15428506057918412,-0.12270575761795044,-0.13887816667556763,0.1879205874747072,-0.15486013889312744,-0.09772449731826782,0.18393443744838578,-0.1634138822555542,-0.05210387706756592,0.17771812003314835
YES,0.0,0.0,0.0,-0.1345481276512146,-0.025056183338165283,-0.02078411753933551,-0.24342221021652222,-0.09704309701919556,0.003007408206428863,-0.31181225180625916,-0.12647885084152222,0.03218548905391572,-0.3386803865432739,-0.15452587604522705,0.062202991659830786,-0.1513649821281433,-0.30423468351364136,0.07305444564957497,-0.2325727939605713,-0.2509136199951172,0.11778936323065636,-0.2643604874610901,-0.1855134665966034,0.1272685879125106,-0.27053216099739075,-0.1439131498336792,0.1286499255551803,-0.104728102684021,-0.29407620429992676,0.09607895996708748,-0.1996845006942749,-0.1961328685283661,0.14358649190802453,-0.2248346209526062,-0.1266840696334839,0.13226388927836297,-0.21966153383255005,-0.07944953441619873,0.1170435154094207,-0.07459688186645508,-0.2546469271183014,0.1153011077298629,-0.17000150680541992,-0.15714943408966064,0.14846976634402154,-0.194035142660141,-0.10122418403625488,0.12307981934685586,-0.19456496834754944,-0.061826467514038086,0.10023642119307397,-0.054456889629364014,-0.2089211642742157,0.1329732143535125,-0.13934367895126343,-0.1361480951309204,0.1519868725194442,-0.16033178567886353,-0.08967620134353638,0.14294951197047112,-0.16315358877182007,-0.0532609224319458,0.13537048336405633
YES,0.0,0.0,0.0,-0.16165226697921753,-0.029060661792755127,0.002193845817600959,-0.26991569995880127,-0.06991034746170044,0.04484220408812689,-0.3292742967605591,-0.0650445818901062,0.08617404290453123,-0.36668717861175537,-0.043841779232025146,0.12479228713527846,-0.20878201723098755,-0.22698235511779785,0.14654160478130507,-0.2891853451728821,-0.1264241337776184,0.2130020503045671,-0.3183366656303406,-0.0474395751953125,0.22574936785713362,-0.3187975287437439,0.003313899040222168,0.22756562569156813,-0.15014463663101196,-0.19798871874809265,0.16549229064003157,-0.23561546206474304,-0.06682795286178589,0.23152189888969588,-0.23795437812805176,0.01112055778503418,0.21296023764625716,-0.2080233097076416,0.05214524269104004,0.19193975069538283,-0.10967665910720825,-0.14610344171524048,0.18103697338119673,-0.1919962763786316,-0.02596360445022583,0.22435636260524916,-0.19538867473602295,0.03934144973754883,0.19468004443660902,-0.16741037368774414,0.0703546404838562,0.17041052320018935,-0.07397711277008057,-0.09117519855499268,0.1964217815639131,-0.14425110816955566,-0.00704115629196167,0.22375833430305647,-0.14719843864440918,0.04903101921081543,0.21992960014358687,-0.12902134656906128,0.0772969126701355,0.21621348896042036
YES,0.0,0.0,0.0,-0.15742772817611694,0.0005138516426086426,-0.02021561033461694,-0.2966018319129944,0.011198639869689941,0.00470651517252918,-0.37844783067703247,0.051777780055999756,0.030732288664239604,-0.4183199405670166,0.09735411405563354,0.05771005496944781,-0.2877494692802429,-0.1258278489112854,0.10271854296888705,-0.3722912669181824,0.03721743822097778,0.1317397017833173,-0.349157452583313,0.12312978506088257,0.12837005749906893,-0.3010638356208801,0.1517953872680664,0.12325024948086138,-0.2322705090045929,-0.09263747930526733,0.11979133979048129,-0.3037756681442261,0.1040772795677185,0.14987012342180606,-0.25811460614204407,0.16016864776611328,0.12639817193712588,-0.20283663272857666,0.14784973859786987,0.10645118699039813,-0.1811736822128296,-0.036053359508514404,0.12981986597742434,-0.2475750744342804,0.14918529987335205,0.138274054681915,-0.211279958486557,0.1768888235092163,0.10532664105858203,-0.16365712881088257,0.14531618356704712,0.08267400011982318,-0.12792593240737915,0.02204453945159912,0.1384414096232831,-0.18923848867416382,0.14984208345413208,0.1342246492263257,-0.17082643508911133,0.18975085020065308,0.12157291517223712,-0.13812404870986938,0.18209302425384521,0.11507787153686877
YES,0.0,0.0,0.0,-0.15934240818023682,-0.04480713605880737,-0.015948783699002433,-0.28096362948417664,-0.0684625506401062,0.01141084535089476,-0.35058677196502686,-0.04520237445831299,0.042986551206979584,-0.37346139550209045,-0.001653134822845459,0.07477003885475142,-0.24327608942985535,-0.19881242513656616,0.08322180612054808,-0.32005900144577026,-0.08912152051925659,0.10670802546707137,-0.31077316403388977,-0.021946489810943604,0.1046480069872473,-0.28629156947135925,-0.005030691623687744,0.10338680995670302,-0.2064869999885559,-0.15344184637069702,0.10536867184606535,-0.2675326466560364,-0.03719496726989746,0.11896882010665877,-0.24135971069335938,0.02580338716506958,0.08967026127544386,-0.20161154866218567,0.042406439781188965,0.0733364875432585,-0.17317628860473633,-0.09192103147506714,0.12359589142766936,-0.22202813625335693,0.026525139808654785,0.12118785632816298,-0.19879549741744995,0.07169336080551147,0.08044069064823134,-0.1716126799583435,0.07419335842132568,0.05892411796418173,-0.1497521996498108,-0.03027963638305664,0.14338492406574233,-0.180162250995636,0.06250393390655518,0.1286696995612715,-0.15233540534973145,0.09167933464050293,0.10533918989864333,-0.12310266494750977,0.08904892206192017,0.09616818828550322
YES,0.0,0.0,0.0,-0.09376519918441772,-0.15717875957489014,0.013905790292369602,-0.17431363463401794,-0.253517210483551,0.08123310621147084,-0.19512620568275452,-0.2757152318954468,0.15368331934575963,-0.1890178918838501,-0.26294422149658203,0.2332114573872559,-0.2199404239654541,-0.22227662801742554,0.14288373257284093,-0.2458966076374054,-0.25211143493652344,0.22839820350770879,-0.2314392626285553,-0.26648902893066406,0.27892059053544926,-0.21650630235671997,-0.27833425998687744,0.3112550970471375,-0.1783253252506256,-0.15381407737731934,0.17474381591443944,-0.19073036313056946,-0.2235773503780365,0.2626395818150513,-0.18088635802268982,-0.25080955028533936,0.2944588359749787,-0.1636478304862976,-0.26641255617141724,0.3144678470051758,-0.1302453875541687,-0.0982290506362915,0.20292741026048589,-0.14497780799865723,-0.1739007830619812,0.26090803708200383,-0.14059865474700928,-0.20817899703979492,0.2673234042084687,-0.12821030616760254,-0.2392204999923706,0.2741565700924866,-0.08240777254104614,-0.06879228353500366,0.23232266272668767,-0.09998762607574463,-0.14166027307510376,0.271079241887378,-0.10126066207885742,-0.17221975326538086,0.2808791395581238,-0.09792685508728027,-0.20110362768173218,0.29106003011827397
YES,0.0,0.0,0.0,-0.04082387685775757,-0.19780248403549194,0.005213516099217941,-0.10582560300827026,-0.32075178623199463,0.05582370402834158,-0.13660964369773865,-0.33941519260406494,0.1112310008945201,-0.14536741375923157,-0.3231712579727173,0.17184208499810438,-0.19320490956306458,-0.22558706998825073,0.11976085024497252,-0.2058364748954773,-0.2656066119670868,0.1914595382156108,-0.1871541142463684,-0.2895348072052002,0.2270762042941783,-0.17133626341819763,-0.30259501934051514,0.24810712205788832,-0.1768830418586731,-0.13642507791519165,0.14721225368401747,-0.17241132259368896,-0.20086246728897095,0.22304582762143355,-0.15684130787849426,-0.24455302953720093,0.24095486270806532,-0.1330413818359375,-0.2665439248085022,0.24849523770234327,-0.1447097659111023,-0.06732988357543945,0.17201018499753218,-0.14539974927902222,-0.13972264528274536,0.22361879217049818,-0.13944029808044434,-0.19050633907318115,0.22800371217152815,-0.11836344003677368,-0.22298720479011536,0.2305002378167842,-0.10340696573257446,-0.03268057107925415,0.19697852599045973,-0.10845452547073364,-0.10233664512634277,0.2322167025747035,-0.10367625951766968,-0.14811134338378906,0.24303826856038313,-0.08896619081497192,-0.17736876010894775,0.252509237998936
YES,0.0,0.0,0.0,-0.03364664316177368,-0.20161524415016174,-0.021577221843230632,-0.10068482160568237,-0.35157376527786255,0.004954360854995343,-0.13740047812461853,-0.38204067945480347,0.04091255968548069,-0.12844324111938477,-0.3469732403755188,0.08190291604138622,-0.16826727986335754,-0.27641400694847107,0.04674595823622951,-0.1565195918083191,-0.34472817182540894,0.07994485875703106,-0.10263985395431519,-0.35566723346710205,0.09305983265973339,-0.06360518932342529,-0.35595273971557617,0.09866449466086635,-0.16402673721313477,-0.1837937831878662,0.0751501121196867,-0.1394297480583191,-0.2796400785446167,0.11095697661973247,-0.0856747031211853,-0.29666000604629517,0.110119628218186,-0.04623323678970337,-0.2953492999076843,0.10419084360934505,-0.13576552271842957,-0.11068135499954224,0.10184338173009166,-0.11257046461105347,-0.21304556727409363,0.11916150381900081,-0.0682530403137207,-0.2456035614013672,0.10732861837483654,-0.027243077754974365,-0.2527221441268921,0.09830136826373348,-0.09374779462814331,-0.06896346807479858,0.12876191219426403,-0.08224636316299438,-0.16412198543548584,0.13620866319276104,-0.053697824478149414,-0.19483616948127747,0.13301975509263286,-0.024364113807678223,-0.20108559727668762,0.1311481692466856
YES,0.0,0.0,0.0,-0.1517542004585266,-0.06372833251953125,0.0008238810090688276,-0.2393876314163208,-0.16841334104537964,0.03561476658558149,-0.2783718705177307,-0.2178175449371338,0.07319554354523916,-0.30767694115638733,-0.2463398575782776,0.11109881516074438,-0.11451399326324463,-0.3445741534233093,0.099220145898812,-0.18238380551338196,-0.33094221353530884,0.1660691839036872,-0.20581719279289246,-0.26803281903266907,0.1892985742864539,-0.2179553508758545,-0.2375865876674652,0.19615582044696112,-0.06548231840133667,-0.32707780599594116,0.12112602259492178,-0.13668346405029297,-0.307840496301651,0.1905842017707755,-0.17235156893730164,-0.2535243034362793,0.1840951484022071,-0.18142536282539368,-0.20345282554626465,0.1669110250053336,-0.030969619750976562,-0.2793499827384949,0.14335847313975592,-0.0966835618019104,-0.24658823013305664,0.19849613721942205,-0.1354604959487915,-0.21107575297355652,0.18143538053607244,-0.14887940883636475,-0.17850342392921448,0.15773436840152044,-0.0053288936614990234,-0.2265075147151947,0.16664863045787115,-0.06035470962524414,-0.20942005515098572,0.20313479419326086,-0.0913541316986084,-0.17449820041656494,0.20410685654258032,-0.10285228490829468,-0.1425572633743286,0.19926277216052313
YES,0.0,0.0,0.0,-0.1470469832420349,-0.038431644439697266,-0.020117369866738954,-0.2552841901779175,-0.10397505760192871,0.002155944318701586,-0.3206082582473755,-0.12331295013427734,0.027529167556394896,-0.344026654958725,-0.14203834533691406,0.05094621385001119,-0.15782999992370605,-0.31146490573883057,0.08035698587559637,-0.24598214030265808,-0.24212273955345154,0.13427650237940725,-0.2892014682292938,-0.17153066396713257,0.1486135801162618,-0.3050702214241028,-0.11924773454666138,0.1514594783868688,-0.10283142328262329,-0.2849540412425995,0.10214835459851201,-0.21191561222076416,-0.17139548063278198,0.1543971678104299,-0.25256049633026123,-0.09761476516723633,0.1360236486282247,-0.2583334147930145,-0.03955143690109253,0.11386043632887777,-0.06592011451721191,-0.23183149099349976,0.12201111818217214,-0.16939347982406616,-0.12609827518463135,0.15986863578223165,-0.2039032280445099,-0.06716632843017578,0.12745679224394735,-0.21157333254814148,-0.017236828804016113,0.09874684418105062,-0.03826296329498291,-0.1685618758201599,0.14022543335818227,-0.12174010276794434,-0.0952078104019165,0.16389233673476156,-0.15452617406845093,-0.05024474859237671,0.1551925619926351,-0.1685892641544342,-0.010522425174713135,0.14698439145945486
YES,0.0,0.0,0.0,-0.14477789402008057,-0.04061490297317505,0.006945566054810115,-0.2405358850955963,-0.05069935321807861,0.03812091729082567,-0.30171316862106323,-0.040936291217803955,0.0632465214137028,-0.3516448140144348,-0.024053514003753662,0.08798411792554361,-0.18306273221969604,-0.15678906440734863,0.14625803685225947,-0.25968581438064575,-0.05730748176574707,0.19310457563437922,-0.2735100984573364,0.010939598083496094,0.19599559462108118,-0.2560754418373108,0.05411046743392944,0.1934628442529629,-0.11570519208908081,-0.10893124341964722,0.152547235846896,-0.1994929015636444,0.03266572952270508,0.20613984322585566,-0.19414463639259338,0.09234827756881714,0.18660568749942286,-0.15985840559005737,0.11250078678131104,0.16352420604266626,-0.06213068962097168,-0.05352067947387695,0.1530149534944485,-0.13806211948394775,0.07978862524032593,0.18501127815284235,-0.1393190622329712,0.1162564754486084,0.16246443545855982,-0.11794865131378174,0.11826163530349731,0.14147910034694178,-0.0057708024978637695,0.0022220611572265625,0.15260351753272516,-0.052393555641174316,0.0922006368637085,0.17475053226985438,-0.05489116907119751,0.13352715969085693,0.17633273756541712,-0.044087767601013184,0.1505568027496338,0.17485723948516352
YES,0.0,0.0,0.0,-0.10419964790344238,-0.10366654396057129,-0.022147171769717033,-0.22319352626800537,-0.10258662700653076,-0.023379503388383682,-0.304667592048645,-0.028762102127075195,-0.026252404425719078,-0.33920398354530334,0.04171556234359741,-0.026452132139780815,-0.21381473541259766,-0.13433754444122314,0.03535833525242538,-0.30722489953041077,-0.027508020401000977,0.021735710452816193,-0.2890816926956177,0.02984154224395752,0.008112783904692833,-0.24591410160064697,0.039221763610839844,0.0012060584384414597,-0.1875172257423401,-0.05456584692001343,0.036634116794488136,-0.2657155692577362,0.07601523399353027,0.022441777761599724,-0.21669670939445496,0.1015700101852417,0.0056946677039775295,-0.17183589935302734,0.06569361686706543,-0.001718126225711103,-0.15392348170280457,0.03032165765762329,0.03172513040485114,-0.21655699610710144,0.147505521774292,0.001421899080781941,-0.16716116666793823,0.1449478268623352,-0.013288100820460613,-0.12740278244018555,0.09867268800735474,-0.014576165575959976,-0.11697155237197876,0.10859894752502441,0.026462295453569595,-0.15770980715751648,0.17881661653518677,-0.003135640977376397,-0.12434667348861694,0.17775583267211914,-0.008273629110732372,-0.09103119373321533,0.15145570039749146,-0.003833304729738529
YES,0.0,0.0,0.0,-0.16153094172477722,-0.08389371633529663,0.0007113964048954813,-0.25557559728622437,-0.10549867153167725,0.047513021166324165,-0.3207760453224182,-0.07560169696807861,0.09054855817079499,-0.3433392643928528,-0.05612760782241821,0.13587213122367814,-0.20096945762634277,-0.17529386281967163,0.18343526684761002,-0.2790570855140686,-0.09191954135894775,0.22786586546421006,-0.28303277492523193,-0.04226285219192505,0.23211081885814622,-0.26094236969947815,-0.033043086528778076,0.2338350918245311,-0.16254660487174988,-0.09175729751586914,0.19795233571052506,-0.2340293526649475,-0.0035185813903808594,0.2265602853250499,-0.2099451720714569,0.030820727348327637,0.18813564443111375,-0.16935011744499207,0.01660001277923584,0.1670292522859569,-0.1288081407546997,-0.00890207290649414,0.20361316763877824,-0.1909233033657074,0.07120710611343384,0.2024571951580043,-0.15391823649406433,0.08846217393875122,0.15276353621005967,-0.11900138854980469,0.053207993507385254,0.12954140269279435,-0.09870386123657227,0.06409317255020142,0.21112582647323563,-0.14518970251083374,0.1133165955543518,0.19542886876583054,-0.11421430110931396,0.11411631107330322,0.16708380543708756,-0.08275175094604492,0.07518774271011353,0.1553160306167598
YES,0.0,0.0,0.0,-0.13788515329360962,-0.06304466724395752,-0.018680202558897463,-0.24343854188919067,-0.11430203914642334,0.019374952867366346,-0.30776575207710266,-0.11034810543060303,0.06690853203807023,-0.3291161060333252,-0.10197526216506958,0.11880692954335359,-0.20798254013061523,-0.22119662165641785,0.09063702936444429,-0.29210126399993896,-0.1551082730293274,0.1481984492686763,-0.27506259083747864,-0.10841244459152222,0.1675480839160457,-0.25260740518569946,-0.1026875376701355,0.17687960828814653,-0.16256678104400635,-0.2015436291694641,0.12897976602587846,-0.24301013350486755,-0.14932125806808472,0.18505131567988542,-0.23075556755065918,-0.1068887710571289,0.17190101112399248,-0.20271801948547363,-0.101412832736969,0.15553615356955675,-0.12493342161178589,-0.16508007049560547,0.16545703376803544,-0.20298123359680176,-0.12417793273925781,0.20077391828570512,-0.19959697127342224,-0.08985531330108643,0.16831966604266313,-0.17661714553833008,-0.09490704536437988,0.1421795275357738,-0.103171706199646,-0.13482999801635742,0.20351079966101793,-0.1739392876625061,-0.10104501247406006,0.2252740051892772,-0.16453352570533752,-0.07268416881561279,0.21543101336035875,-0.1393095850944519,-0.07879030704498291,0.20682666565451768
YES,0.0,0.0,0.0,-0.16801923513412476,-0.07662111520767212,-0.00620937948750111,-0.28311747312545776,-0.059817492961883545,0.032878019421531235,-0.35581886768341064,0.01681143045425415,0.06598402982874063,-0.3797481060028076,0.08334153890609741,0.1032761079661384,-0.2515237331390381,-0.10453492403030396,0.17138556814117578,-0.33973103761672974,-0.007310390472412109,0.19241448914928583,-0.3347761631011963,0.02965646982192993,0.18153240954799799,-0.3015597462654114,0.03866308927536011,0.17571766352577356,-0.20746925473213196,-0.025053560733795166,0.17946341311855463,-0.29279232025146484,0.08783072233200073,0.1828148332826629,-0.24610471725463867,0.08516544103622437,0.1385604856006637,-0.19603052735328674,0.052898108959198,0.11664274012966303,-0.16612333059310913,0.04838430881500244,0.17589805698318628,-0.2384364902973175,0.16068392992019653,0.16175684010906366,-0.19218921661376953,0.13478940725326538,0.11113322949333337,-0.14932793378829956,0.0823480486869812,0.08838671868963388,-0.11952829360961914,0.12025612592697144,0.17261789417190698,-0.17940443754196167,0.18249255418777466,0.15520375645084528,-0.1475675106048584,0.16754525899887085,0.1289869514696136,-0.10737895965576172,0.12417352199554443,0.11733068948907999
YES,0.0,0.0,0.0,-0.15420860052108765,-0.056862473487854004,-0.016149662030102263,-0.27389711141586304,-0.09806692600250244,0.01516722555720662,-0.3531077206134796,-0.09499877691268921,0.049679903718470086,-0.38091349601745605,-0.05586785078048706,0.08626860234403466,-0.23892033100128174,-0.19049710035324097,0.10333201143407678,-0.3151586353778839,-0.08856892585754395,0.12394118908309792,-0.2815749943256378,-0.018299996852874756,0.1147692561473832,-0.23598557710647583,-0.005006134510040283,0.10978987667226647,-0.21060854196548462,-0.1373339295387268,0.1279736593689904,-0.2643359303474426,-0.023215651512145996,0.1384787544932351,-0.2180188000202179,0.0385625958442688,0.09932926151418542,-0.17132782936096191,0.045671939849853516,0.07732393446826791,-0.18420058488845825,-0.07282310724258423,0.14748188707494592,-0.2269282341003418,0.042874157428741455,0.14662632200383996,-0.181374192237854,0.08443611860275269,0.10807777795457696,-0.14115476608276367,0.06999319791793823,0.08879377547168588,-0.16506564617156982,-0.014862239360809326,0.16788786503934716,-0.20064741373062134,0.08244073390960693,0.1645092502560601,-0.16438651084899902,0.10522371530532837,0.1515845939841256,-0.12831246852874756,0.0842161774635315,0.1492272153820977
YES,0.0,0.0,0.0,-0.12396633625030518,-0.12983739376068115,-0.006350799741589697,-0.21497473120689392,-0.2087445855140686,0.049144754839694826,-0.27570152282714844,-0.21054333448410034,0.11290366826728615,-0.29822400212287903,-0.19935569167137146,0.18374632178024086,-0.22949257493019104,-0.21589404344558716,0.12848695991710457,-0.29161909222602844,-0.22656309604644775,0.2124252605266932,-0.2828647494316101,-0.214643657207489,0.2552931743688944,-0.26867613196372986,-0.21679538488388062,0.2788887160845164,-0.18001866340637207,-0.17597633600234985,0.1681236612625483,-0.23897957801818848,-0.20980513095855713,0.24941779552177223,-0.23234280943870544,-0.19867375493049622,0.2596453863211039,-0.21136435866355896,-0.19515901803970337,0.2595504063196543,-0.12996357679367065,-0.1345428228378296,0.20434181271270546,-0.18315893411636353,-0.17144787311553955,0.25676448522285256,-0.18516013026237488,-0.16981542110443115,0.2412454622812632,-0.16856449842453003,-0.1787676215171814,0.22701537488178047,-0.08688819408416748,-0.11585474014282227,0.24151877937988075,-0.13646113872528076,-0.14209002256393433,0.276306225640333,-0.13921844959259033,-0.14381742477416992,0.2732724982328776,-0.12785446643829346,-0.15386593341827393,0.2688098686762217
YES,0.0,0.0,0.0,-0.06510084867477417,-0.18187040090560913,0.007330715298081714,-0.13501310348510742,-0.30838069319725037,0.06306639371010192,-0.14889979362487793,-0.341630220413208,0.12501587776037582,-0.12641608715057373,-0.32875633239746094,0.19276534823271163,-0.22218981385231018,-0.22161880135536194,0.11148968396278747,-0.26292240619659424,-0.2610396444797516,0.19167953041883834,-0.2520933747291565,-0.27697938680648804,0.23824884799810775,-0.23540422320365906,-0.28958433866500854,0.26512055901380904,-0.1892782747745514,-0.14284402132034302,0.14124127534719833,-0.19924861192703247,-0.20969074964523315,0.2204877069363249,-0.17870494723320007,-0.24410605430603027,0.23883820382448562,-0.15439319610595703,-0.2688751816749573,0.2444796344408644,-0.14276307821273804,-0.08478128910064697,0.17008303908201583,-0.14973610639572144,-0.16324281692504883,0.2222524067530287,-0.1377963423728943,-0.20923885703086853,0.21377838460298904,-0.116352379322052,-0.2430206537246704,0.20526448694559463,-0.09725415706634521,-0.05785125494003296,0.20059985724779494,-0.10841912031173706,-0.13197851181030273,0.23463683632704146,-0.10045254230499268,-0.17232275009155273,0.23525118140074142,-0.0845373272895813,-0.19933295249938965,0.2350131502518309
YES,0.0,0.0,0.0,-0.12126928567886353,-0.10015130043029785,0.013415039650135352,-0.19248005747795105,-0.22385287284851074,0.06599912992023738,-0.1914251744747162,-0.27651292085647583,0.12646085968517573,-0.1912420690059662,-0.2851940989494324,0.1892162208845547,-0.1912578046321869,-0.28296127915382385,0.09946505924963267,-0.23557090759277344,-0.28636255860328674,0.1813031678488186,-0.24553143978118896,-0.249689519405365,0.2223239039471081,-0.2518450915813446,-0.23570972681045532,0.24346593966984065,-0.1446843147277832,-0.23177316784858704,0.1288156454851559,-0.18689757585525513,-0.25511401891708374,0.21207038512729914,-0.20665410161018372,-0.23639452457427979,0.22407037964367182,-0.20885223150253296,-0.21512854099273682,0.2223558520367077,-0.09617680311203003,-0.17127948999404907,0.16067803850673945,-0.13862615823745728,-0.20479708909988403,0.2210997884561947,-0.17001968622207642,-0.2029041051864624,0.21121809831165583,-0.1806962490081787,-0.19767791032791138,0.1979420726587704,-0.05835038423538208,-0.1264406442642212,0.19591038873695643,-0.09420174360275269,-0.14960914850234985,0.23832947960399897,-0.11512869596481323,-0.14750522375106812,0.24346810033821376,-0.12197965383529663,-0.14271223545074463,0.24433841755890162
YES,0.0,0.0,0.0,-0.14883267879486084,-0.000560760498046875,-0.00384602500668052,-0.2648046612739563,-0.05568820238113403,0.024147561839015452,-0.3263227939605713,-0.08372032642364502,0.0537080868093085,-0.3254956603050232,-0.09550720453262329,0.08198878829756495,-0.16878074407577515,-0.2689979076385498,0.09473859434405085,-0.24083855748176575,-0.19847911596298218,0.15401894514837977,-0.2559763789176941,-0.12240666151046753,0.16499230926314112,-0.2464318871498108,-0.08130347728729248,0.16484887068548915,-0.11427921056747437,-0.25576484203338623,0.11332462643662211,-0.1956852674484253,-0.1710718274116516,0.181055999448688,-0.21599024534225464,-0.10905033349990845,0.16910005276480433,-0.20198708772659302,-0.06495064496994019,0.1472510016469073,-0.07491046190261841,-0.2182956039905548,0.1311880863217425,-0.15169841051101685,-0.14384770393371582,0.18692881529608485,-0.17273080348968506,-0.09279477596282959,0.1617848492173266,-0.16326802968978882,-0.05082207918167114,0.1326706028489184,-0.044634461402893066,-0.17515265941619873,0.14867240851202723,-0.11464810371398926,-0.12147986888885498,0.1909119701890063,-0.1304328441619873,-0.07838296890258789,0.1917596525458407,-0.12536346912384033,-0.03620797395706177,0.18598947589674708
YES,0.0,0.0,0.0,-0.14480304718017578,-0.04013645648956299,0.004395870916596323,-0.25788211822509766,0.005765318870544434,0.03492222722252336,-0.31713151931762695,0.08301317691802979,0.05819139252980676,-0.32867902517318726,0.15506702661514282,0.07931930940230814,-0.24110758304595947,-0.052998244762420654,0.12784786890824762,-0.29690736532211304,0.06006145477294922,0.15523659061273065,-0.2835031747817993,0.11721694469451904,0.14881365369637933,-0.25164592266082764,0.13377732038497925,0.14215407143910852,-0.19107168912887573,0.007925748825073242,0.13035092126210657,-0.22475704550743103,0.13861000537872314,0.14490148793538538,-0.18024665117263794,0.15816247463226318,0.10988749187072244,-0.12872040271759033,0.13194048404693604,0.08726550262053934,-0.14417648315429688,0.06461811065673828,0.1276105679162356,-0.17454659938812256,0.1815176010131836,0.12562588225682703,-0.1411852240562439,0.17677778005599976,0.08335287492354837,-0.1059727668762207,0.14015167951583862,0.05952643971522775,-0.09602999687194824,0.11258143186569214,0.12624615799268213,-0.13003933429718018,0.17910712957382202,0.11880085240682092,-0.10928899049758911,0.1876392960548401,0.10474266480287042,-0.08054947853088379,0.1695408821105957,0.098951633978686
YES,0.0,0.0,0.0,-0.1258533000946045,0.02974069118499756,-0.02572138690986492,-0.23334014415740967,0.09838283061981201,-0.009898153037212865,-0.2925848960876465,0.18778985738754272,0.005292059018827899,-0.3043830394744873,0.2584097981452942,0.02452430604360245,-0.255542129278183,0.034761250019073486,0.09229940465054653,-0.31205281615257263,0.1678997278213501,0.09698414346537731,-0.28109410405158997,0.21523457765579224,0.08540997198186062,-0.24384450912475586,0.20743602514266968,0.08284251680932186,-0.22079843282699585,0.07316064834594727,0.10938222250304364,-0.2581408619880676,0.21347421407699585,0.11257590642533444,-0.212900310754776,0.23246735334396362,0.08722184142432354,-0.17719900608062744,0.2027861475944519,0.07693095049224041,-0.182331383228302,0.11364847421646118,0.1172980024512782,-0.19215020537376404,0.2436123490333557,0.11056968858800076,-0.14796704053878784,0.23778945207595825,0.08219088157973431,-0.11176460981369019,0.1933078169822693,0.07231550207696102,-0.1433466076850891,0.15130579471588135,0.12329794010481976,-0.16392093896865845,0.2431463599205017,0.12027415922246121,-0.13579648733139038,0.24765974283218384,0.11332501015029095,-0.10307455062866211,0.22055774927139282,0.11561958035788678
YES,0.0,0.0,0.0,-0.12184494733810425,-0.06336891651153564,-0.03797405474608695,-0.20925849676132202,-0.18729248642921448,-0.03233382739847457,-0.26058900356292725,-0.25588980317115784,-0.017349394790585393,-0.26981669664382935,-0.27350640296936035,-0.0002964245169323476,-0.06009984016418457,-0.37133532762527466,0.018039415769521838,-0.16612035036087036,-0.32609760761260986,0.04312544427091325,-0.19950652122497559,-0.2607792019844055,0.043170095600430614,-0.19692033529281616,-0.2184773087501526,0.03982374928170884,-0.010797679424285889,-0.33749085664749146,0.04544492549473489,-0.1403781771659851,-0.2749716639518738,0.07299482560927117,-0.17099440097808838,-0.21428397297859192,0.06319487578446115,-0.16357272863388062,-0.16464316844940186,0.05096365622455323,0.011456847190856934,-0.281343013048172,0.07106552756602014,-0.11167502403259277,-0.2179013192653656,0.09101312346035684,-0.13879907131195068,-0.17085081338882446,0.07287138438994134,-0.13535040616989136,-0.12098288536071777,0.057509985931460506,0.01941990852355957,-0.22453662753105164,0.09346201009327615,-0.08032220602035522,-0.1826184093952179,0.10466612613970483,-0.10625994205474854,-0.1434279978275299,0.09998099989468301,-0.10893136262893677,-0.10144740343093872,0.09805129206949914
YES,0.0,0.0,0.0,-0.1437976360321045,-0.04290056228637695,-0.005007856495410579,-0.25277048349380493,-0.08288037776947021,0.021350510448485238,-0.31807059049606323,-0.08270144462585449,0.04625930826392732,-0.3515416383743286,-0.06926077604293823,0.0692357030066546,-0.1870000958442688,-0.2631065845489502,0.10514540042009912,-0.28628575801849365,-0.17929986119270325,0.14643922264900766,-0.31524425745010376,-0.10097092390060425,0.15342034216251932,-0.31369760632514954,-0.042252540588378906,0.15572537298527322,-0.1294042468070984,-0.23241281509399414,0.11723618771162592,-0.24217107892036438,-0.11633199453353882,0.15957867915955148,-0.2615310847759247,-0.0428808331489563,0.1400854122194346,-0.24731364846229553,0.0060939788818359375,0.12191815491047464,-0.08615171909332275,-0.1782323122024536,0.12588462050285898,-0.19212591648101807,-0.05799257755279541,0.15056975002613626,-0.20363205671310425,0.004765033721923828,0.12146638895598016,-0.18569350242614746,0.03812563419342041,0.10137514586773477,-0.04634660482406616,-0.1101844310760498,0.13421043570366464,-0.1256316900253296,-0.03780907392501831,0.14849361594048105,-0.1390000581741333,0.008637309074401855,0.14403872008648477,-0.1277671456336975,0.04002511501312256,0.14332650418606363
YES,0.0,0.0,0.0,-0.16264039278030396,0.029877543449401855,-0.006074600213992198,-0.28307104110717773,0.032391905784606934,0.022695078222227494,-0.34732574224472046,0.05075305700302124,0.049426535783481995,-0.39885926246643066,0.06678783893585205,0.07413772743768732,-0.26262301206588745,-0.14966267347335815,0.11245778453178445,-0.3422786593437195,-0.018483221530914307,0.15675544988937418,-0.35020938515663147,0.061735689640045166,0.16097826015777628,-0.33646005392074585,0.10550373792648315,0.1597773308736805,-0.1992906928062439,-0.1349048614501953,0.12512302648849527,-0.26677876710891724,0.047452449798583984,0.16914920759029428,-0.2468087077140808,0.12913894653320312,0.1445338155014042,-0.2087835669517517,0.15612351894378662,0.1208497608882908,-0.14420658349990845,-0.09634232521057129,0.13400604080982248,-0.20310497283935547,0.07440143823623657,0.16004953038520853,-0.19317418336868286,0.1350724697113037,0.1279456193429951,-0.16696691513061523,0.15293288230895996,0.1024052898270611,-0.08961975574493408,-0.05123746395111084,0.14243115734882394,-0.14234179258346558,0.07395333051681519,0.1633764679414753,-0.14491736888885498,0.13528096675872803,0.16212079179115335,-0.13730847835540771,0.16228652000427246,0.1596386010629658
YES,0.0,0.0,0.0,-0.16007548570632935,-0.05024409294128418,-0.013577398851907674,-0.28498679399490356,-0.02843374013900757,0.013339106916987475,-0.3585444688796997,0.05935627222061157,0.03907654433658081,-0.35610082745552063,0.13768398761749268,0.06807659193088966,-0.28633010387420654,-0.09542745351791382,0.11021237447073418,-0.36322611570358276,0.029613196849822998,0.11728474869539696,-0.32536038756370544,0.07347416877746582,0.10513577236940819,-0.2758416533470154,0.060395777225494385,0.10076837613394218,-0.24735435843467712,-0.024298906326293945,0.12056532873918968,-0.30753985047340393,0.09890550374984741,0.11304787918140846,-0.25057274103164673,0.11724460124969482,0.07652427627851921,-0.1968277096748352,0.08920818567276001,0.06348470225145775,-0.20316684246063232,0.049562036991119385,0.12311943247129875,-0.24935603141784668,0.15376359224319458,0.09681106730511146,-0.1955653429031372,0.14413052797317505,0.05754985287001091,-0.15321916341781616,0.10516881942749023,0.04642706363608795,-0.15795522928237915,0.11776411533355713,0.1268908940177198,-0.19682133197784424,0.18168002367019653,0.09862574561645943,-0.1568647027015686,0.1643022894859314,0.07934722676088768,-0.12078863382339478,0.1269415020942688,0.07741115613987404
YES,0.0,0.0,0.0,-0.05726218223571777,-0.21079254150390625,0.008557639660757843,-0.12831318378448486,-0.3237174153327942,0.06037996115021116,-0.1608315110206604,-0.3376785218715668,0.11812095494799024,-0.14295858144760132,-0.30695727467536926,0.18310004623464948,-0.2687346339225769,-0.166390061378479,0.11214948596290952,-0.2952771782875061,-0.2216065526008606,0.18794298322729475,-0.26976898312568665,-0.2602792978286743,0.22953915746740705,-0.23686668276786804,-0.2793636918067932,0.2529116735034407,-0.2352256178855896,-0.08826613426208496,0.1396742180161894,-0.2339833676815033,-0.19300293922424316,0.21987092645697004,-0.19725072383880615,-0.24200230836868286,0.23794604988626844,-0.1634976863861084,-0.2612804174423218,0.24100715072683698,-0.18629193305969238,-0.0388789176940918,0.1663531229072035,-0.18409132957458496,-0.1507047414779663,0.22495152206949598,-0.15754520893096924,-0.20518779754638672,0.21671904774240858,-0.12439966201782227,-0.24079209566116333,0.20399700255922681,-0.13945794105529785,-0.01857048273086548,0.19395153375200636,-0.1473066210746765,-0.11483269929885864,0.2308474496179045,-0.1304645538330078,-0.169998437166214,0.23005822451643354,-0.10755807161331177,-0.21046429872512817,0.22620870323709852
YES,0.0,0.0,0.0,-0.028336167335510254,-0.21795621514320374,0.004411719269739933,-0.08942586183547974,-0.3490225076675415,0.04750117845429713,-0.12943190336227417,-0.37728792428970337,0.09599817357553775,-0.12669247388839722,-0.35968002676963806,0.15005852840437228,-0.2561511993408203,-0.181324303150177,0.10755540243877704,-0.286738783121109,-0.23296985030174255,0.18691820464624698,-0.2616952061653137,-0.27240633964538574,0.2264338340569907,-0.23626244068145752,-0.28974729776382446,0.24552380106939609,-0.2311415672302246,-0.09295082092285156,0.1346631254960471,-0.22510498762130737,-0.20417886972427368,0.216579293828147,-0.18541812896728516,-0.2524822950363159,0.2267041411210471,-0.15720146894454956,-0.266681432723999,0.22171675227178866,-0.18785548210144043,-0.03895837068557739,0.16241163573755557,-0.18281757831573486,-0.15335595607757568,0.22328943572534854,-0.15294045209884644,-0.20823034644126892,0.21208067796720798,-0.12493568658828735,-0.23597335815429688,0.19414227269186313,-0.14430111646652222,-0.018145382404327393,0.19112395308508212,-0.14551770687103271,-0.11844152212142944,0.233122279863494,-0.12489843368530273,-0.16789120435714722,0.23423432372106845,-0.1027756929397583,-0.19445139169692993,0.2290188129950934
YES,0.0,0.0,0.0,-0.11140769720077515,-0.014113008975982666,0.01613245608908187,-0.20159494876861572,-0.07820123434066772,0.03983379418653499,-0.23251032829284668,-0.12763220071792603,0.0627117593089963,-0.23355290293693542,-0.1512279212474823,0.08668529133004199,-0.257235586643219,-0.09820026159286499,0.049336201349916564,-0.2682412564754486,-0.16560524702072144,0.08443295101326953,-0.23095214366912842,-0.16996252536773682,0.09903790692490588,-0.20764374732971191,-0.16012513637542725,0.10511603842181216,-0.2170329988002777,-0.12813729047775269,0.052964742134037124,-0.2257097363471985,-0.18864277005195618,0.09791368881863605,-0.19702059030532837,-0.18373069167137146,0.10232970009249698,-0.17190402746200562,-0.1637638509273529,0.09568242619437228,-0.16206681728363037,-0.1579955816268921,0.058971541772308456,-0.17944908142089844,-0.20400172472000122,0.09367976973456393,-0.15823400020599365,-0.1930093765258789,0.08839955071610461,-0.13443177938461304,-0.16843950748443604,0.07587024460238467,-0.10881030559539795,-0.19416064023971558,0.06727098564309131,-0.12709105014801025,-0.22752362489700317,0.09469438234967242,-0.11564809083938599,-0.21233108639717102,0.10126570502919208,-0.09852445125579834,-0.1897546947002411,0.1015463684002782
YES,0.0,0.0,0.0,-0.13251793384552002,-0.042950987815856934,0.026102310619023683,-0.2413911521434784,-0.024289071559906006,0.06852408369508112,-0.30486345291137695,0.026218891143798828,0.10436933358636225,-0.3325082063674927,0.0939173698425293,0.13511670251813257,-0.24222451448440552,-0.1140052080154419,0.13310109694924677,-0.27784615755081177,0.013407289981842041,0.179079881510404,-0.26087960600852966,0.08127403259277344,0.1845824631067785,-0.2259323000907898,0.10733300447463989,0.18359932919469202,-0.20300078392028809,-0.07673776149749756,0.13081010302033746,-0.23486053943634033,0.04779320955276489,0.1764316024395498,-0.20668339729309082,0.11323398351669312,0.15047266205277765,-0.165422260761261,0.14499562978744507,0.12524186690774286,-0.16658848524093628,-0.03029918670654297,0.12776233871903742,-0.19035649299621582,0.08444315195083618,0.1506120326134237,-0.16380935907363892,0.1494821310043335,0.11160159727063501,-0.12871021032333374,0.1702774167060852,0.08053125312056864,-0.12691766023635864,0.008142232894897461,0.1283834042164358,-0.1477738618850708,0.0846986174583435,0.13671740015473688,-0.1258699893951416,0.1413286328315735,0.12519394477334345,-0.10201168060302734,0.16396886110305786,0.11591341217484796
YES,0.0,0.0,0.0,-0.13628900051116943,-0.04727792739868164,-0.025850890287244965,-0.2367672324180603,-0.15689092874526978,-0.006994480815762927,-0.2970244288444519,-0.21386641263961792,0.022432036614929984,-0.30639076232910156,-0.22813278436660767,0.05349487430504496,-0.10681873559951782,-0.36493152379989624,0.037870343691622566,-0.20111554861068726,-0.3160935640335083,0.09973864249042208,-0.22776341438293457,-0.2394719123840332,0.12441045782617266,-0.22555804252624512,-0.19139063358306885,0.13364790371707613,-0.046959102153778076,-0.3392367660999298,0.07002211353830035,-0.1590029001235962,-0.2786512076854706,0.13616652778438265,-0.19051522016525269,-0.2163648009300232,0.13717900208285982,-0.18541228771209717,-0.16044175624847412,0.12507821611217196,-0.01329493522644043,-0.283621609210968,0.10406729570678408,-0.11667740345001221,-0.23436763882637024,0.15841101101688082,-0.14894819259643555,-0.18754979968070984,0.14021113506606753,-0.14977824687957764,-0.13522309064865112,0.11557572326711352,0.00724637508392334,-0.2255721390247345,0.13670308879665072,-0.0770721435546875,-0.19635790586471558,0.17046733192256625,-0.10315793752670288,-0.15991109609603882,0.16788077346137698,-0.1072854995727539,-0.11483734846115112,0.1612710206871384
YES,0.0,0.0,0.0,-0.1360432505607605,-0.02751922607421875,-0.003089485610871634,-0.225025475025177,-0.0034801363945007324,0.01095014841757802,-0.27512839436531067,0.03491765260696411,0.020741487233863154,-0.3096593916416168,0.06258499622344971,0.027477993010506907,-0.14900752902030945,-0.0790908932685852,0.0822495690872529,-0.22759145498275757,0.006013154983520508,0.1063235572864869,-0.268420934677124,0.07112455368041992,0.09894271412395028,-0.2844529151916504,0.11177188158035278,0.08863844939969567,-0.08068019151687622,-0.040138065814971924,0.08404663422606973,-0.15417981147766113,0.10281568765640259,0.10811060139440087,-0.16378676891326904,0.16944164037704468,0.07845089056991128,-0.1512218713760376,0.18462085723876953,0.049439052431807795,-0.0272214412689209,0.00292360782623291,0.08332327225707559,-0.09134119749069214,0.14002597332000732,0.08910493025086907,-0.10782665014266968,0.17941969633102417,0.0602374173095086,-0.10873931646347046,0.1790759563446045,0.03735204258464364,0.027581512928009033,0.04009294509887695,0.08291153082154779,-0.007589101791381836,0.13004422187805176,0.08775841662190942,-0.024126708507537842,0.170737624168396,0.08751734563611535,-0.030720889568328857,0.18752294778823853,0.08542335250876931
NO,0.0,0.0,0.0,-0.1463109254837036,-0.008904218673706055,0.009796852394345024,-0.24593406915664673,-0.04203373193740845,0.03754893239528201,-0.3185838460922241,-0.031623125076293945,0.06222793381601832,-0.37740129232406616,-0.025227785110473633,0.0900542206683781,-0.16180181503295898,-0.2673187255859375,0.13508138727337382,-0.19140899181365967,-0.3334956169128418,0.21908865045696757,-0.2025388479232788,-0.3652345538139343,0.27571064900547526,-0.208027184009552,-0.38986802101135254,0.31764329146534465,-0.10087341070175171,-0.260581910610199,0.16771847676426432,-0.13206148147583008,-0.32609063386917114,0.27716556858212016,-0.1543443202972412,-0.3446057438850403,0.34873459409863017,-0.16909456253051758,-0.35426563024520874,0.402248270026746,-0.04841899871826172,-0.22911322116851807,0.19441515874058268,-0.08403646945953369,-0.2608135938644409,0.2918199963489201,-0.11508059501647949,-0.26666706800460815,0.34757662486225627,-0.13901382684707642,-0.26056528091430664,0.38723988007694743,-0.013551950454711914,-0.18538182973861694,0.21724327575356028,-0.04319417476654053,-0.20657998323440552,0.29429051946789286,-0.07065033912658691,-0.19947439432144165,0.3391661114612248,-0.0861891508102417,-0.1835535764694214,0.37594885300785563
NO,0.0,0.0,0.0,0.060464322566986084,-0.024978280067443848,-0.017217403799501874,0.10555452108383179,-0.06792789697647095,-0.0279067294301667,0.13548970222473145,-0.08758378028869629,-0.03957032650729797,0.16299831867218018,-0.08779144287109375,-0.051053522676435925,0.042665839195251465,-0.16408699750900269,-0.0032615725046225563,0.018969237804412842,-0.21597355604171753,-0.017766234055367924,0.004457294940948486,-0.2463819980621338,-0.034422437250820614,-0.002432405948638916,-0.2801700830459595,-0.0470233210923352,0.008994102478027344,-0.18541014194488525,-0.0059295404331960455,-0.02275216579437256,-0.26213937997817993,-0.018964455053416707,-0.03498154878616333,-0.31537824869155884,-0.03688599035164497,-0.041472554206848145,-0.3613814115524292,-0.0513781295718827,-0.016983747482299805,-0.19824343919754028,-0.011117796935347535,-0.04402393102645874,-0.281671404838562,-0.027623434141484715,-0.05360698699951172,-0.3357916474342346,-0.041932838559357144,-0.05849534273147583,-0.3794519901275635,-0.05076454445740364,-0.03226977586746216,-0.19958776235580444,-0.017839478850571133,-0.04761791229248047,-0.2736471891403198,-0.02885621093234203,-0.05604398250579834,-0.3212880492210388,-0.03274984151145599,-0.05763000249862671,-0.36302250623703003,-0.03567114710828445
NO,0.0,0.0,0.0,-0.13295382261276245,-0.02777242660522461,0.005706581233198449,-0.21893668174743652,-0.09796059131622314,0.0243429503796051,-0.27872562408447266,-0.12283611297607422,0.04206784995471935,-0.3288208842277527,-0.1434943675994873,0.06114358635818462,-0.1334781050682068,-0.31642454862594604,0.08361132996355991,-0.16886311769485474,-0.37867406010627747,0.1555727403072069,-0.18578749895095825,-0.4025587737560272,0.20138093637501697,-0.19802701473236084,-0.41582512855529785,0.23200516211068134,-0.06302952766418457,-0.3128529191017151,0.10558301018750171,-0.10546404123306274,-0.3695761561393738,0.20031188236748676,-0.13863897323608398,-0.38085857033729553,0.25282229291474323,-0.1601518988609314,-0.37647300958633423,0.28545622335946064,-0.0045890212059021,-0.2790537476539612,0.12558881746804218,-0.04718834161758423,-0.31640779972076416,0.20518390642678241,-0.07878708839416504,-0.31395143270492554,0.23689985083615284,-0.10194563865661621,-0.2957478165626526,0.2531665097383211,0.03632408380508423,-0.237504243850708,0.14383983420407276,0.0031908750534057617,-0.2593339681625366,0.1995190213826845,-0.02529841661453247,-0.2517135739326477,0.22543617891346912,-0.046537578105926514,-0.2230226993560791,0.2441686819699953
NO,0.0,0.0,0.0,-0.12860041856765747,-0.04950183629989624,-0.004808164162625417,-0.1987839937210083,-0.1463344693183899,0.01931794131354536,-0.24463218450546265,-0.1852273941040039,0.050771096294681684,-0.2815883755683899,-0.2003011703491211,0.08196638295606817,-0.10977661609649658,-0.3739657402038574,0.03196615496830191,-0.19967395067214966,-0.3339097499847412,0.08753127375797476,-0.24043428897857666,-0.29131436347961426,0.11262684831575598,-0.2589120864868164,-0.272438645362854,0.12384820500568594,-0.038410961627960205,-0.35877513885498047,0.052646686827699796,-0.12294530868530273,-0.32271838188171387,0.11266792336658682,-0.16296857595443726,-0.2705172300338745,0.11943548688844885,-0.1749468445777893,-0.22358620166778564,0.11407921234325613,0.010304272174835205,-0.30618685483932495,0.07789943138317312,-0.06365162134170532,-0.29243004322052,0.12353990743116583,-0.09972888231277466,-0.2568058371543884,0.1121193743701383,-0.10734570026397705,-0.21814978122711182,0.09540620962337698,0.036498308181762695,-0.2532356381416321,0.10457148919061865,-0.02817225456237793,-0.24014419317245483,0.12926210979179587,-0.058569133281707764,-0.21383506059646606,0.12823015967563833,-0.0695536732673645,-0.1777193546295166,0.12548929969028677
NO,0.0,0.0,0.0,-0.12980318069458008,-0.04487353563308716,-0.0008962231706846069,-0.20958852767944336,-0.13438230752944946,0.019019210313445,-0.26537469029426575,-0.16562068462371826,0.04248594452906218,-0.3122239410877228,-0.17987167835235596,0.06462309842277136,-0.10975825786590576,-0.3618626594543457,0.048849433262830644,-0.1756305694580078,-0.3947160840034485,0.10432131921220389,-0.2127576470375061,-0.3922926187515259,0.1287581283347663,-0.2399299144744873,-0.39131712913513184,0.14051653032470313,-0.038092613220214844,-0.3568674325942993,0.06754461263585654,-0.10371994972229004,-0.3611999750137329,0.13485160057712164,-0.14327925443649292,-0.3316124677658081,0.14848777239490119,-0.16074198484420776,-0.29362595081329346,0.14753047709632483,0.011871039867401123,-0.315629780292511,0.08863105957675543,-0.047198355197906494,-0.3187207579612732,0.14375550632644263,-0.08228123188018799,-0.30074089765548706,0.14001968090701666,-0.0994005799293518,-0.26948004961013794,0.12708904926944342,0.04037904739379883,-0.2733088731765747,0.11017550115752783,-0.012102603912353516,-0.26578474044799805,0.1462764102714118,-0.03991091251373291,-0.24620306491851807,0.15315454785991278,-0.056374549865722656,-0.20885497331619263,0.15465685312915411
NO,0.0,0.0,0.0,-0.1287732720375061,-0.04699927568435669,-0.028383886199890185,-0.2073882818222046,-0.14360707998275757,-0.021161829811035204,-0.2540213465690613,-0.1904544234275818,-0.002514946731253076,-0.2776947617530823,-0.20183861255645752,0.0183696861001863,-0.11360567808151245,-0.36765074729919434,-0.017447842043338824,-0.21685588359832764,-0.31762635707855225,0.005049009117783498,-0.2517961859703064,-0.2743188142776489,0.012117799613179159,-0.25867390632629395,-0.25146883726119995,0.013585167247356367,-0.037634074687957764,-0.35263121128082275,0.004662041794063043,-0.14538800716400146,-0.3169785141944885,0.03041046695739169,-0.18323016166687012,-0.268435001373291,0.03073785664469142,-0.19164597988128662,-0.22570937871932983,0.02440751926928897,0.013453185558319092,-0.30444949865341187,0.02922214964360137,-0.08453041315078735,-0.2777091860771179,0.04777669558257003,-0.11833757162094116,-0.24438178539276123,0.039002847168148946,-0.12114959955215454,-0.20371031761169434,0.027747582885922384,0.039946913719177246,-0.24977540969848633,0.05243672082156081,-0.04293978214263916,-0.22049546241760254,0.055567745361031484,-0.06861889362335205,-0.19115310907363892,0.052831724527777624,-0.07136428356170654,-0.15778303146362305,0.05230131024450202
NO,0.0,0.0,0.0,-0.11999058723449707,-0.043318986892700195,-0.02583083872525549,-0.19775712490081787,-0.1297374963760376,-0.02645523463218069,-0.24414539337158203,-0.17052966356277466,-0.018682060659216404,-0.2781341075897217,-0.18077784776687622,-0.010733098618970871,-0.10112351179122925,-0.3525387644767761,-0.024229913845942974,-0.19931000471115112,-0.3072984218597412,-0.015611627966450214,-0.24644160270690918,-0.2533813714981079,-0.019004026323841572,-0.2683274745941162,-0.21080809831619263,-0.021914841503189564,-0.030760347843170166,-0.3382718563079834,-0.006737175293551445,-0.1391535997390747,-0.2944250702857971,0.009072658709897041,-0.19340837001800537,-0.23525959253311157,0.0018218413337081074,-0.2212977409362793,-0.17728865146636963,-0.008359425597177506,0.015982091426849365,-0.2924765944480896,0.013593756697787285,-0.08235299587249756,-0.25899285078048706,0.026283418863727093,-0.1326342225074768,-0.21450334787368774,0.01601392041118288,-0.15521669387817383,-0.15624380111694336,0.005059967387182951,0.03914475440979004,-0.235110342502594,0.03308126899571562,-0.0423274040222168,-0.20143187046051025,0.03722279715509558,-0.0828932523727417,-0.17237168550491333,0.03776689442963743,-0.10470753908157349,-0.13161146640777588,0.039852084696008205
NO,0.0,0.0,0.0,-0.11915135383605957,-0.023519814014434814,-0.00873084270773461,-0.19794654846191406,-0.10224837064743042,0.0013234000894613018,-0.24938833713531494,-0.12756454944610596,0.014206040674764608,-0.29749372601509094,-0.1412489414215088,0.026297932514864897,-0.11464256048202515,-0.3224332928657532,0.029992014193851446,-0.17773497104644775,-0.3414004445075989,0.06348866226704786,-0.21946555376052856,-0.3428965210914612,0.07385382803710172,-0.2520564794540405,-0.34780353307724,0.07802149655850599,-0.041387319564819336,-0.3233829736709595,0.042555257702190374,-0.09431517124176025,-0.32603710889816284,0.09149395676882932,-0.1312224268913269,-0.30711495876312256,0.10421472790272901,-0.15172988176345825,-0.2816852927207947,0.1073519960287399,0.013116598129272461,-0.2804413437843323,0.055286996090728735,-0.030064702033996582,-0.2870103716850281,0.09015145900281141,-0.05940335988998413,-0.2732124924659729,0.09362620862754056,-0.07416009902954102,-0.24965441226959229,0.09188963475259015,0.0495913028717041,-0.2282997965812683,0.06705636533530424,0.008312821388244629,-0.22307944297790527,0.08520675452979276,-0.013988018035888672,-0.208770751953125,0.09341303261550138,-0.026583552360534668,-0.17914831638336182,0.10087459536822507
NO,0.0,0.0,0.0,-0.13049590587615967,-0.013173580169677734,-0.006288746281143176,-0.224903404712677,-0.07977122068405151,0.011133433876011622,-0.2973979711532593,-0.08593827486038208,0.031130057384643806,-0.3553411662578583,-0.08653753995895386,0.05242780651656176,-0.1354120373725891,-0.31719785928726196,0.06759874950853373,-0.1822623610496521,-0.3786333203315735,0.1372149927517512,-0.2037157416343689,-0.4069499373435974,0.18414320479837443,-0.2156347632408142,-0.42859959602355957,0.21681350897756602,-0.06475061178207397,-0.3126010298728943,0.0966886175772288,-0.10976839065551758,-0.3874140977859497,0.1912342501780131,-0.14332199096679688,-0.41150516271591187,0.24697420429197336,-0.1652328372001648,-0.41965430974960327,0.28275102805105234,-0.007423818111419678,-0.2753666043281555,0.12290706168619181,-0.05481386184692383,-0.3078823685646057,0.20291190277544047,-0.09149956703186035,-0.300409734249115,0.23080859016386057,-0.11623024940490723,-0.28310680389404297,0.2454271806379893,0.031687378883361816,-0.22840863466262817,0.1466165674826243,-0.010790646076202393,-0.22863078117370605,0.20066240858045603,-0.04230540990829468,-0.20977598428726196,0.22233437429872538,-0.06369411945343018,-0.17584407329559326,0.23878033887353922
NO,0.0,0.0,0.0,-0.12440013885498047,-0.021638810634613037,-0.007900435224357238,-0.21544301509857178,-0.08065915107727051,0.004097679417398581,-0.28205960988998413,-0.08835446834564209,0.018513096749600777,-0.33401209115982056,-0.09824150800704956,0.031345667570647606,-0.12636977434158325,-0.31759703159332275,0.05875122386198939,-0.17735826969146729,-0.35791927576065063,0.12398214477282465,-0.20620006322860718,-0.37079864740371704,0.15665078002196253,-0.2266843318939209,-0.3770371675491333,0.1737797244189352,-0.05592745542526245,-0.31246811151504517,0.08272351908665598,-0.10828208923339844,-0.32782554626464844,0.1681746079323858,-0.14476990699768066,-0.30042701959609985,0.19737499791365565,-0.15961062908172607,-0.2703701853752136,0.20658813256007136,0.00012636184692382812,-0.27443939447402954,0.10653453904372157,-0.04642152786254883,-0.2923753261566162,0.18002909260970057,-0.08069378137588501,-0.27214765548706055,0.1880769415495962,-0.0990058183670044,-0.245966374874115,0.18053832489233912,0.03973948955535889,-0.23203682899475098,0.1288616939185232,-0.0018199682235717773,-0.232086181640625,0.1782582684157461,-0.031385064125061035,-0.2133384346961975,0.19075566369276942,-0.047231316566467285,-0.18262487649917603,0.19427379804831446
NO,0.0,0.0,0.0,-0.13186126947402954,-0.030242562294006348,-0.029172116698475747,-0.21312189102172852,-0.10669636726379395,-0.026449763955326944,-0.26348191499710083,-0.13377106189727783,-0.01506224721089211,-0.3045493960380554,-0.13340890407562256,-0.004435650346579223,-0.135875403881073,-0.3352370262145996,-0.012461239279957681,-0.21333009004592896,-0.25809407234191895,0.0054635472653785655,-0.24903500080108643,-0.19688618183135986,0.00499758096992764,-0.2597183585166931,-0.159542977809906,0.0008382670523019442,-0.05977499485015869,-0.3207990527153015,0.006460018182394833,-0.1456369161605835,-0.2611963748931885,0.029925463913230033,-0.18714869022369385,-0.19746220111846924,0.024644492386130423,-0.20105630159378052,-0.14160358905792236,0.013558985857514472,-0.004746913909912109,-0.2713921070098877,0.02717900667920503,-0.08121752738952637,-0.22513705492019653,0.04304183293714914,-0.11297041177749634,-0.17793750762939453,0.029464805690793128,-0.11840718984603882,-0.12437379360198975,0.014643272577075095,0.029781877994537354,-0.21771639585494995,0.04654439185395631,-0.0319516658782959,-0.1772577166557312,0.04949274305835161,-0.05559968948364258,-0.14333152770996094,0.045669909758714766,-0.0590096116065979,-0.10657882690429688,0.043137464864400954
NO,0.0,0.0,0.0,-0.12515676021575928,-0.041317880153656006,-0.031521234595857095,-0.20776808261871338,-0.11147952079772949,-0.03658667200215859,-0.26205742359161377,-0.1333600878715515,-0.03182962530263467,-0.30555257201194763,-0.14185386896133423,-0.02718464837380452,-0.11433637142181396,-0.3408414125442505,-0.03585389622458024,-0.20676982402801514,-0.26988619565963745,-0.022102001988969278,-0.254835844039917,-0.19989556074142456,-0.01962951936729951,-0.2820737957954407,-0.14868760108947754,-0.019559631058655214,-0.037133872509002686,-0.32992875576019287,-0.014302799412689637,-0.1426507830619812,-0.2677866220474243,0.0016149307557498105,-0.2013518214225769,-0.19285047054290771,-0.006270219040743541,-0.23457711935043335,-0.12496304512023926,-0.018094250866852235,0.01595860719680786,-0.280658483505249,0.011821071682788897,-0.07818561792373657,-0.23938733339309692,0.0264101029097219,-0.12241870164871216,-0.18838542699813843,0.016873756489076186,-0.14106464385986328,-0.12565618753433228,0.0049598646073718555,0.04327726364135742,-0.2216286063194275,0.0373111814915319,-0.02816188335418701,-0.18657273054122925,0.04166419065586524,-0.062430381774902344,-0.15488570928573608,0.043079108065285254,-0.07829952239990234,-0.11634856462478638,0.04497094458929496
NO,0.0,0.0,0.0,-0.13082486391067505,0.0009310245513916016,-0.027627700385096432,-0.22901803255081177,-0.03738844394683838,-0.03931324687266624,-0.31129857897758484,-0.04510140419006348,-0.04946804177427566,-0.382022500038147,-0.04883915185928345,-0.05921235811376846,-0.12850981950759888,-0.26441848278045654,0.0194058665964576,-0.1574382781982422,-0.3620479106903076,0.05227318275308335,-0.1663314700126648,-0.4226747155189514,0.0696833418641063,-0.1660810112953186,-0.46783143281936646,0.0805294128093692,-0.06241041421890259,-0.2667428255081177,0.0397375957999202,-0.09463518857955933,-0.36902081966400146,0.09040944892501557,-0.11023163795471191,-0.4327687621116638,0.1100271033081981,-0.11265146732330322,-0.48007932305336,0.11819293219184601,-0.004243791103363037,-0.23397821187973022,0.057291513863560795,-0.03596621751785278,-0.2527537941932678,0.10019658375119889,-0.05160391330718994,-0.2195088267326355,0.1031676592264148,-0.060058772563934326,-0.18872541189193726,0.1007168130907985,0.04104965925216675,-0.1845601201057434,0.07145711648797715,0.026086270809173584,-0.17992067337036133,0.09885927903985703,0.015193700790405273,-0.14393573999404907,0.10697419065570557,0.01225590705871582,-0.10822939872741699,0.11153386402463639
NO,0.0,0.0,0.0,-0.1377086043357849,-0.016570091247558594,-0.02104294918751748,-0.2400990128517151,-0.07651305198669434,-0.027982507499814346,-0.33070579171180725,-0.09548908472061157,-0.03304580286419423,-0.40173107385635376,-0.11209046840667725,-0.03761152237927945,-0.12737500667572021,-0.3034507632255554,0.03142471179091899,-0.16115903854370117,-0.41655582189559937,0.07400461598956554,-0.17036527395248413,-0.47845953702926636,0.09785417034947841,-0.17257291078567505,-0.5266610383987427,0.113157551136851,-0.061682820320129395,-0.3069878816604614,0.05700648516142337,-0.09937149286270142,-0.42390745878219604,0.11658103331649272,-0.11618244647979736,-0.49530526995658875,0.1389281780990359,-0.11724972724914551,-0.5414924025535583,0.14892359390580623,-0.003201782703399658,-0.2697852849960327,0.08104231521213023,-0.04190760850906372,-0.29546165466308594,0.13557388201081721,-0.060517191886901855,-0.25421977043151855,0.13481118097627132,-0.0676501989364624,-0.21392583847045898,0.12930873349034755,0.0389859676361084,-0.2183113694190979,0.10294033154571025,0.012240171432495117,-0.2214505672454834,0.1436995895179507,-0.003966271877288818,-0.18332457542419434,0.15135701313340633,-0.008116424083709717,-0.14320814609527588,0.15397879793965785
NO,0.0,0.0,0.0,-0.14459675550460815,-0.022755563259124756,-0.016511399747514588,-0.2499261498451233,-0.08285677433013916,-0.014819453919017178,-0.3433114290237427,-0.0986366868019104,-0.011079515779101712,-0.41209354996681213,-0.10958153009414673,-0.006784909853422505,-0.12989723682403564,-0.29748278856277466,0.048512761963820594,-0.164320707321167,-0.40904921293258667,0.10160334177157893,-0.17229515314102173,-0.47366899251937866,0.13084865130326762,-0.17296749353408813,-0.5223881006240845,0.14993219591519846,-0.06484049558639526,-0.30103057622909546,0.07788557328126444,-0.10028934478759766,-0.4186798334121704,0.1516047767534019,-0.11737948656082153,-0.4918174743652344,0.18061520673177256,-0.12128245830535889,-0.543305903673172,0.19381672657868876,-0.007694721221923828,-0.2682726979255676,0.10518820352695002,-0.05435895919799805,-0.295049786567688,0.1727478406562568,-0.0764424204826355,-0.2607116103172302,0.1752156964673759,-0.08650791645050049,-0.22487866878509521,0.17009351171395792,0.032743871212005615,-0.22271674871444702,0.1299503646030189,0.002510547637939453,-0.21880733966827393,0.17891794957063212,-0.014645874500274658,-0.1841897964477539,0.18712418295285715,-0.02100127935409546,-0.14457011222839355,0.18926868356606974
NO,0.0,0.0,0.0,-0.1382744312286377,-0.02020418643951416,-0.0212617253914118,-0.23659884929656982,-0.0786670446395874,-0.022904416362905522,-0.3285481333732605,-0.09744471311569214,-0.021085748265647908,-0.39599138498306274,-0.10929715633392334,-0.018393793891334553,-0.12889152765274048,-0.29516470432281494,0.03178345802876947,-0.15904033184051514,-0.4123782515525818,0.07273704576942919,-0.16558027267456055,-0.47653263807296753,0.09329094011042116,-0.16615843772888184,-0.5283797681331635,0.106653168980813,-0.06396484375,-0.2988138198852539,0.06106729451272486,-0.09877824783325195,-0.4146614074707031,0.12073652464601992,-0.11544495820999146,-0.48556527495384216,0.1427407266542673,-0.1193045973777771,-0.5325320065021515,0.1515111478016138,-0.009094834327697754,-0.26588112115859985,0.08862662333700655,-0.050790607929229736,-0.29986685514450073,0.14728528279516695,-0.07823741436004639,-0.280853807926178,0.15199957806322573,-0.09419161081314087,-0.2551865577697754,0.14880712348673342,0.0282822847366333,-0.21929705142974854,0.11319681275341509,-0.0023326873779296875,-0.22170811891555786,0.15884207207415102,-0.024171829223632812,-0.19532036781311035,0.17035870272371767,-0.035826683044433594,-0.16176533699035645,0.17518346029970644
NO,0.0,0.0,0.0,-0.14780378341674805,-0.0229952335357666,-0.018014693575310048,-0.2537962794303894,-0.09527754783630371,-0.013643386716353234,-0.34303468465805054,-0.11924999952316284,-0.005865851359772023,-0.4052886366844177,-0.1395566463470459,0.003362576068980161,-0.15636992454528809,-0.31854248046875,0.04687903082151479,-0.18929630517959595,-0.4321519434452057,0.09817370033044881,-0.196763813495636,-0.49627378582954407,0.12685820466060704,-0.19624799489974976,-0.5465189516544342,0.14603163307685918,-0.08920973539352417,-0.3238269090652466,0.07663845276613301,-0.12638044357299805,-0.4382094442844391,0.14730662113208837,-0.14632952213287354,-0.505146712064743,0.1760841012575156,-0.15008622407913208,-0.5441179275512695,0.19187620287914342,-0.0268058180809021,-0.28819334506988525,0.10382813966054982,-0.07248616218566895,-0.3197459578514099,0.16184347873706884,-0.09456098079681396,-0.27987509965896606,0.1611109227516181,-0.10292679071426392,-0.2391366958618164,0.15774801379222936,0.017480134963989258,-0.2425023317337036,0.1293837726690299,-0.015282273292541504,-0.24931561946868896,0.16986382013340062,-0.030567407608032227,-0.21045207977294922,0.17566600447673864,-0.035227835178375244,-0.1669132113456726,0.17895258968849248
NO,0.0,0.0,0.0,-0.14012789726257324,-0.060837507247924805,0.009359413154044205,-0.21634048223495483,-0.1746959686279297,0.03120290520749336,-0.26733607053756714,-0.23128700256347656,0.05191252227089649,-0.31532734632492065,-0.26275575160980225,0.07049806262514835,-0.10405004024505615,-0.36250782012939453,0.06796405310890918,-0.1664806604385376,-0.4332408607006073,0.12163952584526783,-0.197898268699646,-0.4619412422180176,0.1434853434111858,-0.21831661462783813,-0.4856618344783783,0.15263197417519336,-0.034382760524749756,-0.3605300188064575,0.07763799871466404,-0.09115785360336304,-0.3978070020675659,0.14190120096466785,-0.12608861923217773,-0.37084490060806274,0.15329087372086292,-0.1353696584701538,-0.3411034941673279,0.15194190140030628,0.013311684131622314,-0.3224552273750305,0.08867160822413211,-0.03816497325897217,-0.3490227162837982,0.14290732736847644,-0.07302063703536987,-0.32546013593673706,0.1404546707417751,-0.08294504880905151,-0.29823896288871765,0.12803170676491504,0.037053823471069336,-0.27634668350219727,0.10077655161879306,-0.011447429656982422,-0.29176831245422363,0.1422903000857616,-0.04131287336349487,-0.271994948387146,0.15349674816391712,-0.05363863706588745,-0.23959892988204956,0.15607585604450946
NO,0.0,0.0,0.0,-0.13871091604232788,-0.01825559139251709,-0.024863478831669283,-0.22685760259628296,-0.11162161827087402,-0.027945612661262942,-0.2892714738845825,-0.16395747661590576,-0.026111765868684245,-0.34247374534606934,-0.19873899221420288,-0.025172363139411402,-0.13874828815460205,-0.33381688594818115,0.014577695995846796,-0.20289725065231323,-0.39403092861175537,0.050646339439133214,-0.23931783437728882,-0.4184572696685791,0.06482826256034713,-0.2567429542541504,-0.4443034529685974,0.06908395224092345,-0.06187784671783447,-0.3379957675933838,0.033273071877935934,-0.12301528453826904,-0.3497858941555023,0.08005134099004607,-0.14561092853546143,-0.30992305278778076,0.09306850367067199,-0.1373530626296997,-0.27942395210266113,0.09562550567863326,-0.005179107189178467,-0.29600024223327637,0.05134830334065299,-0.05994284152984619,-0.3073720335960388,0.08616588347432952,-0.07946687936782837,-0.27052396535873413,0.08573082172153335,-0.07248562574386597,-0.2434893250465393,0.0789453693556581,0.037905335426330566,-0.24513781070709229,0.06744685106752257,-0.009328901767730713,-0.25311970710754395,0.09269853764055114,-0.02314305305480957,-0.22320866584777832,0.1005072378444467,-0.01736605167388916,-0.18701136112213135,0.1036856778788362
NO,0.0,0.0,0.0,-0.13851535320281982,-0.014670729637145996,-0.01997393639891243,-0.23034751415252686,-0.09407395124435425,-0.02058692732958889,-0.3049429655075073,-0.12984013557434082,-0.016977847461987494,-0.3683781623840332,-0.15480875968933105,-0.012397501525867938,-0.13582831621170044,-0.31571292877197266,0.023434492851208688,-0.18624204397201538,-0.4169093072414398,0.06660527093202973,-0.20657360553741455,-0.4755445122718811,0.09439330650360489,-0.21552640199661255,-0.5211547315120697,0.11370806498320007,-0.06562161445617676,-0.31977176666259766,0.05050388825924301,-0.11820489168167114,-0.42779451608657837,0.11499668015034104,-0.1497797966003418,-0.48745447397232056,0.14770357413084412,-0.16544020175933838,-0.5277601480484009,0.1655718843439331,-0.004145026206970215,-0.2821810245513916,0.07587229562790299,-0.05348002910614014,-0.3229297399520874,0.12877863747866058,-0.07885819673538208,-0.29043275117874146,0.13362038237841034,-0.0894121527671814,-0.25325798988342285,0.13271230561525726,0.039924681186676025,-0.23324370384216309,0.09941896153480911,0.0033121705055236816,-0.24536418914794922,0.1345701823929062,-0.017472505569458008,-0.21452099084854126,0.1411178867319336,-0.02543395757675171,-0.17364120483398438,0.14440621537954712
NO,0.0,0.0,0.0,-0.14085924625396729,-0.010833740234375,-0.01511598795559621,-0.24788767099380493,-0.07104825973510742,-0.01681189656164861,-0.33759182691574097,-0.08575445413589478,-0.019552797525193455,-0.4106455445289612,-0.0922623872756958,-0.021864219083454373,-0.1416296362876892,-0.2900547385215759,0.04293964199814582,-0.15335804224014282,-0.42972397804260254,0.07924647025856757,-0.1479511260986328,-0.5082209706306458,0.09737273447308326,-0.14251893758773804,-0.5686874985694885,0.10919254414829993,-0.07125633955001831,-0.29962652921676636,0.05855962030682349,-0.09541982412338257,-0.4314988851547241,0.1087578698256948,-0.09735441207885742,-0.5212485492229462,0.12295889251026892,-0.08928310871124268,-0.5809438526630402,0.12827344380411887,-0.006851017475128174,-0.26819902658462524,0.07131563268694663,-0.03911775350570679,-0.2845847010612488,0.10957159988674903,-0.043817758560180664,-0.22977912425994873,0.1022605314115026,-0.04426240921020508,-0.18381613492965698,0.09640798114332938,0.04051452875137329,-0.225341796875,0.08250988416466498,0.02262294292449951,-0.220062255859375,0.10880005501303458,0.014535725116729736,-0.17371082305908203,0.11207026384863639,0.014936506748199463,-0.13292402029037476,0.11393634371552253
NO,0.0,0.0,0.0,-0.14272570610046387,-0.011110007762908936,-0.02233987123929637,-0.25026029348373413,-0.0664985179901123,-0.02869462975525039,-0.3441953659057617,-0.0757749080657959,-0.034678891387216026,-0.4123813211917877,-0.08522003889083862,-0.040133886125317986,-0.1487707495689392,-0.289179265499115,0.025738250378140037,-0.15560317039489746,-0.4255070984363556,0.04810229307747704,-0.15009009838104248,-0.5031650066375732,0.05592112979627473,-0.14191299676895142,-0.567666232585907,0.06158676362372262,-0.07822376489639282,-0.29915720224380493,0.04250636315680367,-0.09727323055267334,-0.42458489537239075,0.079614955845841,-0.09810811281204224,-0.5179515480995178,0.08834255850649697,-0.0886736512184143,-0.5828667879104614,0.09109820789433343,-0.013694345951080322,-0.26719194650650024,0.05582880220151765,-0.03952080011367798,-0.27922213077545166,0.0820304489765249,-0.041655004024505615,-0.22189629077911377,0.07430346674061639,-0.03850221633911133,-0.17027437686920166,0.07102476424313409,0.03322476148605347,-0.22300606966018677,0.06693573659993035,0.024529993534088135,-0.21901023387908936,0.08292577779627663,0.02047872543334961,-0.1690824031829834,0.08526230222321374,0.022613167762756348,-0.12485915422439575,0.08900963133908135
NO,0.0,0.0,0.0,-0.14299243688583374,-0.01054370403289795,0.0006050748630173075,-0.2363666296005249,-0.07374626398086548,0.013620899582349466,-0.313518762588501,-0.08369243144989014,0.027165522391044306,-0.3705170154571533,-0.0744783878326416,0.041094760933958696,-0.1616479754447937,-0.31510353088378906,0.06278328184231441,-0.17504650354385376,-0.42850515246391296,0.11663551960333507,-0.17608612775802612,-0.49160149693489075,0.14702738408192317,-0.17184466123580933,-0.5403712093830109,0.16764354292496364,-0.09076148271560669,-0.3204522728919983,0.08690961037024181,-0.1141013503074646,-0.42928165197372437,0.16613895777805965,-0.12669652700424194,-0.4958399534225464,0.2032687920723788,-0.1302790641784668,-0.5415588319301605,0.22269942943199794,-0.024169623851776123,-0.28715211153030396,0.10928661707981746,-0.06448405981063843,-0.3259240388870239,0.1827953863535754,-0.09049719572067261,-0.3020426034927368,0.19373583380325954,-0.10836803913116455,-0.27533388137817383,0.19382012967213313,0.020554304122924805,-0.24199789762496948,0.12997239414795558,-0.004223823547363281,-0.2511938214302063,0.18376496020897548,-0.02148592472076416,-0.22361385822296143,0.1974653858338229,-0.028643488883972168,-0.186784029006958,0.20387070957764308
NO,0.0,0.0,0.0,-0.14011436700820923,-0.058753252029418945,-0.018556397361351173,-0.2254447340965271,-0.1625499725341797,-0.015890855295253914,-0.2934763431549072,-0.20909780263900757,-0.007261264091027897,-0.3578750193119049,-0.22729331254959106,0.0003081264617890156,-0.13095539808273315,-0.38157421350479126,0.003376094205634672,-0.233964204788208,-0.3595895767211914,0.0375530254564751,-0.28421080112457275,-0.3189828395843506,0.05008010384659656,-0.31268104910850525,-0.2963416576385498,0.05292732086996921,-0.053982555866241455,-0.37756508588790894,0.02030269620041736,-0.1538788080215454,-0.3518373370170593,0.05883941990356334,-0.19806283712387085,-0.3000975251197815,0.058006202848957855,-0.21681499481201172,-0.25177693367004395,0.04720209729890712,0.0029714107513427734,-0.33001238107681274,0.04094518912057765,-0.08315616846084595,-0.32232654094696045,0.07249997747163661,-0.11930948495864868,-0.284434974193573,0.06464709532480128,-0.13052326440811157,-0.24098831415176392,0.04937356156329997,0.03727519512176514,-0.27397656440734863,0.06159450677256473,-0.0315852165222168,-0.26414239406585693,0.07894626450757869,-0.06226158142089844,-0.2353527545928955,0.08253660243968852,-0.07474160194396973,-0.1956343650817871,0.08234393042545207
NO,0.0,0.0,0.0,-0.1348605751991272,-0.04938793182373047,-0.017082068434774555,-0.22092437744140625,-0.1448313593864441,-0.015084896533608116,-0.2808148264884949,-0.20332491397857666,-0.008133619389354863,-0.33280086517333984,-0.22528231143951416,-0.0015193643689599412,-0.12685465812683105,-0.3700915575027466,0.001882475736692868,-0.23117172718048096,-0.33512282371520996,0.022687620186388813,-0.2848813533782959,-0.27373361587524414,0.02728870947021278,-0.31484466791152954,-0.21871042251586914,0.029832294845164142,-0.05430412292480469,-0.37684696912765503,0.017112946772158466,-0.1709374189376831,-0.3338848948478699,0.03925683226543697,-0.23197340965270996,-0.2665104866027832,0.02918000023919376,-0.2675113081932068,-0.1940016746520996,0.017589647957265697,-0.004765510559082031,-0.34312212467193604,0.036274692678034626,-0.11210691928863525,-0.3079766035079956,0.05711966630178722,-0.1609201431274414,-0.25469475984573364,0.0439257013435963,-0.18281632661819458,-0.18648767471313477,0.0299310988571051,0.01728445291519165,-0.2939780354499817,0.05537190910536083,-0.06821364164352417,-0.26119208335876465,0.06776731338459285,-0.10354459285736084,-0.22810065746307373,0.06859735276657375,-0.12188661098480225,-0.18202418088912964,0.06972737487512859
NO,0.0,0.0,0.0,-0.13301193714141846,-0.038398027420043945,-0.019119467604923557,-0.2156502604484558,-0.12528550624847412,-0.01669679770247967,-0.2709197402000427,-0.1696949005126953,-0.00730741910638244,-0.32182949781417847,-0.18672305345535278,0.002339364243653108,-0.13291633129119873,-0.3477542996406555,-0.010486850533652614,-0.2334383726119995,-0.2988027334213257,0.0097055788896796,-0.28532278537750244,-0.23942524194717407,0.018013617005181004,-0.31438007950782776,-0.19225168228149414,0.02358143588526218,-0.05808502435684204,-0.3466416597366333,0.006914979293924262,-0.16687816381454468,-0.3101940155029297,0.03226546010000675,-0.2271626591682434,-0.24571573734283447,0.03133232703430622,-0.2660737633705139,-0.1796671748161316,0.0257550440542218,-0.00522691011428833,-0.3068932890892029,0.028109652902912785,-0.09882998466491699,-0.2831636071205139,0.04887581428511112,-0.1492825746536255,-0.23628181219100952,0.042473794873785664,-0.17730754613876343,-0.17422515153884888,0.033116111513209034,0.024650216102600098,-0.2534511089324951,0.04938290452582805,-0.04888582229614258,-0.23064064979553223,0.060392094757389714,-0.08917713165283203,-0.20021432638168335,0.06461659630758732,-0.11567181348800659,-0.15673428773880005,0.06846704890949695
NO,0.0,0.0,0.0,-0.13288044929504395,-0.041940927505493164,-0.03497350925158571,-0.21765202283859253,-0.13813668489456177,-0.04012381249617647,-0.27981919050216675,-0.191989004611969,-0.035065173744669664,-0.33211320638656616,-0.21816164255142212,-0.02901359797965597,-0.12024527788162231,-0.35359132289886475,-0.029432359724751223,-0.23186099529266357,-0.3173633813858032,-0.007158320504686344,-0.27475112676620483,-0.25867748260498047,0.0037101934519796487,-0.29189568758010864,-0.21657425165176392,0.008230295390376341,-0.046987950801849365,-0.35087502002716064,-0.005624978444984663,-0.16355127096176147,-0.317172110080719,0.016882602483519804,-0.2149866223335266,-0.2527503967285156,0.01397922857154299,-0.238481342792511,-0.1948888897895813,0.00515312597576667,0.00504612922668457,-0.3075644373893738,0.021872721970567,-0.09820443391799927,-0.2849406599998474,0.04041382333684851,-0.13881361484527588,-0.23889875411987305,0.033990621924886,-0.15009832382202148,-0.18528252840042114,0.023034945488461744,0.03518033027648926,-0.25188082456588745,0.04820171779442717,-0.04901367425918579,-0.2265036702156067,0.05534869095731665,-0.0819287896156311,-0.19042253494262695,0.0582114126389115,-0.09377133846282959,-0.14752477407455444,0.06041101774621893
NO,0.0,0.0,0.0,-0.14054042100906372,-0.021259188652038574,-0.026044063174254006,-0.24814164638519287,-0.08738207817077637,-0.03504271609438092,-0.3403218388557434,-0.10288327932357788,-0.04176226062429578,-0.41234761476516724,-0.10382586717605591,-0.047659935333854264,-0.13779747486114502,-0.30706995725631714,0.011539462118321353,-0.1612076759338379,-0.4384140968322754,0.035052513799541885,-0.16436904668807983,-0.5112062990665436,0.04702001260864108,-0.16291016340255737,-0.5703476667404175,0.0553837289129433,-0.06944894790649414,-0.3139956593513489,0.03270293223010867,-0.09943020343780518,-0.44113555550575256,0.06894084634529918,-0.11279308795928955,-0.5226893723011017,0.08010353716360896,-0.11178815364837646,-0.5780060589313507,0.08465093197571605,-0.007649660110473633,-0.279466450214386,0.05227799909459918,-0.04288691282272339,-0.30312490463256836,0.08310290994393199,-0.05392587184906006,-0.25355786085128784,0.0807038825963673,-0.053955674171447754,-0.20345646142959595,0.07927571060406535,0.03672522306442261,-0.22930675745010376,0.06970429988848537,0.011302411556243896,-0.23649823665618896,0.0926451963399586,0.0003178119659423828,-0.19389945268630981,0.10072230370985835,0.0014851093292236328,-0.15096694231033325,0.10734174968945354
NO,0.0,0.0,0.0,-0.14749616384506226,-0.02490931749343872,-0.01233842072895186,-0.2543652653694153,-0.08860468864440918,-0.008553363735586572,-0.3460034430027008,-0.10228860378265381,-0.0032233401469738965,-0.4141985774040222,-0.10799229145050049,0.00331594922693057,-0.15209531784057617,-0.31683093309402466,0.05133971164116247,-0.17563170194625854,-0.4407743811607361,0.10090528393277509,-0.17918574810028076,-0.5090422630310059,0.12897308135518415,-0.17748254537582397,-0.5621458888053894,0.147796958332151,-0.08640402555465698,-0.32122981548309326,0.07811471039542539,-0.11346679925918579,-0.44554612040519714,0.14507019484528882,-0.1259177327156067,-0.5217361748218536,0.17158620024213178,-0.12611448764801025,-0.5735687911510468,0.1846566345740257,-0.02617889642715454,-0.2846912145614624,0.10267547482737882,-0.07376700639724731,-0.31400978565216064,0.16170479321965558,-0.09810483455657959,-0.2697169780731201,0.16102711821088178,-0.10967779159545898,-0.22516334056854248,0.15673236513623579,0.013728022575378418,-0.2343759536743164,0.12550574505814893,-0.01843470335006714,-0.23817187547683716,0.16775502229222639,-0.03875046968460083,-0.20616674423217773,0.17278347874173505,-0.047899723052978516,-0.16834908723831177,0.1743499633122383
NO,0.0,0.0,0.0,-0.1256832480430603,-0.04755806922912598,-0.032495180295370574,-0.20618778467178345,-0.13888680934906006,-0.03729884155239915,-0.2643224000930786,-0.19339531660079956,-0.030831724555753226,-0.3104234039783478,-0.21824777126312256,-0.023065580205582137,-0.11834555864334106,-0.3628000020980835,-0.0411681664749608,-0.2292090654373169,-0.31292957067489624,-0.019168077187202925,-0.27591508626937866,-0.25837498903274536,-0.004156465326957459,-0.295613557100296,-0.21920782327651978,0.004086883588172441,-0.04364556074142456,-0.35858964920043945,-0.017204411478303427,-0.1608511209487915,-0.31706011295318604,0.0032839994769915393,-0.21586817502975464,-0.250871479511261,0.0035781365245952657,-0.2434922456741333,-0.1894819736480713,-0.001666418543607051,0.00902634859085083,-0.3158756494522095,0.012128982542492395,-0.09216231107711792,-0.2905581593513489,0.029843183083869462,-0.13965070247650146,-0.242792546749115,0.02602021008584643,-0.1598212718963623,-0.18108445405960083,0.018048817141391282,0.04089033603668213,-0.2612186074256897,0.04080173916969443,-0.03856027126312256,-0.24098551273345947,0.048498598708249574,-0.07702738046646118,-0.21102994680404663,0.0524621809259429,-0.09826135635375977,-0.16955310106277466,0.05634598232660437
NO,0.0,0.0,0.0,-0.1274126172065735,-0.027784407138824463,-0.02625597052517037,-0.22109848260879517,-0.10772031545639038,-0.029739336746359868,-0.29492443799972534,-0.1458302140235901,-0.026816414373541875,-0.35353711247444153,-0.18153291940689087,-0.024629035668993993,-0.12911778688430786,-0.33069902658462524,0.004360364579980569,-0.20682579278945923,-0.3434234857559204,0.04200786195454498,-0.2522979974746704,-0.3350108861923218,0.055998752189253764,-0.2845291793346405,-0.33161431550979614,0.060113756281708675,-0.05498158931732178,-0.3372443914413452,0.025974097025965648,-0.12291091680526733,-0.31406092643737793,0.07415369741377731,-0.1529882550239563,-0.27994483709335327,0.08134184621033569,-0.16177409887313843,-0.24714523553848267,0.07708661101517578,0.001093745231628418,-0.292319118976593,0.049360012931202846,-0.056924283504486084,-0.2775447964668274,0.0883398040359964,-0.07908225059509277,-0.2521543502807617,0.08611549280342956,-0.08629673719406128,-0.2222265601158142,0.07581964723524948,0.04153937101364136,-0.23826974630355835,0.07098737202343841,-0.007970809936523438,-0.22774136066436768,0.09413287631926437,-0.02633821964263916,-0.2047044038772583,0.10047036252674957,-0.03430163860321045,-0.17024004459381104,0.10295011691508194
NO,0.0,0.0,0.0,-0.14139282703399658,-0.016620397567749023,-0.016004417868945353,-0.24120968580245972,-0.09038800001144409,-0.010426428946349375,-0.3203091621398926,-0.12435495853424072,-0.0006338156151208807,-0.37848222255706787,-0.1511881947517395,0.007123833210524566,-0.15324896574020386,-0.32720738649368286,0.046555147660281904,-0.20652294158935547,-0.38525307178497314,0.10854995359232689,-0.2373422384262085,-0.4058801829814911,0.1373056854729917,-0.2576712965965271,-0.42374128103256226,0.15034634728482033,-0.07664680480957031,-0.3309669494628906,0.07390558083107734,-0.12847119569778442,-0.3351544737815857,0.15380082387974525,-0.155953049659729,-0.29926598072052,0.1765695150618818,-0.15711843967437744,-0.26932716369628906,0.1805503006701734,-0.015613198280334473,-0.2900266647338867,0.1014785479431417,-0.06703066825866699,-0.2979801297187805,0.1703775908475187,-0.09111148118972778,-0.2618398070335388,0.17078281302502418,-0.09572994709014893,-0.23242086172103882,0.15699193735173012,0.030252456665039062,-0.2452811598777771,0.12756564576676155,-0.014539837837219238,-0.2423446774482727,0.1760850634103086,-0.03377717733383179,-0.21277201175689697,0.18419832844784523,-0.03573596477508545,-0.1790860891342163,0.18295308311035896
NO,0.0,0.0,0.0,-0.14385300874710083,-0.017489373683929443,-0.013454490562708088,-0.2539961338043213,-0.08399701118469238,-0.014409402606816002,-0.34677156805992126,-0.10439151525497437,-0.015543087607056805,-0.4193299412727356,-0.11627542972564697,-0.016298894060582825,-0.14420008659362793,-0.3009108901023865,0.056325945781736664,-0.16389626264572144,-0.4148910641670227,0.10790629662778883,-0.16443634033203125,-0.4795653223991394,0.13438816346433669,-0.1612299084663391,-0.5297726094722748,0.150906115548878,-0.07859635353088379,-0.30696338415145874,0.07977335877922087,-0.10506606101989746,-0.41745203733444214,0.15018925048616438,-0.1146705150604248,-0.4921024739742279,0.17388898112085371,-0.113517165184021,-0.545922189950943,0.18322007335927992,-0.021160364151000977,-0.2735911011695862,0.10084531434085875,-0.06535035371780396,-0.2956276535987854,0.162587120907574,-0.08016669750213623,-0.25610578060150146,0.16106092907693892,-0.08713299036026001,-0.21575504541397095,0.15378756799009352,0.018629074096679688,-0.22879916429519653,0.11976142205503493,-0.01193690299987793,-0.22831875085830688,0.1648533938100627,-0.024912476539611816,-0.19284307956695557,0.17159324862268477,-0.029746413230895996,-0.1528465747833252,0.17271836079862624
NO,0.0,0.0,0.0,-0.14212846755981445,-0.02617722749710083,-0.018085099160714435,-0.2507190704345703,-0.08977508544921875,-0.015805148854894924,-0.3465297222137451,-0.10389906167984009,-0.011684431098444747,-0.41712823510169983,-0.11185687780380249,-0.006835022810889768,-0.14410531520843506,-0.31115013360977173,0.05527685083444567,-0.17341923713684082,-0.4218161106109619,0.10908206798131914,-0.17820638418197632,-0.4808390140533447,0.13752247638996096,-0.17773014307022095,-0.5274689197540283,0.15537311382587404,-0.07851582765579224,-0.3160886764526367,0.08436205483968706,-0.11196589469909668,-0.42529821395874023,0.15842139966781588,-0.12713444232940674,-0.4905158281326294,0.18510467059905977,-0.1303633451461792,-0.5324176549911499,0.19656583912666292,-0.020754456520080566,-0.2834959626197815,0.11047102011735888,-0.06388676166534424,-0.3002399802207947,0.17537540443237276,-0.08509665727615356,-0.26695728302001953,0.17484893150623293,-0.09683918952941895,-0.23013097047805786,0.16837506242092104,0.01853048801422119,-0.23823440074920654,0.13384847588832827,-0.008128643035888672,-0.23006439208984375,0.18034415192897768,-0.023253917694091797,-0.19585859775543213,0.1862964952736661,-0.0301358699798584,-0.15817290544509888,0.18724042423065157
NO,0.0,0.0,0.0,-0.14185237884521484,-0.019730031490325928,-0.008115243818167528,-0.2465309500694275,-0.08146548271179199,-0.0005183425494692528,-0.33288097381591797,-0.09501999616622925,0.007658259291645209,-0.4007641077041626,-0.09686517715454102,0.016453784238990465,-0.14250534772872925,-0.3113263249397278,0.0711490831342303,-0.17330724000930786,-0.40874648094177246,0.13450492387681834,-0.18113553524017334,-0.4618012309074402,0.17033203905492655,-0.18371248245239258,-0.5035756826400757,0.19415588146119944,-0.0771641731262207,-0.31093186140060425,0.1008659250107371,-0.11161118745803833,-0.4067773222923279,0.19214073782831065,-0.12945055961608887,-0.46330955624580383,0.2357691175308787,-0.13685214519500732,-0.49901092052459717,0.25967950588136546,-0.017483770847320557,-0.2763463854789734,0.1277664399710261,-0.06804585456848145,-0.30055755376815796,0.21374287670522563,-0.09878814220428467,-0.28896254301071167,0.23422476118474833,-0.11904197931289673,-0.26873230934143066,0.2398657596674525,0.023157954216003418,-0.22863811254501343,0.15107790594964854,-0.009869098663330078,-0.23475617170333862,0.21498123770624034,-0.03224664926528931,-0.2149295210838318,0.23590555256276957,-0.04342585802078247,-0.18166780471801758,0.24741386836439005
NO,0.0,0.0,0.0,-0.13130134344100952,-0.030418872833251953,0.0004054052082551607,-0.22208952903747559,-0.10267001390457153,0.013738573787520636,-0.28709739446640015,-0.12429994344711304,0.02910143721641134,-0.33796772360801697,-0.13527441024780273,0.042702574541579,-0.1448749303817749,-0.333928644657135,0.04616650592328142,-0.19975674152374268,-0.38132643699645996,0.10995391782165598,-0.22670263051986694,-0.39227741956710815,0.14209496255756449,-0.24502867460250854,-0.4018423557281494,0.15711041565776895,-0.0701475739479065,-0.33686143159866333,0.06346919413448404,-0.12069123983383179,-0.3310818672180176,0.1412028896415336,-0.15032994747161865,-0.29453814029693604,0.16318754132629465,-0.15508103370666504,-0.26017242670059204,0.16585705455185007,-0.010878026485443115,-0.2957266569137573,0.08386441346050333,-0.05554324388504028,-0.3006799817085266,0.150416307410012,-0.08058196306228638,-0.26906710863113403,0.15275555129886698,-0.08691829442977905,-0.23756510019302368,0.14017991002441477,0.03137505054473877,-0.24995023012161255,0.10449927326084207,-0.004854977130889893,-0.2501221299171448,0.15160296138168405,-0.026364922523498535,-0.22756880521774292,0.16318678136707376,-0.03393763303756714,-0.1949945092201233,0.16461952801586222
NO,0.0,0.0,0.0,-0.12757116556167603,-0.03369462490081787,0.00652236014900609,-0.20778441429138184,-0.11374694108963013,0.036110979396084986,-0.26040399074554443,-0.142866313457489,0.07010747574565812,-0.30754411220550537,-0.16030240058898926,0.10447553627489015,-0.12401127815246582,-0.3391931653022766,0.05712903373239442,-0.2031295895576477,-0.34016531705856323,0.11942879937885209,-0.24874788522720337,-0.3246729373931885,0.1515511804103653,-0.2841836214065552,-0.31739330291748047,0.16978343658445283,-0.048614323139190674,-0.3366263508796692,0.07774378441570207,-0.11909157037734985,-0.3347005248069763,0.1544259273290436,-0.16907107830047607,-0.30703121423721313,0.17707046203611299,-0.2012837529182434,-0.27024465799331665,0.1835432880401413,0.007309019565582275,-0.295624315738678,0.10149296455381318,-0.054693520069122314,-0.3016795516014099,0.16202800803182527,-0.09661287069320679,-0.2841145992279053,0.1664830081939499,-0.12096726894378662,-0.2526910901069641,0.16121979885099336,0.04261749982833862,-0.25185173749923706,0.12647839717863008,-0.010385870933532715,-0.252508282661438,0.1617307447671692,-0.04518014192581177,-0.23462188243865967,0.1706077241182129,-0.06840276718139648,-0.1959342360496521,0.17653776042459413
NO,0.0,0.0,0.0,-0.12541794776916504,-0.036092519760131836,-0.01173586169494456,-0.20521652698516846,-0.12370705604553223,0.0011751788737797142,-0.2565343379974365,-0.1566096544265747,0.020587426105009854,-0.302834689617157,-0.16359907388687134,0.03986384203420812,-0.12033349275588989,-0.3506511449813843,0.011551790365444958,-0.2034057378768921,-0.3330034613609314,0.04604473566399747,-0.2527959942817688,-0.3018947243690491,0.060564773583280385,-0.28778916597366333,-0.27828121185302734,0.06831815695153409,-0.0432552695274353,-0.34682363271713257,0.029118560680615246,-0.12163996696472168,-0.3067782521247864,0.0732053056894415,-0.17041313648223877,-0.255092978477478,0.07910693293200666,-0.1973133087158203,-0.2048911452293396,0.07687828546153241,0.013799071311950684,-0.30050426721572876,0.04984044885026151,-0.056145429611206055,-0.27659332752227783,0.08277186607705289,-0.09443444013595581,-0.2417338490486145,0.07706329082833463,-0.11241954565048218,-0.19942480325698853,0.0682420716224783,0.05055743455886841,-0.24858123064041138,0.07082968806611234,-0.006522059440612793,-0.2337946891784668,0.08757372056828672,-0.037120163440704346,-0.20839160680770874,0.09159996216880018,-0.055006206035614014,-0.1689550280570984,0.09588911985741788
NO,0.0,0.0,0.0,-0.12466245889663696,-0.04549098014831543,-0.03490477390431579,-0.20494061708450317,-0.1372051239013672,-0.04133562333726104,-0.2596592903137207,-0.18827563524246216,-0.03676915876411613,-0.30926740169525146,-0.21480697393417358,-0.031358327342502434,-0.11868923902511597,-0.3567122220993042,-0.043257105721465905,-0.22565621137619019,-0.30050867795944214,-0.031174491716853936,-0.27927541732788086,-0.24957263469696045,-0.02583889253281768,-0.3086055517196655,-0.21136236190795898,-0.023099446295134385,-0.04288893938064575,-0.3517472743988037,-0.02140294536792453,-0.15553051233291626,-0.2996094226837158,-0.009148881396583874,-0.21603155136108398,-0.23135727643966675,-0.014046548491648991,-0.25213897228240967,-0.16817444562911987,-0.021315015478364785,0.009205281734466553,-0.30773699283599854,0.004770876748182218,-0.08797311782836914,-0.27295613288879395,0.015289497935839336,-0.1360728144645691,-0.22515249252319336,0.009269234167106788,-0.16089636087417603,-0.16336196660995483,0.0015037285878065632,0.03693056106567383,-0.2496432065963745,0.029893389345772903,-0.040863871574401855,-0.21856117248535156,0.03165152333832566,-0.07943320274353027,-0.1882970929145813,0.03427129276252572,-0.10288119316101074,-0.14703774452209473,0.038542066143520515
NO,0.0,0.0,0.0,-0.12629270553588867,-0.04415827989578247,-0.032084944114956215,-0.2104264497756958,-0.13845151662826538,-0.03427502365497048,-0.26980316638946533,-0.18558520078659058,-0.02583740317908223,-0.32072755694389343,-0.20379310846328735,-0.017188441396626786,-0.11894267797470093,-0.3603188395500183,-0.0298074226984113,-0.22163653373718262,-0.32101696729660034,-0.006440246400359229,-0.27146899700164795,-0.2849521040916443,0.0050629922962457385,-0.3004605770111084,-0.2619560956954956,0.010165946169820472,-0.04216128587722778,-0.352944552898407,-0.006148787603649453,-0.14227455854415894,-0.29805421829223633,0.01808119340154235,-0.1928696632385254,-0.23418670892715454,0.01805452777358596,-0.21788668632507324,-0.18283063173294067,0.012507162599888488,0.011434078216552734,-0.30271339416503906,0.0215972546330363,-0.07474571466445923,-0.26884669065475464,0.04011450482818191,-0.11423009634017944,-0.22750866413116455,0.03392912594887321,-0.13066643476486206,-0.17893898487091064,0.02504232673260276,0.04414808750152588,-0.24420738220214844,0.048557271792617485,-0.026018857955932617,-0.2217380404472351,0.05653915701719825,-0.05817866325378418,-0.1909586787223816,0.05986866502377097,-0.07388806343078613,-0.150706946849823,0.06352579368564193
NO,0.0,0.0,0.0,-0.13219213485717773,-0.023746073246002197,-0.024670807791416394,-0.2281237244606018,-0.10786604881286621,-0.024195941311781155,-0.30280548334121704,-0.143152117729187,-0.01727599292761539,-0.3650205731391907,-0.15997517108917236,-0.011791514379446255,-0.13520246744155884,-0.33198320865631104,0.015488538744385494,-0.21046751737594604,-0.3753136396408081,0.062035323905284656,-0.25356173515319824,-0.39112532138824463,0.08246034555369164,-0.2825111150741577,-0.4114363193511963,0.09058970384531762,-0.059965312480926514,-0.33817923069000244,0.04222788460784699,-0.12083321809768677,-0.3372207283973694,0.10130242429905678,-0.14985793828964233,-0.30803167819976807,0.11783097110920693,-0.15808862447738647,-0.2795019745826721,0.12047320030861641,-0.003114461898803711,-0.2946775555610657,0.0701335164182737,-0.054132044315338135,-0.2942430377006531,0.11746994577580239,-0.0793229341506958,-0.26959723234176636,0.11888978801899697,-0.08927029371261597,-0.24038028717041016,0.11142092369728829,0.03803610801696777,-0.24459636211395264,0.09658587895565773,-0.006907939910888672,-0.24282771348953247,0.1275765316956594,-0.025679826736450195,-0.22079581022262573,0.1365048604481771,-0.03391140699386597,-0.1870417594909668,0.14051364533835198
NO,0.0,0.0,0.0,-0.13764512538909912,-0.017445385456085205,-0.019312651897394062,-0.2387486696243286,-0.0912102460861206,-0.02257619991394222,-0.32408833503723145,-0.12022292613983154,-0.0221808516183728,-0.3931272625923157,-0.13985824584960938,-0.022035226295315624,-0.1406649351119995,-0.32269179821014404,0.03590689033774197,-0.1980002522468567,-0.4157296419143677,0.09092366502193272,-0.2208009958267212,-0.4661162495613098,0.12445851967243016,-0.23188775777816772,-0.5069992542266846,0.14666702405122578,-0.0704801082611084,-0.32553404569625854,0.06782766238359272,-0.12804830074310303,-0.4200258255004883,0.14901424006131947,-0.16383826732635498,-0.46666228771209717,0.18868595913556874,-0.18413925170898438,-0.4973447918891907,0.2096414621224767,-0.01134490966796875,-0.28798091411590576,0.09836512610820591,-0.07135951519012451,-0.322895348072052,0.17310494736341298,-0.10153579711914062,-0.29991209506988525,0.18654199496415913,-0.11687391996383667,-0.27171415090560913,0.18719931498674214,0.030924618244171143,-0.23957693576812744,0.12621903971341908,-0.017985880374908447,-0.24612963199615479,0.18185563937333882,-0.03929942846298218,-0.22015881538391113,0.19795969680455983,-0.04909712076187134,-0.183815598487854,0.20557320669797718
NO,0.0,0.0,0.0,-0.13467830419540405,-0.02578681707382202,-0.014287723560556742,-0.22944611310958862,-0.10289561748504639,-0.01167122214727101,-0.3051476776599884,-0.126670241355896,-0.006015893404111239,-0.3666153848171234,-0.13702470064163208,-0.000898921903427663,-0.13412606716156006,-0.3371145725250244,0.03570814956285062,-0.18947947025299072,-0.42519545555114746,0.08707616631247106,-0.21603405475616455,-0.4771910309791565,0.11982788298584524,-0.2294846773147583,-0.5157395303249359,0.14198940400339666,-0.061340928077697754,-0.3331873416900635,0.06261414442516866,-0.11729258298873901,-0.4190812110900879,0.140130856673494,-0.1571471095085144,-0.4533728063106537,0.18057932857729497,-0.17948758602142334,-0.47657227516174316,0.20234284702993932,-0.002601802349090576,-0.29263216257095337,0.08778786067225042,-0.05801957845687866,-0.3221426010131836,0.15444589559294286,-0.09009820222854614,-0.2962724566459656,0.16770608131147924,-0.10323232412338257,-0.2668502926826477,0.1697912753031403,0.0363849401473999,-0.2424173355102539,0.11089664850689473,-0.007147490978240967,-0.24669992923736572,0.1572185099527985,-0.02976924180984497,-0.22212427854537964,0.17111625675417486,-0.03926903009414673,-0.18651384115219116,0.17870674435354772
NO,0.0,0.0,0.0,-0.125779926776886,-0.07212114334106445,-0.01717705099486011,-0.2088567614555359,-0.17283838987350464,-0.013699440347181735,-0.2743816375732422,-0.21597474813461304,-0.004855691516922889,-0.3333284556865692,-0.23826360702514648,0.0037762391696105624,-0.09801441431045532,-0.383453369140625,0.003947257002664628,-0.20821064710617065,-0.34167104959487915,0.02765094296432835,-0.2689977288246155,-0.2795732021331787,0.032735429642571034,-0.31197166442871094,-0.23653733730316162,0.03535157435931069,-0.020922422409057617,-0.37581104040145874,0.02198867866195542,-0.13850903511047363,-0.3481449484825134,0.05166751140154702,-0.20859545469284058,-0.28289860486984253,0.044962156502379,-0.2597435712814331,-0.21360939741134644,0.03404818841613633,0.02874624729156494,-0.33170539140701294,0.04444545128740174,-0.07693266868591309,-0.31226980686187744,0.0760535336414705,-0.13302236795425415,-0.2674723267555237,0.0711404419819246,-0.16820108890533447,-0.20639920234680176,0.06106466421283585,0.05263185501098633,-0.2715957760810852,0.06666445353425843,-0.028920650482177734,-0.26218026876449585,0.09131509431995255,-0.07581686973571777,-0.2399316430091858,0.10349575051463944,-0.11100566387176514,-0.19530552625656128,0.11151270189679963
NO,0.0,0.0,0.0,-0.13160496950149536,-0.05231398344039917,-0.02546078747360525,-0.21728169918060303,-0.13671070337295532,-0.02887008747308073,-0.27760833501815796,-0.1804942488670349,-0.025942230953262424,-0.3340662717819214,-0.19875311851501465,-0.02366112394480524,-0.12852728366851807,-0.36415326595306396,-0.011794623343632793,-0.22992849349975586,-0.2962043285369873,0.0018747531507301574,-0.2861188054084778,-0.2388576865196228,0.0009244218167054896,-0.32181084156036377,-0.19762223958969116,-0.0006871241562862451,-0.04905003309249878,-0.3575383424758911,0.00522685806976142,-0.15462040901184082,-0.30112338066101074,0.018159869702174092,-0.214541494846344,-0.23291200399398804,0.005928497405363942,-0.2526233196258545,-0.1683061122894287,-0.0057262805126470084,0.004866957664489746,-0.31356292963027954,0.0260033529415864,-0.0883529782295227,-0.2697477340698242,0.03876449504645052,-0.13062065839767456,-0.21932339668273926,0.026917431147410298,-0.15402156114578247,-0.15505051612854004,0.01621851661951723,0.03286701440811157,-0.2598320245742798,0.0459298823192853,-0.03965187072753906,-0.22264784574508667,0.053479402901245976,-0.07092481851577759,-0.19138914346694946,0.05663256684096041,-0.08988088369369507,-0.15098315477371216,0.06089663842470827
NO,0.0,0.0,0.0,-0.1276693344116211,-0.05327516794204712,-0.03049268188874521,-0.2073386311531067,-0.14253270626068115,-0.03369447763066091,-0.26453518867492676,-0.18419355154037476,-0.02739984530012407,-0.31756317615509033,-0.1962248682975769,-0.020872657997415445,-0.11499977111816406,-0.3671092987060547,-0.027240708349154374,-0.21679294109344482,-0.30431926250457764,-0.00966591189603605,-0.27163684368133545,-0.24330776929855347,-0.003050041030974171,-0.30437567830085754,-0.19874835014343262,-6.589486542907252e-05,-0.03523361682891846,-0.3607516884803772,-0.005743799144283912,-0.14498960971832275,-0.30299538373947144,0.012117693321897605,-0.20560365915298462,-0.2303175926208496,0.007268488528325179,-0.2414414882659912,-0.16550666093826294,-0.0008124154944653128,0.019933640956878662,-0.31334108114242554,0.020008811848356345,-0.07574957609176636,-0.2762637138366699,0.034442996727420905,-0.12002301216125488,-0.22469931840896606,0.026693781959011176,-0.14075344800949097,-0.16262149810791016,0.017431885125233748,0.04934436082839966,-0.2552415728569031,0.04514809523720942,-0.024235844612121582,-0.22581112384796143,0.04989097838301859,-0.05655187368392944,-0.19419842958450317,0.05243854795594416,-0.07203847169876099,-0.15523314476013184,0.0562347342540761
NO,0.0,0.0,0.0,-0.1227189302444458,-0.05189794301986694,-0.029595550124554393,-0.20423829555511475,-0.13541364669799805,-0.03468385708799815,-0.2630500793457031,-0.17649465799331665,-0.031066859115867373,-0.32006752490997314,-0.19103854894638062,-0.02761566450169539,-0.11748141050338745,-0.36074507236480713,-0.027625730236081836,-0.22002100944519043,-0.29020440578460693,-0.013423675646095035,-0.2743939757347107,-0.23324888944625854,-0.010834543009309527,-0.30547383427619934,-0.1925937533378601,-0.010417442743687388,-0.037495434284210205,-0.3573254942893982,-0.0069529562937304945,-0.1456431746482849,-0.30168449878692627,0.006361641014905217,-0.2048119306564331,-0.2293797731399536,-0.0020547075877175303,-0.23882722854614258,-0.16616922616958618,-0.012166348260848281,0.01752835512161255,-0.31446659564971924,0.01824758018085504,-0.0781320333480835,-0.2738955020904541,0.031041722769828084,-0.1217377781867981,-0.22281205654144287,0.020917778859825376,-0.14148563146591187,-0.16093921661376953,0.010209843541474584,0.046807289123535156,-0.2619633078575134,0.04272673654088521,-0.02282118797302246,-0.23222345113754272,0.04832243176826978,-0.05565524101257324,-0.20384228229522705,0.049751274312825444,-0.07326626777648926,-0.1651967167854309,0.05227811637053037
NO,0.0,0.0,0.0,-0.12490606307983398,-0.05122578144073486,-0.02834066881268882,-0.20572221279144287,-0.1326649785041809,-0.03538669778436088,-0.2626134157180786,-0.17220211029052734,-0.035358318522867194,-0.3167535364627838,-0.1864812970161438,-0.03561953587859534,-0.10956841707229614,-0.3539082407951355,-0.024340863734778395,-0.20705968141555786,-0.29514968395233154,-0.01571752822428607,-0.2591738700866699,-0.23465770483016968,-0.018915704846676817,-0.28821510076522827,-0.19104766845703125,-0.02215257605939769,-0.0313723087310791,-0.3535277843475342,-0.006873881839510432,-0.1389923095703125,-0.29886680841445923,0.0016470215755362005,-0.19955837726593018,-0.22725385427474976,-0.010076748602386942,-0.23348921537399292,-0.16340023279190063,-0.02166758237808608,0.02142035961151123,-0.3125096559524536,0.014500386617783079,-0.07114923000335693,-0.2755640149116516,0.022716247081461916,-0.11401867866516113,-0.2268291711807251,0.012608565926257143,-0.13234418630599976,-0.16667985916137695,0.0029490718857232423,0.045851290225982666,-0.2600677013397217,0.035150589957538614,-0.025011181831359863,-0.22646820545196533,0.03747918696672059,-0.053505659103393555,-0.19718146324157715,0.04002175347477532,-0.0649411678314209,-0.1602182388305664,0.044282002910676965
NO,0.0,0.0,0.0,-0.13396930694580078,-0.03413188457489014,-0.011931433783558987,-0.22496497631072998,-0.11679601669311523,0.006750755502196171,-0.29167020320892334,-0.1523534655570984,0.031063137134822227,-0.34527918696403503,-0.1651017665863037,0.05568853721609912,-0.12899786233901978,-0.3471773862838745,0.048754762416990616,-0.2059011459350586,-0.3463214635848999,0.1052738423704227,-0.25528275966644287,-0.3118784427642822,0.13018957481375537,-0.2922555208206177,-0.27808302640914917,0.14394161806097827,-0.052677154541015625,-0.34158486127853394,0.07569120035162769,-0.13386952877044678,-0.32151854038238525,0.14465034708968005,-0.1883472204208374,-0.2801433801651001,0.15502067611208759,-0.22235620021820068,-0.22800928354263306,0.15367492244234882,0.00047200918197631836,-0.2959327697753906,0.10474229559889636,-0.06381088495254517,-0.28599345684051514,0.1602822910307964,-0.10210871696472168,-0.2628824710845947,0.15647923157206378,-0.12465906143188477,-0.21785259246826172,0.1462945412158092,0.036210596561431885,-0.2457529902458191,0.1335556577204784,-0.02002936601638794,-0.2360619306564331,0.16685307726851306,-0.048674821853637695,-0.21790117025375366,0.17340715930453143,-0.06927531957626343,-0.18081992864608765,0.17784350321284137
NO,0.0,0.0,0.0,-0.14844530820846558,-0.017176151275634766,-0.005811743479284814,-0.2574312090873718,-0.0758104920387268,0.005804133094784447,-0.34563565254211426,-0.08857226371765137,0.01675883816176338,-0.41638654470443726,-0.10237163305282593,0.029097789391812512,-0.14543288946151733,-0.3055468201637268,0.09800434993201179,-0.18662792444229126,-0.3933669924736023,0.1771266995518772,-0.20167720317840576,-0.4419465959072113,0.22775384174281044,-0.207811176776886,-0.4793902039527893,0.2629034011214344,-0.08165144920349121,-0.30091726779937744,0.13048368082934303,-0.12358355522155762,-0.39287692308425903,0.23697804795199318,-0.14912188053131104,-0.4437396228313446,0.29455310986929817,-0.16361862421035767,-0.47318434715270996,0.3313930718749134,-0.024478375911712646,-0.2594282031059265,0.15818116949492378,-0.07208216190338135,-0.28851914405822754,0.25304389880591316,-0.10240018367767334,-0.2793852686882019,0.27703166888647957,-0.12360882759094238,-0.260526180267334,0.2876855819075672,0.014786720275878906,-0.2039201259613037,0.18226183341437263,-0.013973891735076904,-0.201025128364563,0.25171662257605476,-0.03286558389663696,-0.17868667840957642,0.271830567583379,-0.04126030206680298,-0.14572930335998535,0.28471142934256477
SICK,0.0,0.0,0.0,-0.0016889572143554688,-0.15506118535995483,-0.02602706212456951,-0.058263182640075684,-0.29250699281692505,-0.02839583080168495,-0.10178053379058838,-0.3806300759315491,-0.03188869465049038,-0.11388254165649414,-0.4491259455680847,-0.03475747365411053,-0.22713667154312134,-0.23202002048492432,0.03114233989361992,-0.31611478328704834,-0.2822610139846802,0.026900070571343804,-0.3741501271724701,-0.31309646368026733,0.0151528723919796,-0.4284115135669708,-0.3357340693473816,0.0013089889809521082,-0.24915683269500732,-0.15440493822097778,0.024294935950081253,-0.35423243045806885,-0.2007085680961609,-0.01323729302640686,-0.32645004987716675,-0.21094393730163574,-0.03811720494087467,-0.28426820039749146,-0.21055841445922852,-0.04025447476561794,-0.2578864097595215,-0.07262802124023438,0.010748647005300427,-0.3726269006729126,-0.10861331224441528,-0.014527561291117763,-0.4401642680168152,-0.14475959539413452,-0.034076814687807655,-0.49646756052970886,-0.17407041788101196,-0.04128181669767628,-0.24973827600479126,0.01699388027191162,-0.006204846463162994,-0.33934080600738525,0.018414020538330078,-0.018279480895955658,-0.3975062966346741,0.004690408706665039,-0.024649978763420677,-0.4549548327922821,-0.011739552021026611,-0.02868938367720375
SICK,0.0,0.0,0.0,0.020446419715881348,-0.1515558958053589,-0.03631085807256795,-0.028817176818847656,-0.2857625484466553,-0.04744927489929296,-0.07173788547515869,-0.3658175468444824,-0.0551921603994856,-0.08251243829727173,-0.42992928624153137,-0.0616098223047743,-0.20130562782287598,-0.23032093048095703,-0.0040959901901374,-0.28744959831237793,-0.2777467370033264,-0.018912178443599714,-0.34238335490226746,-0.30541789531707764,-0.03145494216852285,-0.3926089107990265,-0.33019018173217773,-0.044644649119902624,-0.22740012407302856,-0.1528245210647583,-0.007898335324455275,-0.3336665630340576,-0.2105729579925537,-0.06219871246986486,-0.28740882873535156,-0.2095910906791687,-0.0859800418632517,-0.23117291927337646,-0.2021108865737915,-0.08283957743816472,-0.23849481344223022,-0.07004064321517944,-0.01796907836370565,-0.34632498025894165,-0.11488240957260132,-0.05410776937179662,-0.4155542552471161,-0.15029525756835938,-0.07675775045328237,-0.476859450340271,-0.1792905330657959,-0.08412522727422811,-0.23373746871948242,0.01982015371322632,-0.031052288578678144,-0.32109397649765015,0.011571049690246582,-0.04860138052873708,-0.37440240383148193,-0.0007581114768981934,-0.05758031362466909,-0.43164780735969543,-0.015714704990386963,-0.06355412954263784
SICK,0.0,0.0,0.0,0.01617676019668579,-0.17343223094940186,-0.038994736310201006,-0.04910075664520264,-0.31368738412857056,-0.050557530757146196,-0.10073965787887573,-0.39607542753219604,-0.05783700877066167,-0.11455810070037842,-0.4723075330257416,-0.06303271957870038,-0.24329668283462524,-0.24808597564697266,0.0019966233129480315,-0.34318095445632935,-0.304446816444397,-0.011074364457385855,-0.4103621244430542,-0.3495730757713318,-0.024546311508970575,-0.4737461507320404,-0.38833683729171753,-0.0400882915520242,-0.27269840240478516,-0.16252529621124268,-0.0020553076566329764,-0.3861083686351776,-0.23182600736618042,-0.05695347049470456,-0.33872658014297485,-0.24511611461639404,-0.08250049808259519,-0.28214573860168457,-0.24822044372558594,-0.07987767764564069,-0.28596365451812744,-0.0657806396484375,-0.013407889094310121,-0.41525524854660034,-0.11766475439071655,-0.05147809096808942,-0.4986591637134552,-0.16249442100524902,-0.07792966374393018,-0.5741448700428009,-0.19911569356918335,-0.08788204499717267,-0.2825060486793518,0.03838491439819336,-0.027558542128758745,-0.38987255096435547,0.02859961986541748,-0.04872193866606267,-0.45299652218818665,0.010487139225006104,-0.06039875679846318,-0.5203080177307129,-0.01154106855392456,-0.06828492441411527
SICK,0.0,0.0,0.0,0.013018369674682617,-0.16938555240631104,-0.037174844444052724,-0.05732327699661255,-0.32531267404556274,-0.0537285034361048,-0.10895103216171265,-0.42284896969795227,-0.06720875322844222,-0.12421387434005737,-0.5038878619670868,-0.07879323631550506,-0.2574440836906433,-0.26757127046585083,-0.0064691126162870205,-0.36849644780158997,-0.3259086608886719,-0.030256576165811566,-0.4364144802093506,-0.3767264485359192,-0.04814107090260222,-0.499101847410202,-0.4211590886116028,-0.06409681707646087,-0.2897011637687683,-0.17724812030792236,-0.01571433924164012,-0.4004107117652893,-0.25917214155197144,-0.08855276674057677,-0.33298516273498535,-0.26595425605773926,-0.11346998184944823,-0.2641283869743347,-0.2614409327507019,-0.10354402035500243,-0.30425477027893066,-0.07743006944656372,-0.03267165392662719,-0.4325602352619171,-0.1369209885597229,-0.08109639704252913,-0.5200621783733368,-0.19298964738845825,-0.10483684510018065,-0.6022119224071503,-0.24114829301834106,-0.10903050124670699,-0.30034321546554565,0.03142279386520386,-0.05199406042720511,-0.4120866060256958,0.01453489065170288,-0.07279076546456054,-0.47933363914489746,-0.010953843593597412,-0.07688968002821639,-0.5518293976783752,-0.03801989555358887,-0.07786730796124175
SICK,0.0,0.0,0.0,-0.009715735912322998,-0.16280889511108398,-0.012952069247589293,-0.07236593961715698,-0.29887181520462036,-0.00790481963984746,-0.1197766661643982,-0.3890421986579895,-0.006566475572512331,-0.13091695308685303,-0.45678865909576416,-0.004684312696085158,-0.247866690158844,-0.24883514642715454,0.04382665598906499,-0.3472398519515991,-0.30467313528060913,0.04384214947141629,-0.40929046273231506,-0.3352893590927124,0.03584494585312825,-0.46514564752578735,-0.36244454979896545,0.02509263487674218,-0.27395522594451904,-0.17253774404525757,0.03408468658246022,-0.37943220138549805,-0.21559745073318481,0.00726751381672841,-0.36227911710739136,-0.22330760955810547,-0.010661991740093413,-0.3308600187301636,-0.22664564847946167,-0.010506092997715655,-0.28448420763015747,-0.09165626764297485,0.01817389348663312,-0.39840972423553467,-0.12838798761367798,-2.2815374435936064e-05,-0.4677499532699585,-0.16253089904785156,-0.01613024292372245,-0.5250873863697052,-0.1903829574584961,-0.02281707381688136,-0.2793198227882385,-0.0026530027389526367,-0.00016278682367953934,-0.3726661801338196,-0.004333317279815674,-0.010976395065412703,-0.4317946434020996,-0.017686009407043457,-0.015978033150062743,-0.4885065257549286,-0.03358888626098633,-0.018447723666653815
SICK,0.0,0.0,0.0,-0.010358870029449463,-0.1443401575088501,-0.010633265538444903,-0.06484895944595337,-0.26793068647384644,-0.005597978769174006,-0.10433757305145264,-0.3484642505645752,-0.004185997354170468,-0.11830383539199829,-0.4065135419368744,-0.0025507206416932604,-0.22649109363555908,-0.21152138710021973,0.04483227344758234,-0.31286609172821045,-0.2551698088645935,0.044455218190023515,-0.36841005086898804,-0.28321200609207153,0.035068082684347246,-0.4181203842163086,-0.30538612604141235,0.024212698513338182,-0.24639123678207397,-0.13700002431869507,0.03526663320667467,-0.34482133388519287,-0.17644494771957397,0.006619975497642372,-0.3252791166305542,-0.19896084070205688,-0.015233017443051722,-0.2919272780418396,-0.21098828315734863,-0.01740660977952757,-0.25375980138778687,-0.0591694712638855,0.020213647806713197,-0.3610031008720398,-0.08640211820602417,0.002208717694202278,-0.42582982778549194,-0.1177554726600647,-0.015359898967972185,-0.48013922572135925,-0.14260685443878174,-0.022410145899584677,-0.24642688035964966,0.02468019723892212,0.0030342396960350015,-0.33141380548477173,0.028606057167053223,-0.006060952725192692,-0.38563400506973267,0.01702183485031128,-0.011848195394804861,-0.4385846257209778,-0.0005878210067749023,-0.014852261109581377
SICK,0.0,0.0,0.0,0.0014104247093200684,-0.15147870779037476,-0.032695687924643835,-0.06021314859390259,-0.2725038528442383,-0.04117418787362226,-0.10934245586395264,-0.34942513704299927,-0.04789682066919454,-0.12556511163711548,-0.41668984293937683,-0.053187299137135824,-0.2314785122871399,-0.19985562562942505,0.007977832491377512,-0.322640597820282,-0.23899388313293457,-0.001540867578370353,-0.3849184513092041,-0.26474785804748535,-0.012616566931029638,-0.44099703431129456,-0.28818219900131226,-0.025283915539404234,-0.25236839056015015,-0.12398070096969604,0.004446638665029923,-0.3552957773208618,-0.16716313362121582,-0.03749766162516721,-0.32706159353256226,-0.18277829885482788,-0.05972383133055814,-0.2866910696029663,-0.19107359647750854,-0.05951240993024953,-0.2582551836967468,-0.04180413484573364,-0.00566445159645923,-0.3711392283439636,-0.06881093978881836,-0.03809146917345174,-0.4423288404941559,-0.09666520357131958,-0.06296718827368863,-0.50464728474617,-0.11870872974395752,-0.07274056187750944,-0.24849504232406616,0.046013474464416504,-0.018475561951419195,-0.33915233612060547,0.04812049865722656,-0.038710120682736715,-0.3957522511482239,0.04092782735824585,-0.051650374745150884,-0.4537621736526489,0.030433595180511475,-0.05980138814928182
SICK,0.0,0.0,0.0,0.013553321361541748,-0.17670929431915283,-0.04093482045755081,-0.05936843156814575,-0.3295708894729614,-0.059108880146595766,-0.11859583854675293,-0.41743284463882446,-0.07474213911518746,-0.13603782653808594,-0.4962400794029236,-0.08834868742451363,-0.25833362340927124,-0.2621438503265381,-0.0033157018788187997,-0.3692472577095032,-0.3138987421989441,-0.025593065454813768,-0.44230324029922485,-0.3536390960216522,-0.04265849365219765,-0.5091784298419952,-0.39036837220191956,-0.058819231375309755,-0.2868459224700928,-0.1703723669052124,-0.010523489474508096,-0.4054359793663025,-0.2361878752708435,-0.07880965693220787,-0.34516018629074097,-0.24413985013961792,-0.10294617040381127,-0.2787063717842102,-0.24680066108703613,-0.09385582132563286,-0.2980175018310547,-0.07410937547683716,-0.026091332345458795,-0.4255238175392151,-0.11734700202941895,-0.0702087290428608,-0.5087979733943939,-0.16319042444229126,-0.09189409835562401,-0.5852025747299194,-0.205774188041687,-0.09522350205406838,-0.289508581161499,0.029664456844329834,-0.045334649070355226,-0.39826852083206177,0.021645545959472656,-0.06476491017565422,-0.46548929810523987,0.004031777381896973,-0.07110215796456032,-0.5377347767353058,-0.0157507061958313,-0.07371370567307167
SICK,0.0,0.0,0.0,0.010892510414123535,-0.19139951467514038,-0.050573603617806384,-0.06283897161483765,-0.3492657542228699,-0.06748677175011153,-0.12343019247055054,-0.4393173158168793,-0.08016439657177443,-0.14095956087112427,-0.5188829004764557,-0.08932905029024596,-0.27104508876800537,-0.27509763836860657,0.008297096570174745,-0.3821086287498474,-0.3298324644565582,-0.004873235612024018,-0.4587489366531372,-0.36159127950668335,-0.01993261035050864,-0.531385749578476,-0.39189228415489197,-0.037833606260676333,-0.2975538372993469,-0.18049335479736328,0.005444890917431167,-0.42572736740112305,-0.24138134717941284,-0.06128116826977248,-0.3632422089576721,-0.24435651302337646,-0.09210697691406722,-0.28793245553970337,-0.24558883905410767,-0.08766474704708571,-0.3082970976829529,-0.07771682739257812,-0.006700952905077884,-0.43926769495010376,-0.11275303363800049,-0.04817210267748351,-0.5261515080928802,-0.14757227897644043,-0.07631566505398268,-0.6045970320701599,-0.17992937564849854,-0.08505499492849822,-0.2991718649864197,0.030114173889160156,-0.023970540049333522,-0.40723639726638794,0.028274893760681152,-0.04022917653884406,-0.4730914831161499,0.01864725351333618,-0.04986717681850905,-0.5458676517009735,0.004384756088256836,-0.05673090498413558
SICK,0.0,0.0,0.0,0.006650090217590332,-0.1824668049812317,-0.03655042094050032,-0.06794202327728271,-0.33855652809143066,-0.04831115868745428,-0.12664037942886353,-0.43177729845046997,-0.05922802504954916,-0.14183282852172852,-0.5132128894329071,-0.06764925983605963,-0.2702476978302002,-0.27131450176239014,0.01964506912173647,-0.37541747093200684,-0.3258669972419739,0.007033861569482269,-0.44712620973587036,-0.35389965772628784,-0.0072660247316775894,-0.5113281011581421,-0.378210186958313,-0.023520201117378292,-0.2955061197280884,-0.18064987659454346,0.011562942854482117,-0.42106473445892334,-0.23893871903419495,-0.0516695004409371,-0.35960817337036133,-0.2432464063167572,-0.08118228581605536,-0.28681445121765137,-0.24305510520935059,-0.07689393279014212,-0.30549877882003784,-0.08479893207550049,-0.004746645827424345,-0.4332438111305237,-0.121096670627594,-0.04234348949847799,-0.5124528706073761,-0.15322405099868774,-0.06548067894635778,-0.5840073227882385,-0.18261325359344482,-0.07160049644170385,-0.29609358310699463,0.01816481351852417,-0.025443574086409626,-0.39801621437072754,0.01871788501739502,-0.04041542080102545,-0.4612382650375366,0.00915461778640747,-0.04803486135659796,-0.5303315222263336,-0.005256593227386475,-0.053073588431459484
SICK,0.0,0.0,0.0,-0.013388454914093018,-0.15560531616210938,-0.02199813667033368,-0.0785837173461914,-0.2922153174877167,-0.025828385160309608,-0.12432104349136353,-0.38599205017089844,-0.031641456664544876,-0.13776487112045288,-0.460207998752594,-0.03589373770449811,-0.255615770816803,-0.22474420070648193,0.038003672479646866,-0.3502582311630249,-0.270702600479126,0.033529703139322464,-0.41251230239868164,-0.2944728434085846,0.022581039561885063,-0.47312265634536743,-0.31606408953666687,0.008877271420317356,-0.2770361304283142,-0.14378273487091064,0.028522009595292275,-0.3862473964691162,-0.17749136686325073,-0.017379510582429702,-0.3370974063873291,-0.1796388030052185,-0.04235898274276906,-0.2799622416496277,-0.1825132966041565,-0.0404963375935381,-0.28330695629119873,-0.058271169662475586,0.012060554332094853,-0.4007163941860199,-0.07875263690948486,-0.018381108895880516,-0.47466978430747986,-0.10120558738708496,-0.04060114863608533,-0.5410767793655396,-0.123668372631073,-0.047884225280029113,-0.27122777700424194,0.028383910655975342,-0.006979748041374023,-0.36163097620010376,0.04160100221633911,-0.017404918924910362,-0.42142707109451294,0.039153337478637695,-0.0232336869398182,-0.4862317442893982,0.03339791297912598,-0.027273261354309852
SICK,0.0,0.0,0.0,0.0020317435264587402,-0.14693480730056763,-0.03520759538469065,-0.06327098608016968,-0.26521390676498413,-0.047035712457272894,-0.11215198040008545,-0.3385186195373535,-0.05635772243795145,-0.12718838453292847,-0.40401169657707214,-0.06473823607620943,-0.22752821445465088,-0.18604081869125366,-0.0035128807062392298,-0.3184278607368469,-0.21647226810455322,-0.019642833328816778,-0.38022273778915405,-0.23617678880691528,-0.032441015995118505,-0.43642184138298035,-0.2538332939147949,-0.04624868155178774,-0.24494338035583496,-0.10937947034835815,-0.010301905392680055,-0.35737812519073486,-0.14903157949447632,-0.06606422335562456,-0.31650710105895996,-0.15794724225997925,-0.09045386285242785,-0.26282721757888794,-0.16251492500305176,-0.0876679268544649,-0.24642008543014526,-0.025954008102416992,-0.02377250761446703,-0.36145657300949097,-0.0469781756401062,-0.06251679331717241,-0.4360855221748352,-0.06717997789382935,-0.08629408449587572,-0.5002981126308441,-0.08419191837310791,-0.0938196179336046,-0.230862557888031,0.06360888481140137,-0.04030048818049181,-0.3228036165237427,0.07241672277450562,-0.06279956520256746,-0.38078510761260986,0.0675014853477478,-0.07530675799307573,-0.44218698143959045,0.05971956253051758,-0.08322383434233416
SICK,0.0,0.0,0.0,0.0027164220809936523,-0.1511947512626648,-0.034401525820157985,-0.06854838132858276,-0.28037816286087036,-0.04553902622546957,-0.12159138917922974,-0.3612828254699707,-0.053458274418971996,-0.13308560848236084,-0.4337265193462372,-0.06047479536618994,-0.2448977828025818,-0.1987767219543457,-0.00790112845834301,-0.3406573534011841,-0.2381029725074768,-0.025156754145882587,-0.4072812795639038,-0.2692182660102844,-0.039394517506025295,-0.4686112105846405,-0.29639798402786255,-0.05347366731848524,-0.26682716608047485,-0.11863905191421509,-0.01286286030199335,-0.3767419457435608,-0.16165536642074585,-0.06309756364908026,-0.34051162004470825,-0.17870283126831055,-0.08439179238166616,-0.2964460253715515,-0.18858176469802856,-0.08155289765682028,-0.2722494602203369,-0.032070696353912354,-0.02400245245780752,-0.39491888880729675,-0.05893099308013916,-0.06179498981919096,-0.47269943356513977,-0.08229094743728638,-0.08430812236156271,-0.5417775809764862,-0.0994572639465332,-0.09150540556993292,-0.26070255041122437,0.06027776002883911,-0.03756987031783865,-0.36126822233200073,0.06908953189849854,-0.05985945191469,-0.42164456844329834,0.06304413080215454,-0.0699157315143566,-0.48458153009414673,0.0541037917137146,-0.07555462148275183
SICK,0.0,0.0,0.0,0.005158960819244385,-0.1785004734992981,-0.029857881624309357,-0.0855150818824768,-0.3350071907043457,-0.04015922385832482,-0.1460610032081604,-0.4320245087146759,-0.04843266147753411,-0.1569729447364807,-0.5138857662677765,-0.05403119537612611,-0.28291553258895874,-0.2632830739021301,0.0015159569205138723,-0.400440514087677,-0.31564468145370483,-0.02050060059508496,-0.47712278366088867,-0.3616335391998291,-0.035990542057959374,-0.545990377664566,-0.4054439067840576,-0.051165456209389504,-0.31258028745651245,-0.1684303879737854,-0.01147679637750798,-0.44039222598075867,-0.24283373355865479,-0.08564679909130746,-0.37133079767227173,-0.2586250305175781,-0.10998209405323678,-0.2949226498603821,-0.26331084966659546,-0.09853910494229012,-0.32253387570381165,-0.06665158271789551,-0.03189954746147805,-0.4647015929222107,-0.10550141334533691,-0.08365292686602288,-0.5597169101238251,-0.14751678705215454,-0.11170330483099633,-0.6433813273906708,-0.18122416734695435,-0.11822635519882851,-0.3131192922592163,0.04095333814620972,-0.05391142356774026,-0.4287295639514923,0.045442819595336914,-0.0763453825153988,-0.49775680899620056,0.03445965051651001,-0.08491406429192239,-0.5715528726577759,0.023431062698364258,-0.09012926954409295
SICK,0.0,0.0,0.0,-0.01074904203414917,-0.1700981855392456,-0.030476475287500193,-0.09078705310821533,-0.3197712004184723,-0.03868912920755463,-0.14605963230133057,-0.4197966456413269,-0.04712164417308884,-0.16099560260772705,-0.49514520168304443,-0.053842179630223086,-0.27930885553359985,-0.25325530767440796,0.015582134794172475,-0.3920193612575531,-0.3019699454307556,0.0015722976165903901,-0.46338558197021484,-0.3319658637046814,-0.011440220441940596,-0.5268934071063995,-0.3569698929786682,-0.025576166961613467,-0.3036169409751892,-0.16403132677078247,0.0052758733143178915,-0.4275345802307129,-0.20902669429779053,-0.05316184848946648,-0.3751054108142853,-0.2192617654800415,-0.07665989563268738,-0.31150513887405396,-0.22368699312210083,-0.07009171709817963,-0.3108779788017273,-0.06739109754562378,-0.01277267948192673,-0.4401971697807312,-0.08940291404724121,-0.05088682488006668,-0.5237646698951721,-0.11742711067199707,-0.0715074540714653,-0.5962311327457428,-0.14106452465057373,-0.07618451133770066,-0.2997274398803711,0.03769809007644653,-0.03429505244297104,-0.40305542945861816,0.053402602672576904,-0.052798409167948535,-0.4702473282814026,0.046958863735198975,-0.06024662048024254,-0.5407752096652985,0.03543621301651001,-0.06412688658041077
SICK,0.0,0.0,0.0,-0.01712334156036377,-0.17617547512054443,0.0007281004670289803,-0.07748687267303467,-0.3202093839645386,0.019594291444889222,-0.1252163052558899,-0.4047887921333313,0.03230876870082966,-0.15004408359527588,-0.47292304039001465,0.04537538461016766,-0.24478691816329956,-0.24051296710968018,0.09013371936606518,-0.34423595666885376,-0.2841227650642395,0.10932345710324398,-0.4070510268211365,-0.3088148832321167,0.10843071363495937,-0.46491697430610657,-0.3263471722602844,0.10003861806916348,-0.26418930292129517,-0.15466344356536865,0.0767969938330566,-0.36359187960624695,-0.19223731756210327,0.06003567598389736,-0.34377557039260864,-0.19832879304885864,0.036589063923827325,-0.31166017055511475,-0.19714176654815674,0.03333113737033955,-0.26967233419418335,-0.061901986598968506,0.05737532697247616,-0.3872474431991577,-0.0933719277381897,0.04563019819187275,-0.4629639983177185,-0.11524534225463867,0.02499542779850117,-0.5282912254333496,-0.1336303949356079,0.015433873269728338,-0.2547997832298279,0.03785914182662964,0.036678195219508325,-0.34968066215515137,0.048609018325805664,0.031773999553195154,-0.4116503596305847,0.044383227825164795,0.025827348452082788,-0.4740184247493744,0.03396981954574585,0.021942448090783273
SICK,0.0,0.0,0.0,-0.01985079050064087,-0.1452750563621521,-0.0080535512703932,-0.08306843042373657,-0.2628254294395447,0.0054254831459843444,-0.1286475658416748,-0.34913039207458496,0.0157499175232374,-0.1524195671081543,-0.4123005270957947,0.02601065036770933,-0.22993290424346924,-0.1997876763343811,0.06065587994572752,-0.3218995928764343,-0.2351049780845642,0.07423387017962568,-0.38573580980300903,-0.24840116500854492,0.07384763208148115,-0.4449857473373413,-0.25730645656585693,0.06750800010678404,-0.24999964237213135,-0.12263423204421997,0.050613331766101055,-0.34509336948394775,-0.1511402130126953,0.032656497479649715,-0.331071674823761,-0.15945518016815186,0.010663119302364521,-0.2988887429237366,-0.16428077220916748,0.006932005443843536,-0.2570410370826721,-0.045131802558898926,0.03509801548835867,-0.37282824516296387,-0.06290024518966675,0.019267154083820515,-0.43406379222869873,-0.08288192749023438,0.0004070938860536444,-0.47891923785209656,-0.10313403606414795,-0.007316132849780388,-0.2519056797027588,0.03218120336532593,0.017725681112381153,-0.3581498861312866,0.01007157564163208,0.00536471341666811,-0.42970678210258484,-0.014018714427947998,-0.004449105663923092,-0.49392715096473694,-0.04826241731643677,-0.010045638150302239
SICK,0.0,0.0,0.0,-0.0015966296195983887,-0.13977259397506714,-0.00367455569988806,-0.0602872371673584,-0.2520407438278198,0.009573298376437833,-0.10362178087234497,-0.325209379196167,0.01950976612084787,-0.12105458974838257,-0.3821582794189453,0.03054315770083349,-0.2139899730682373,-0.18424475193023682,0.0691255795400707,-0.29731547832489014,-0.21460771560668945,0.08573477143460195,-0.35466575622558594,-0.23069721460342407,0.08898414844685476,-0.4089066982269287,-0.24052244424819946,0.08555753702336233,-0.2362930178642273,-0.11264628171920776,0.05845646733456533,-0.33217787742614746,-0.1472288966178894,0.04222054580264967,-0.3097083568572998,-0.1496039628982544,0.027236876879271676,-0.2699354290962219,-0.1447889804840088,0.03169122139030378,-0.2497304081916809,-0.04083210229873657,0.0424558798413841,-0.3561265468597412,-0.06165313720703125,0.035462239627179315,-0.4220319390296936,-0.08386367559432983,0.025115489829715898,-0.4713853597640991,-0.10225868225097656,0.02339077914172094,-0.2510169744491577,0.032390475273132324,0.024466007817920854,-0.34252023696899414,0.010054588317871094,0.026763113085564783,-0.4019728899002075,-0.019765734672546387,0.027847234029707124,-0.4571649432182312,-0.055137455463409424,0.029023418072995355
SICK,0.0,0.0,0.0,-0.0014584660530090332,-0.17390722036361694,-0.022258770790074323,-0.05958181619644165,-0.3115776777267456,-0.02492364044127271,-0.10786807537078857,-0.38875213265419006,-0.028703645940993283,-0.12614506483078003,-0.46116089820861816,-0.03165187048551843,-0.242226243019104,-0.2541041374206543,0.02467764620843127,-0.33343756198883057,-0.31043362617492676,0.01871639755728438,-0.40300697088241577,-0.3499410152435303,0.0038138435705263873,-0.465676873922348,-0.37713104486465454,-0.010599805180106614,-0.27654242515563965,-0.17684686183929443,0.01810796265664294,-0.3788576126098633,-0.23079431056976318,0.0008109633129720351,-0.394286572933197,-0.2502073049545288,-0.018568654682610486,-0.3981904983520508,-0.2571517825126648,-0.02558555560943887,-0.29501569271087646,-0.09366035461425781,0.005883973885204341,-0.40416038036346436,-0.13807976245880127,-0.009376023102674935,-0.46587082743644714,-0.17119652032852173,-0.024821835707996343,-0.5203022956848145,-0.19739627838134766,-0.03254796671507165,-0.2924054265022278,0.00400775671005249,-0.009727575022850488,-0.391748309135437,-0.009503602981567383,-0.020711231183383916,-0.4510992169380188,-0.030099153518676758,-0.023618097555015538,-0.5085632801055908,-0.053025782108306885,-0.02405720311043069
SICK,0.0,0.0,0.0,0.009429693222045898,-0.17727971076965332,-0.03516466895314352,-0.05618643760681152,-0.34265321493148804,-0.049316141551457804,-0.10375118255615234,-0.44545847177505493,-0.06279505768986837,-0.10796326398849487,-0.5273417830467224,-0.07415865341397421,-0.25975972414016724,-0.29112178087234497,0.012913668731130201,-0.3651094436645508,-0.3622962236404419,-0.0035750726536889488,-0.43306735157966614,-0.418123722076416,-0.020023410936914843,-0.4951022267341614,-0.4652523994445801,-0.03655214959951536,-0.29262059926986694,-0.20208877325057983,0.0027875934894154852,-0.4120575785636902,-0.28102773427963257,-0.06290731558772222,-0.3523707389831543,-0.294191837310791,-0.09132636318179266,-0.2812385559082031,-0.29326117038726807,-0.08540639260979788,-0.3082289695739746,-0.10592985153198242,-0.014994740283214014,-0.44022461771965027,-0.16223567724227905,-0.056836079603158396,-0.5242715179920197,-0.21061384677886963,-0.0785176006910433,-0.5966313779354095,-0.2494944930076599,-0.08224482068987982,-0.3055923581123352,0.001098930835723877,-0.03640304858060972,-0.4152526259422302,-0.007957875728607178,-0.05353053638907568,-0.4815952181816101,-0.025512516498565674,-0.05734867582293646,-0.5505905449390411,-0.046894967555999756,-0.058178756183110636
SICK,0.0,0.0,0.0,0.0008536577224731445,-0.15172940492630005,-0.03303012832302343,-0.051660776138305664,-0.2939099669456482,-0.04553640469211828,-0.0971519947052002,-0.38224756717681885,-0.05774215444225561,-0.11082100868225098,-0.4543372392654419,-0.07006889417070639,-0.2275335192680359,-0.23277431726455688,-0.012976275042181129,-0.3292378783226013,-0.2884331941604614,-0.03793348207372915,-0.39470192790031433,-0.32203197479248047,-0.058682790242617244,-0.4541242718696594,-0.34807342290878296,-0.07644067540067923,-0.25105494260787964,-0.14769673347473145,-0.02084301806289446,-0.3596639037132263,-0.19313383102416992,-0.07575837358135473,-0.3394937515258789,-0.2031083106994629,-0.10291042759317648,-0.3062556982040405,-0.20611512660980225,-0.10722194447416555,-0.25834953784942627,-0.059163451194763184,-0.0345175845851351,-0.3829362988471985,-0.09581661224365234,-0.07816694512266409,-0.45466989278793335,-0.12708240747451782,-0.100287569903319,-0.5139304995536804,-0.1541779637336731,-0.10776615723270666,-0.24852758646011353,0.033884644508361816,-0.050975525968258495,-0.3476734161376953,0.03542602062225342,-0.07940605118173849,-0.4086909294128418,0.02184814214706421,-0.09084659650224935,-0.46697163581848145,-0.00036346912384033203,-0.09693386986154806
SICK,0.0,0.0,0.0,0.005567073822021484,-0.13620364665985107,-0.016528503115562643,-0.04593414068222046,-0.2579966187477112,-0.014192941676167692,-0.08982300758361816,-0.3327081799507141,-0.011373884122161115,-0.10555398464202881,-0.39559513330459595,-0.007198146156309093,-0.2128363847732544,-0.1880761981010437,0.02543238263270453,-0.30313748121261597,-0.22694557905197144,0.024620651189895426,-0.357766330242157,-0.25281310081481934,0.018781163652153765,-0.40921127796173096,-0.2763112783432007,0.009406370964558874,-0.23023974895477295,-0.1122901439666748,0.016203512360068117,-0.3313353657722473,-0.152557373046875,-0.016589636992005552,-0.30357927083969116,-0.15719974040985107,-0.03514693964579507,-0.26656121015548706,-0.15823984146118164,-0.033242444585351194,-0.23190230131149292,-0.035771846771240234,0.002337966735201036,-0.34483587741851807,-0.054825782775878906,-0.025390724729088987,-0.41694122552871704,-0.07616066932678223,-0.045252802859334196,-0.4780421853065491,-0.09251415729522705,-0.051497331898001875,-0.21639007329940796,0.03975725173950195,-0.012784048061160291,-0.3032227158546448,0.05218791961669922,-0.028108517716912473,-0.35894888639450073,0.04937887191772461,-0.03468613613703653,-0.412452757358551,0.0416107177734375,-0.03784357671001359
SICK,0.0,0.0,0.0,-0.00321352481842041,-0.14124292135238647,-0.011938625126418856,-0.059991657733917236,-0.25547856092453003,-0.003654013266128686,-0.10185247659683228,-0.3298710584640503,0.004251250420423958,-0.1181340217590332,-0.3910343647003174,0.013862635829212877,-0.22173094749450684,-0.18403899669647217,0.05151247222042343,-0.30472707748413086,-0.21607983112335205,0.06307248387551567,-0.3599379062652588,-0.23622161149978638,0.061332225688460085,-0.41330063343048096,-0.24909329414367676,0.053923189528944704,-0.24370980262756348,-0.10792839527130127,0.04498482484436295,-0.3410273790359497,-0.14285725355148315,0.02619660262084267,-0.32146066427230835,-0.15130937099456787,0.00924230448967478,-0.28645211458206177,-0.1482067108154297,0.01097760524666569,-0.251282274723053,-0.026657283306121826,0.03319744382119438,-0.3613758683204651,-0.04779702425003052,0.01921625983035824,-0.4343426823616028,-0.06986528635025024,0.00181680464251599,-0.49240413308143616,-0.08598679304122925,-0.004851079657015589,-0.2423485517501831,0.05309176445007324,0.01994458574867508,-0.3298492431640625,0.046277523040771484,0.014823633135023329,-0.3857603669166565,0.028917431831359863,0.01181923586941025,-0.4381718337535858,0.005736589431762695,0.010056706034305307
SICK,0.0,0.0,0.0,-0.00906139612197876,-0.12140929698944092,-0.010087240225175265,-0.06797587871551514,-0.22759205102920532,-0.0034547019456567796,-0.10569930076599121,-0.30483901500701904,0.0020977556998786895,-0.11459344625473022,-0.35992783308029175,0.008637372666498777,-0.22566723823547363,-0.16223978996276855,0.05013001643260395,-0.3039032220840454,-0.19955718517303467,0.05599004335840618,-0.35787516832351685,-0.21550393104553223,0.05077208139141476,-0.4069233536720276,-0.2276344895362854,0.04192427478869831,-0.24350786209106445,-0.08916354179382324,0.04070556841929829,-0.3427547216415405,-0.11916029453277588,0.014247341343661901,-0.3189293146133423,-0.1205434799194336,-0.005638007278093937,-0.2770163416862488,-0.11662793159484863,-0.004296967963227871,-0.24758374691009521,-0.01639080047607422,0.026092087180813905,-0.35551685094833374,-0.032309651374816895,0.008034988568624613,-0.41653114557266235,-0.0503697395324707,-0.006034298072108868,-0.46350592374801636,-0.06431442499160767,-0.008328264317015055,-0.23568665981292725,0.05445587635040283,0.009904776030680296,-0.3239285349845886,0.054673194885253906,0.0031696518710759847,-0.3787197470664978,0.04176759719848633,0.0018861614228171675,-0.42872223258018494,0.019548416137695312,0.0027563609476146667
SICK,0.0,0.0,0.0,0.014293909072875977,-0.1726083755493164,-0.026994499692364116,-0.055696070194244385,-0.32769548892974854,-0.032987789565368075,-0.10722506046295166,-0.40671050548553467,-0.03768869986538448,-0.11630505323410034,-0.4806814193725586,-0.04032973324660816,-0.25882989168167114,-0.26603662967681885,0.010498683585183244,-0.3633232116699219,-0.3242853879928589,-0.004068008938475032,-0.4356622099876404,-0.37059682607650757,-0.01775156272356071,-0.4999796450138092,-0.41084933280944824,-0.031173977384014506,-0.29417532682418823,-0.17993074655532837,0.0005043001494868804,-0.40296852588653564,-0.2532723546028137,-0.04984738802318134,-0.3621305227279663,-0.2696170210838318,-0.0690059860587553,-0.31405752897262573,-0.2717733383178711,-0.062208325916571994,-0.3091062307357788,-0.0870017409324646,-0.01639585880343475,-0.43863779306411743,-0.1442546844482422,-0.05690564339761295,-0.5139884352684021,-0.1960834264755249,-0.07893007000689067,-0.5818095505237579,-0.23581868410110474,-0.08382092913393535,-0.30313223600387573,0.017283618450164795,-0.03479994212989368,-0.4143521785736084,0.002377033233642578,-0.05686419954304256,-0.48064661026000977,-0.02192974090576172,-0.06262711187605419,-0.5504656434059143,-0.0444716215133667,-0.06432667871717968
SICK,0.0,0.0,0.0,0.012901544570922852,-0.18933963775634766,-0.031944499933075576,-0.0704655647277832,-0.35301798582077026,-0.037471307092260986,-0.12855517864227295,-0.44970330595970154,-0.041481418185782104,-0.1415824294090271,-0.530784547328949,-0.04274059983427492,-0.28327471017837524,-0.2804511785507202,0.01829795760576758,-0.39533817768096924,-0.34816256165504456,0.0036772893509748883,-0.46995675563812256,-0.40347665548324585,-0.011820955783974796,-0.5385397672653198,-0.45248353481292725,-0.028692152001809745,-0.3134608268737793,-0.19004487991333008,0.007312792237001986,-0.4380273222923279,-0.2741747498512268,-0.06069822760755983,-0.373510479927063,-0.2858315110206604,-0.08964787202413049,-0.29975128173828125,-0.2856467366218567,-0.0832577996187922,-0.32816511392593384,-0.08937180042266846,-0.011650330037724643,-0.46773409843444824,-0.1550334095954895,-0.05460098164613214,-0.5540836155414581,-0.21172994375228882,-0.07936692016656366,-0.6315166354179382,-0.2577996850013733,-0.0853681244188067,-0.32611340284347534,0.02230370044708252,-0.03379918786222902,-0.4444131851196289,0.012261271476745605,-0.0542401947313067,-0.5160574018955231,-0.00801229476928711,-0.06279076414639917,-0.5930320620536804,-0.033416807651519775,-0.06751594471271005
SICK,0.0,0.0,0.0,-0.003092467784881592,-0.1719570755958557,-0.01890870404578493,-0.06917262077331543,-0.3250141143798828,-0.01836199906803415,-0.12044709920883179,-0.4167945981025696,-0.019950816753876666,-0.1337326169013977,-0.48640692234039307,-0.02116286230422304,-0.26184171438217163,-0.2639973759651184,0.030947781753170034,-0.3653164505958557,-0.32165998220443726,0.023886901911723157,-0.42998746037483215,-0.35667484998703003,0.012592562128233453,-0.49021801352500916,-0.3872867226600647,-0.0005112723415692244,-0.2880735397338867,-0.17936885356903076,0.0193262357529278,-0.4037056565284729,-0.23272907733917236,-0.029900135818493823,-0.36778634786605835,-0.23803025484085083,-0.056633942175281504,-0.3207787275314331,-0.23450690507888794,-0.05557573993839071,-0.29858726263046265,-0.09018135070800781,0.0017379779633159842,-0.4257546067237854,-0.14050906896591187,-0.029210511941087702,-0.5050588548183441,-0.1839359998703003,-0.05095508356727407,-0.5741510987281799,-0.21852022409439087,-0.05840231885350988,-0.2928306460380554,0.01025402545928955,-0.01816780713535593,-0.3937947154045105,0.007733702659606934,-0.03485975449122236,-0.45901650190353394,-0.008956551551818848,-0.042878385979307154,-0.5246954560279846,-0.03108048439025879,-0.04706490074433134
SICK,0.0,0.0,0.0,-0.007646143436431885,-0.16310042142868042,-0.010785646438165486,-0.06533223390579224,-0.3124275803565979,-0.004846180025054991,-0.11017799377441406,-0.40401583909988403,-0.003120599714605987,-0.1247362494468689,-0.4781952500343323,-0.001649064411907375,-0.2327006459236145,-0.250529944896698,0.04964702233715457,-0.32844799757003784,-0.30137187242507935,0.04999868601603907,-0.39110949635505676,-0.33215582370758057,0.038903072774843395,-0.45091837644577026,-0.3538428544998169,0.02490704350216788,-0.25521624088287354,-0.1690719723701477,0.035534587055877864,-0.3549466133117676,-0.215035080909729,0.004598736130134284,-0.33918583393096924,-0.228876531124115,-0.022195810153647244,-0.3144756555557251,-0.2283955216407776,-0.02843342132823068,-0.26164305210113525,-0.08342432975769043,0.01564864285333556,-0.37568381428718567,-0.11967915296554565,-0.007760550062670291,-0.45059776306152344,-0.1522756814956665,-0.03094452962236005,-0.5167745351791382,-0.17436718940734863,-0.04178124636368352,-0.2517489194869995,0.009874045848846436,-0.006302836052640259,-0.34753572940826416,0.012989223003387451,-0.01908198527948457,-0.41074806451797485,0.005133211612701416,-0.027288414239450276,-0.47338810563087463,-0.004656851291656494,-0.03249881759242612
SICK,0.0,0.0,0.0,-0.005763709545135498,-0.13158851861953735,-0.0006512415792627735,-0.05211824178695679,-0.2377437949180603,0.015414052285549928,-0.08920013904571533,-0.31294238567352295,0.029185336657164385,-0.10400646924972534,-0.3712571859359741,0.04318903630256443,-0.21256738901138306,-0.18223685026168823,0.06865617876529484,-0.2997388243675232,-0.22092747688293457,0.08143541460513859,-0.3571817874908447,-0.2386932373046875,0.0779934400844553,-0.41012245416641235,-0.25373566150665283,0.0687114844250658,-0.23763155937194824,-0.10975998640060425,0.05778176953673153,-0.34103959798812866,-0.14877384901046753,0.033007348530290415,-0.31362277269363403,-0.14590275287628174,0.0037336771994063156,-0.2674124836921692,-0.13127446174621582,-0.0039887115207335455,-0.2510368824005127,-0.03550994396209717,0.04253884648561268,-0.363852322101593,-0.06452357769012451,0.026559630982873728,-0.41007113456726074,-0.08108419179916382,0.0006914274919012087,-0.4404541254043579,-0.08985108137130737,-0.012481151506008814,-0.2500813603401184,0.03847670555114746,0.02711587270378857,-0.3457104563713074,0.01721799373626709,0.01813905184745579,-0.4015408158302307,-0.013673901557922363,0.0046352083946743505,-0.45449402928352356,-0.05439651012420654,-0.005633149187715958
SICK,0.0,0.0,0.0,0.009245455265045166,-0.15286791324615479,-0.008982611234841897,-0.05063098669052124,-0.27276313304901123,0.0024894730918276764,-0.10137277841567993,-0.3452359437942505,0.013307862569035933,-0.11417484283447266,-0.40349137783050537,0.0260067057129163,-0.22295105457305908,-0.2075839638710022,0.05272944795751755,-0.31111496686935425,-0.248906672000885,0.06241272169017975,-0.3750953674316406,-0.27000439167022705,0.0615452803936023,-0.43501028418540955,-0.2868850827217102,0.05483755620980446,-0.2568761110305786,-0.12438058853149414,0.04603286984229271,-0.35840415954589844,-0.16678309440612793,0.022838072505237506,-0.3413505554199219,-0.16349726915359497,0.006420417808385537,-0.3075209856033325,-0.15180277824401855,0.010182634581269667,-0.276164174079895,-0.0423620343208313,0.034271360960246966,-0.39557915925979614,-0.07042789459228516,0.01686422119701092,-0.4670858383178711,-0.09435057640075684,-0.0016453850516882085,-0.5242374241352081,-0.11207431554794312,-0.007857830609736993,-0.27910029888153076,0.036269187927246094,0.021752955045940325,-0.37556594610214233,0.01578676700592041,0.01511590520703976,-0.4331415593624115,-0.010253548622131348,0.009921015825511859,-0.4863135516643524,-0.04098629951477051,0.007078326426835702
SICK,0.0,0.0,0.0,0.001833498477935791,-0.18141305446624756,-0.021739544976909997,-0.07105904817581177,-0.3488573431968689,-0.025220133994181992,-0.1266992688179016,-0.4499340057373047,-0.030279238406976106,-0.14727699756622314,-0.5288375020027161,-0.035458762828668,-0.2683039903640747,-0.29569190740585327,0.017841994132439254,-0.3796224892139435,-0.3567950129508972,0.0019911491065869313,-0.4547213912010193,-0.3974910378456116,-0.01365804548974836,-0.5230105519294739,-0.430830717086792,-0.029675324146111848,-0.30240243673324585,-0.19913560152053833,0.002394385937193988,-0.4307146370410919,-0.26730239391326904,-0.05404951486404741,-0.3924766778945923,-0.2754020690917969,-0.08011314708407724,-0.34090614318847656,-0.2703702449798584,-0.07732444692071283,-0.31402701139450073,-0.09281384944915771,-0.019814672578533532,-0.4549451768398285,-0.1407453417778015,-0.05919793311174715,-0.5492744743824005,-0.18000930547714233,-0.08436853129084909,-0.6305197179317474,-0.20711064338684082,-0.09368974405940378,-0.3047391176223755,0.023885011672973633,-0.04400111425336206,-0.4117644429206848,0.02797311544418335,-0.06532452691014612,-0.4842566251754761,0.01781409978866577,-0.07487857777293527,-0.55769082903862,0.007550418376922607,-0.08084648538049066
SICK,0.0,0.0,0.0,-0.015320003032684326,-0.1485099196434021,-0.017806603678195643,-0.08136862516403198,-0.29086339473724365,-0.018633579008906054,-0.13315719366073608,-0.39184051752090454,-0.02191408082160251,-0.15176993608474731,-0.47203004360198975,-0.02424802548500793,-0.24911916255950928,-0.23244315385818481,0.03238467954781754,-0.35071414709091187,-0.28361356258392334,0.031493772647650076,-0.4202938675880432,-0.3076958656311035,0.024431032023699117,-0.4824766516685486,-0.32468974590301514,0.013510219647855592,-0.2738577723503113,-0.14688771963119507,0.020475254289181066,-0.3834693133831024,-0.20171451568603516,-0.00792314122679727,-0.3714103698730469,-0.22660601139068604,-0.026139370270698237,-0.3451251983642578,-0.24236440658569336,-0.025850528024761843,-0.27738726139068604,-0.05354738235473633,0.0023291610528985984,-0.4041951298713684,-0.07120513916015625,-0.02183544180604713,-0.49225252866744995,-0.09070807695388794,-0.04299709863278167,-0.5632739663124084,-0.10807198286056519,-0.05286625317546623,-0.2604069113731384,0.0455857515335083,-0.018119034462301897,-0.35433143377304077,0.06281745433807373,-0.03145915559741752,-0.4186374545097351,0.06216633319854736,-0.038256595947473215,-0.47710561752319336,0.0541534423828125,-0.04301916352721946
SICK,0.0,0.0,0.0,-0.021812915802001953,-0.13821852207183838,0.004178444720828622,-0.06908345222473145,-0.2235884666442871,0.03278954965623626,-0.10794132947921753,-0.29283738136291504,0.0582151923850418,-0.12154215574264526,-0.3591921925544739,0.08503164989503631,-0.22286874055862427,-0.16420167684555054,0.09504091633113632,-0.3156064748764038,-0.19685614109039307,0.12234520060571441,-0.37116652727127075,-0.21922636032104492,0.1213064108565689,-0.419577956199646,-0.22711926698684692,0.11369219315799484,-0.23285245895385742,-0.09654396772384644,0.09308934105190048,-0.3381214141845703,-0.12121695280075073,0.091000771947229,-0.3155309557914734,-0.13338536024093628,0.061066496051871866,-0.2742959260940552,-0.12745028734207153,0.04640837652238616,-0.2326379418373108,-0.03640258312225342,0.08827178073676833,-0.32128047943115234,-0.05469465255737305,0.08602362764629135,-0.30112218856811523,-0.06965219974517822,0.0603826705888153,-0.2662334442138672,-0.07317161560058594,0.047495740331733316,-0.22140824794769287,0.01923060417175293,0.08330802512916335,-0.2865206003189087,0.010040283203125,0.08277859432252654,-0.28881359100341797,-0.003400444984436035,0.07124703270944366,-0.27607810497283936,-0.017760038375854492,0.06405247641357192
SICK,0.0,0.0,0.0,-0.030672788619995117,-0.17839312553405762,-0.028344290380005077,-0.10369163751602173,-0.3037636876106262,-0.02936945487988396,-0.1520107388496399,-0.3855143189430237,-0.026961782996181682,-0.17479771375656128,-0.4638864994049072,-0.02372101699245377,-0.23796451091766357,-0.21179986000061035,0.013605066526110932,-0.3359200954437256,-0.25275158882141113,0.01091854455637531,-0.403444766998291,-0.2793360948562622,-0.0014470513468722856,-0.45855212211608887,-0.30180150270462036,-0.012535386767808632,-0.252855122089386,-0.11315226554870605,0.02126661496924953,-0.34333378076553345,-0.1372607946395874,0.021042816291924282,-0.40544363856315613,-0.1637939214706421,0.0031430168984343254,-0.45710358023643494,-0.19331514835357666,-0.011735438418213562,-0.2521817684173584,-0.019453883171081543,0.024221271227474972,-0.3347260355949402,-0.03494739532470703,0.017834436099406048,-0.39310166239738464,-0.06302231550216675,0.0015538320386667692,-0.4428819715976715,-0.09380823373794556,-0.009999476422194675,-0.23840779066085815,0.0612567663192749,0.02416706825363235,-0.31159526109695435,0.054201364517211914,0.015713633920427128,-0.35717904567718506,0.04399263858795166,0.01065750694590406,-0.39970478415489197,0.026491522789001465,0.008385030503745838
SICK,0.0,0.0,0.0,0.014745891094207764,-0.2211369276046753,-0.013834868612491391,-0.06036192178726196,-0.38189512491226196,0.000501558711960115,-0.1168399453163147,-0.4741790294647217,0.013443075065708854,-0.14453262090682983,-0.5481723845005035,0.029040492085016467,-0.26861417293548584,-0.2995251417160034,0.07665802812317679,-0.3776211738586426,-0.35317569971084595,0.08703148638943503,-0.4537369906902313,-0.37963879108428955,0.08068452304343054,-0.5276975333690643,-0.40405017137527466,0.06475989049414466,-0.29772132635116577,-0.20488601922988892,0.05883463373521636,-0.4239368438720703,-0.2657889127731323,0.011373309363818862,-0.3747829794883728,-0.27528470754623413,-0.022852773832880757,-0.3091473877429962,-0.272468626499176,-0.025415533276998303,-0.3095073103904724,-0.09875911474227905,0.031603510436809756,-0.4579470455646515,-0.12969624996185303,-0.007948373499118588,-0.5506254732608795,-0.15152513980865479,-0.04824693599601915,-0.6324207186698914,-0.16562259197235107,-0.06697229022046258,-0.30507951974868774,0.007396697998046875,0.0029618841979868193,-0.4330032765865326,0.004331707954406738,-0.023322603720032475,-0.5082371234893799,0.001154780387878418,-0.04657442221304109,-0.591462105512619,-0.005230307579040527,-0.06371241534014871
SICK,0.0,0.0,0.0,-0.0028758645057678223,-0.14422935247421265,-0.01793386345792669,-0.06354928016662598,-0.2743229866027832,-0.009971461501606882,-0.11257672309875488,-0.3627426028251648,-0.0035912073316808346,-0.13490664958953857,-0.42469221353530884,0.0047526366443548795,-0.23387593030929565,-0.20220518112182617,0.05325712518703085,-0.33384063839912415,-0.24215877056121826,0.06130657227646452,-0.4007243514060974,-0.2596698999404907,0.059750190693250715,-0.4631591737270355,-0.2746000289916992,0.05234174685489279,-0.2599053382873535,-0.12832868099212646,0.04571294294606787,-0.369734525680542,-0.17505139112472534,0.010315336044243395,-0.33602288365364075,-0.17794787883758545,-0.015787693914660395,-0.28190547227859497,-0.16970300674438477,-0.016725912001618326,-0.27535897493362427,-0.05243277549743652,0.03180448220979315,-0.3963927626609802,-0.08213132619857788,0.009532229732087671,-0.45426100492477417,-0.09306365251541138,-0.013413149174937189,-0.49357306957244873,-0.09588563442230225,-0.022115432900079668,-0.279813289642334,0.028811216354370117,0.015276133771351397,-0.3824910521507263,-0.0028188228607177734,0.005436990167311251,-0.44678187370300293,-0.033779025077819824,-0.006112413723656118,-0.5053840279579163,-0.0689702033996582,-0.014359114003070772
SICK,0.0,0.0,0.0,-0.009175717830657959,-0.16794812679290771,-0.026652160647586243,-0.06339836120605469,-0.3057093620300293,-0.03491971789605941,-0.11047852039337158,-0.386934369802475,-0.04324605091221656,-0.13137894868850708,-0.4576677978038788,-0.049592317628935234,-0.2529780864715576,-0.25343945622444153,0.025263701018616302,-0.343097448348999,-0.3060747981071472,0.017041718971654518,-0.40484726428985596,-0.34186676144599915,0.002688253682777031,-0.4618658423423767,-0.37190574407577515,-0.011722261633053677,-0.28102368116378784,-0.18124252557754517,0.019070104148909195,-0.3856160640716553,-0.2414296269416809,-0.018151772755459206,-0.3573586344718933,-0.245656818151474,-0.04105847476728286,-0.31749582290649414,-0.24296420812606812,-0.04071672036059226,-0.2914254069328308,-0.09818494319915771,0.006109369837417944,-0.41006335616111755,-0.1363963484764099,-0.02274676187641944,-0.482706755399704,-0.16564422845840454,-0.04787451921708907,-0.5450445711612701,-0.19052338600158691,-0.05759046002037849,-0.2810210585594177,-0.004932880401611328,-0.008993053424433128,-0.3794185519218445,7.033348083496094e-06,-0.02336806206710662,-0.4390385150909424,-0.004299581050872803,-0.029908524441793816,-0.500077098608017,-0.01096642017364502,-0.03296039401300277
SICK,0.0,0.0,0.0,-0.0012646317481994629,-0.1787075400352478,-0.03353956904874167,-0.0810246467590332,-0.33400195837020874,-0.040467621801951736,-0.13380110263824463,-0.4291880130767822,-0.04459238615498862,-0.14825689792633057,-0.50078946352005,-0.046981772451260895,-0.2874264717102051,-0.2640228271484375,0.0026267226351706086,-0.39830249547958374,-0.32109305262565613,-0.014987237794855446,-0.4718722999095917,-0.3613603115081787,-0.028932107655862183,-0.5432077348232269,-0.40033942461013794,-0.04488730993733725,-0.3168666362762451,-0.16884636878967285,-0.0092994533912929,-0.45549124479293823,-0.23554858565330505,-0.07634546425805411,-0.3988698124885559,-0.2405986487865448,-0.10381198492513022,-0.33081141114234924,-0.23911407589912415,-0.09740418758855185,-0.3250458538532257,-0.06350505352020264,-0.028768233998277992,-0.47225481271743774,-0.09504449367523193,-0.07995170917973837,-0.5690833330154419,-0.1262570023536682,-0.1141683888124021,-0.6556244492530823,-0.15270578861236572,-0.12578021553025565,-0.31248000264167786,0.047419071197509766,-0.04999317046866736,-0.4279724955558777,0.06875121593475342,-0.08049145904050192,-0.5015839040279388,0.06989496946334839,-0.09806391414866766,-0.5813469588756561,0.06652134656906128,-0.10912577625975928
SICK,0.0,0.0,0.0,0.0011189579963684082,-0.16600459814071655,-0.003481675681726415,-0.05941343307495117,-0.30026036500930786,0.012097777754931371,-0.11093538999557495,-0.378700852394104,0.024344806515543382,-0.13218742609024048,-0.44386327266693115,0.037519070275990885,-0.2337040901184082,-0.21861129999160767,0.0671445792102503,-0.3282836675643921,-0.2655181884765625,0.08060087166067831,-0.38963085412979126,-0.2908439040184021,0.08128275624748937,-0.4455885589122772,-0.3090912699699402,0.07486780635353796,-0.25489217042922974,-0.12808334827423096,0.05456593162652723,-0.36748719215393066,-0.1775202751159668,0.03050427972611658,-0.33816540241241455,-0.17658168077468872,0.01210985421475641,-0.2967495918273926,-0.17425471544265747,0.015376547307639044,-0.259046733379364,-0.03645431995391846,0.03648322723147146,-0.3817424476146698,-0.06549060344696045,0.020023756616680544,-0.46235376596450806,-0.08437490463256836,0.0009234098977657368,-0.5292370617389679,-0.10147613286972046,-0.006054086188854058,-0.24416959285736084,0.05750453472137451,0.01718587703344099,-0.3415714502334595,0.07772278785705566,0.010660035491852682,-0.4063847064971924,0.08574926853179932,0.004733908877639692,-0.4677967429161072,0.0881650447845459,0.0010777825516896655
SICK,0.0,0.0,0.0,0.0012157559394836426,-0.1770746111869812,-0.010393437455206822,-0.0615696907043457,-0.3039551377296448,0.0021523065019550813,-0.1174817681312561,-0.37635576725006104,0.013921902057916213,-0.13851392269134521,-0.43708348274230957,0.02854454471656709,-0.23917943239212036,-0.21840059757232666,0.06585799670705228,-0.34033215045928955,-0.26221805810928345,0.08029666311034589,-0.4072727560997009,-0.2874114513397217,0.0798420137811604,-0.46712467074394226,-0.3072608709335327,0.0720586008478108,-0.2627747654914856,-0.12733674049377441,0.05932939565667539,-0.3779716193675995,-0.18006640672683716,0.03189691296705632,-0.3445751667022705,-0.1867891550064087,0.010960563560217906,-0.2967245578765869,-0.18635207414627075,0.014479292099565555,-0.2680491805076599,-0.031033039093017578,0.04714584491142659,-0.3929336667060852,-0.05867183208465576,0.029453342323392917,-0.47721970081329346,-0.07642626762390137,0.007083556157738258,-0.5469352602958679,-0.09065204858779907,-0.0016708827957359063,-0.2544892430305481,0.06412076950073242,0.033695118044704486,-0.35082879662513733,0.06900644302368164,0.027044971947759677,-0.41141706705093384,0.0705716609954834,0.020157159780353595,-0.472345232963562,0.06634140014648438,0.015740680982560207
SICK,0.0,0.0,0.0,0.006425619125366211,-0.18150675296783447,-0.017132012439162736,-0.06403607130050659,-0.3187395930290222,-0.015151642528564935,-0.11985641717910767,-0.4043136239051819,-0.014596105818839078,-0.1368446946144104,-0.475151389837265,-0.013175161821038728,-0.252765953540802,-0.23321980237960815,0.03524299684426069,-0.3573306202888489,-0.27750420570373535,0.03481421593090772,-0.4254981279373169,-0.30799710750579834,0.029961500051228995,-0.48664209246635437,-0.33326101303100586,0.020699031385390754,-0.27830249071121216,-0.141543447971344,0.025662569063513274,-0.38945603370666504,-0.19020521640777588,-0.011241753851265912,-0.35753297805786133,-0.1983819603919983,-0.029707191777617936,-0.3147636651992798,-0.2014697790145874,-0.025178741929323678,-0.28321748971939087,-0.04197794198989868,0.00993644885232925,-0.4103749394416809,-0.07686764001846313,-0.018055461612732415,-0.49182137846946716,-0.09850704669952393,-0.03980763283112765,-0.5624312162399292,-0.11789453029632568,-0.04768000942209483,-0.2689141631126404,0.06285357475280762,-0.0071474782053542185,-0.37053126096725464,0.07491064071655273,-0.024302771580607896,-0.4336838722229004,0.0725252628326416,-0.03416194420793772,-0.4985770583152771,0.06442916393280029,-0.03975719612577677
SICK,0.0,0.0,0.0,-0.0013901591300964355,-0.1713324785232544,-0.03045303366883445,-0.08328866958618164,-0.31980544328689575,-0.03712656900091815,-0.14181005954742432,-0.4073482155799866,-0.042477043269116166,-0.15259402990341187,-0.478930801153183,-0.04643876656695056,-0.26876193284988403,-0.23322391510009766,0.011142321938734767,-0.37113410234451294,-0.279272198677063,-0.0019490125523020652,-0.441734254360199,-0.31368589401245117,-0.014499030930835488,-0.5058431029319763,-0.3426588177680969,-0.028541190473276856,-0.2915647029876709,-0.14482897520065308,0.0027162985243762705,-0.413214772939682,-0.18954885005950928,-0.05238928451939273,-0.3685923218727112,-0.2010483741760254,-0.07666286632223773,-0.31311559677124023,-0.20738184452056885,-0.07227832630081821,-0.29866737127304077,-0.04992622137069702,-0.012772935366172078,-0.4312211275100708,-0.07115620374679565,-0.051267104146916154,-0.5225362181663513,-0.09459620714187622,-0.07843265488548923,-0.6026982963085175,-0.11641913652420044,-0.0885296817104404,-0.28667110204696655,0.051678359508514404,-0.030745040548879388,-0.3930712938308716,0.07444941997528076,-0.05037696838184047,-0.4604954719543457,0.07564043998718262,-0.06168869316383052,-0.5312106907367706,0.07074391841888428,-0.069584576336581
SICK,0.0,0.0,0.0,-0.006314456462860107,-0.1719493269920349,-0.021624825362636102,-0.08830422163009644,-0.32042229175567627,-0.02328859588928367,-0.1477741003036499,-0.4108448624610901,-0.02594514696724559,-0.16101205348968506,-0.4807422161102295,-0.02745465694792415,-0.27678680419921875,-0.2408616542816162,0.029274583395050513,-0.3768687844276428,-0.2928340435028076,0.017829375873731124,-0.448070228099823,-0.32744407653808594,0.003485912057982432,-0.5116303563117981,-0.35662952065467834,-0.011453532081617368,-0.29977595806121826,-0.15374034643173218,0.01760052570276116,-0.4249531030654907,-0.19580864906311035,-0.036917589072658075,-0.37912243604660034,-0.20361799001693726,-0.06391174292988921,-0.31870174407958984,-0.20652633905410767,-0.05952950513787414,-0.308230459690094,-0.060744404792785645,-0.0008106320663898714,-0.4393097758293152,-0.07964217662811279,-0.0362044828278556,-0.5246257483959198,-0.10725557804107666,-0.0618862429899707,-0.5986278355121613,-0.1314801573753357,-0.06955628043837692,-0.29732704162597656,0.037724852561950684,-0.02140811032481338,-0.40222853422164917,0.06015056371688843,-0.036362047706319345,-0.46803128719329834,0.056434810161590576,-0.044407132480813516,-0.5352595448493958,0.047101497650146484,-0.04907653055019523
SICK,0.0,0.0,0.0,-0.004657268524169922,-0.1615302562713623,-0.022757649995156726,-0.07455283403396606,-0.30528753995895386,-0.02677142863697668,-0.12342852354049683,-0.39433395862579346,-0.03262477984256407,-0.13760316371917725,-0.460093230009079,-0.03695070614642759,-0.2655067443847656,-0.23852717876434326,0.031113692917159597,-0.3638603687286377,-0.2894061207771301,0.0210374327229772,-0.4305381178855896,-0.3219468593597412,0.0066799697319481766,-0.49074363708496094,-0.34938564896583557,-0.008649928137430152,-0.2866387963294983,-0.1525307297706604,0.0196094060169969,-0.4078523814678192,-0.19404655694961548,-0.035029253564545115,-0.3571462631225586,-0.2013094425201416,-0.06293261294788977,-0.2932802438735962,-0.2064441442489624,-0.05934093018598219,-0.29404938220977783,-0.0627293586730957,0.0011853186965424811,-0.4193771183490753,-0.08579415082931519,-0.03095177990920206,-0.4988754987716675,-0.11267834901809692,-0.05394813661999365,-0.5712603032588959,-0.1392940878868103,-0.06083512549824377,-0.283414363861084,0.030681133270263672,-0.020259718052813014,-0.3793167471885681,0.05196768045425415,-0.03284990658588072,-0.44258660078048706,0.05320441722869873,-0.03970979025191923,-0.5108135640621185,0.04834282398223877,-0.04390916099376341
SICK,0.0,0.0,0.0,-0.01327204704284668,-0.16694694757461548,-0.026295041209834835,-0.08673661947250366,-0.30971014499664307,-0.030527364007014057,-0.13995486497879028,-0.3991473913192749,-0.0369561775688112,-0.15480822324752808,-0.4690084159374237,-0.0414112596873224,-0.27973079681396484,-0.2393692433834076,0.03790860109887717,-0.384976863861084,-0.2904963791370392,0.032103611611944416,-0.44955506920814514,-0.32526862621307373,0.02017268211506007,-0.5084229707717896,-0.3524957299232483,0.005952506316077688,-0.30279892683029175,-0.15627223253250122,0.026837373607975223,-0.42247164249420166,-0.19967728853225708,-0.02327299258746507,-0.3785860538482666,-0.2162630259990692,-0.05069068959988954,-0.3188024163246155,-0.22284331917762756,-0.04860431841649415,-0.3105202913284302,-0.06478321552276611,0.007861603507024029,-0.43888989090919495,-0.08732789754867554,-0.02133011213578584,-0.5209680795669556,-0.11374163627624512,-0.04430161557235124,-0.5880396962165833,-0.13247805833816528,-0.05203744909800889,-0.29829245805740356,0.03530097007751465,-0.01511587250121238,-0.39860814809799194,0.05618184804916382,-0.02801038279272916,-0.4662286043167114,0.05540871620178223,-0.036879939502853176,-0.533346563577652,0.051961302757263184,-0.04211212090291383
SICK,0.0,0.0,0.0,-0.006507992744445801,-0.1538923978805542,-0.030346457340300503,-0.07388854026794434,-0.27726322412490845,-0.036762845196307126,-0.12591248750686646,-0.3517077565193176,-0.0424856771309976,-0.14440351724624634,-0.4132980704307556,-0.04679297325807852,-0.247369647026062,-0.19849520921707153,0.008641548029601154,-0.34477484226226807,-0.23345619440078735,-0.005687661894143048,-0.40492814779281616,-0.25950658321380615,-0.01998169948953432,-0.46039700508117676,-0.28065407276153564,-0.034493647940934125,-0.2640199065208435,-0.11647510528564453,0.0015893472996424407,-0.3697303533554077,-0.1500849723815918,-0.048967551865160885,-0.3357592821121216,-0.16285204887390137,-0.07394961682754797,-0.2926214933395386,-0.1680901050567627,-0.07411675570207876,-0.2646118402481079,-0.029285669326782227,-0.012476500548899594,-0.38239049911499023,-0.04508119821548462,-0.04893113342720312,-0.45587533712387085,-0.062080979347229004,-0.07384567377764029,-0.5189889669418335,-0.07392847537994385,-0.08312092391449255,-0.24793082475662231,0.061528563499450684,-0.029417913832247677,-0.33740222454071045,0.083751380443573,-0.05118504954177183,-0.39637815952301025,0.08806359767913818,-0.06442727563577932,-0.4571179151535034,0.08786559104919434,-0.0725433048387174
SICK,0.0,0.0,0.0,-0.005062460899353027,-0.15586459636688232,-0.022056635265869318,-0.07440179586410522,-0.2850852608680725,-0.023498119583052812,-0.12789344787597656,-0.3591610789299011,-0.02578626552752894,-0.14214873313903809,-0.419016033411026,-0.027014318650287805,-0.252485990524292,-0.20414495468139648,0.030139971727805914,-0.3407233953475952,-0.2424885630607605,0.02371450906463224,-0.40347760915756226,-0.26798707246780396,0.010753171721773924,-0.4593399167060852,-0.2881605625152588,-0.0038177317769054753,-0.2694935202598572,-0.12458312511444092,0.021255914325195135,-0.37945306301116943,-0.16141825914382935,-0.0209720952265684,-0.3486812710762024,-0.1721819043159485,-0.04640366861752909,-0.3039218783378601,-0.17696642875671387,-0.046688884293359934,-0.27465736865997314,-0.04041600227355957,0.0060954692012842315,-0.3952283263206482,-0.06216698884963989,-0.02018972838453692,-0.4697117209434509,-0.0817270278930664,-0.041712090169710336,-0.5331658124923706,-0.0985291600227356,-0.049684569036287485,-0.2614451050758362,0.050160765647888184,-0.011940218304914652,-0.35449278354644775,0.07059502601623535,-0.024977024441284357,-0.4124705493450165,0.07032608985900879,-0.03270309398106974,-0.47085291147232056,0.062460124492645264,-0.03735668564371508
SICK,0.0,0.0,0.0,-0.0024955272674560547,-0.16624706983566284,-0.01874471181508852,-0.07123434543609619,-0.29538074135780334,-0.01878598989424063,-0.12524741888046265,-0.3667982816696167,-0.019772174819081556,-0.1392166018486023,-0.4327959418296814,-0.019591298936575186,-0.2529503107070923,-0.208631694316864,0.03134232474985765,-0.348132848739624,-0.25560206174850464,0.02578602260473417,-0.4119507670402527,-0.2882816195487976,0.01686139865341829,-0.4684186279773712,-0.3158389627933502,0.005876268209249247,-0.2722588777542114,-0.12798172235488892,0.022611151398450602,-0.3842064142227173,-0.16528326272964478,-0.02017078274366213,-0.34884047508239746,-0.17125946283340454,-0.04018065245327307,-0.30132466554641724,-0.1777375340461731,-0.035079306973784696,-0.2777758240699768,-0.043929338455200195,0.0076157105577294715,-0.4004257917404175,-0.06824398040771484,-0.022245750813453924,-0.47721102833747864,-0.09259861707687378,-0.04137041704234434,-0.5416350364685059,-0.11767071485519409,-0.04593679220852209,-0.26595765352249146,0.04564613103866577,-0.009225932000845205,-0.36341989040374756,0.05990457534790039,-0.024982036142318975,-0.4245828688144684,0.05732917785644531,-0.031833986802666914,-0.4857020080089569,0.0488700270652771,-0.03448190079507185
SICK,0.0,0.0,0.0,0.005183160305023193,-0.17926561832427979,-0.027719497745408717,-0.06660312414169312,-0.31670212745666504,-0.02949325933076352,-0.1228826642036438,-0.3943602740764618,-0.030857317214383784,-0.13310575485229492,-0.46259474754333496,-0.029548492347373667,-0.2583426833152771,-0.2407299280166626,0.04042917297266513,-0.3583845794200897,-0.29625388979911804,0.041942903707251844,-0.42512747645378113,-0.33392947912216187,0.03359419659756213,-0.4872746169567108,-0.3634861707687378,0.020249886373505888,-0.2792869210243225,-0.15985924005508423,0.034201366762147245,-0.4015665650367737,-0.21550869941711426,-0.010116251250281039,-0.3593275547027588,-0.2283639907836914,-0.03701731755353421,-0.2986385226249695,-0.2334396243095398,-0.03502696945287198,-0.2906506657600403,-0.069460928440094,0.020859278673754034,-0.4185335040092468,-0.10048145055770874,-0.001647947304434183,-0.5013035535812378,-0.12403833866119385,-0.02429781488098115,-0.5702733397483826,-0.14410549402236938,-0.032926062186732,-0.2840549945831299,0.027633070945739746,0.003595095528737602,-0.38519567251205444,0.04179805517196655,-0.002811773046403232,-0.44822216033935547,0.04302191734313965,-0.010126289044990244,-0.5137474834918976,0.03671389818191528,-0.015914306109323206
SICK,0.0,0.0,0.0,-0.010156869888305664,-0.16316956281661987,-0.022808362479338484,-0.08235430717468262,-0.299433171749115,-0.022280604328045683,-0.13633716106414795,-0.37931180000305176,-0.022780053998360472,-0.14728760719299316,-0.4410712718963623,-0.021855224604735213,-0.2603265643119812,-0.22582465410232544,0.031089528714289827,-0.35910654067993164,-0.27348485589027405,0.024391115893592996,-0.42009788751602173,-0.30857038497924805,0.013554270629754228,-0.4752885103225708,-0.337399423122406,0.0012562230871822067,-0.28265708684921265,-0.14411962032318115,0.022128393192758722,-0.4002169668674469,-0.18872398138046265,-0.022439631382951575,-0.3638240694999695,-0.20125585794448853,-0.04462383569313033,-0.30840766429901123,-0.20366144180297852,-0.04011707262230857,-0.2893926501274109,-0.05685544013977051,0.006261427671631736,-0.41273045539855957,-0.07812964916229248,-0.022725471044907408,-0.49136000871658325,-0.10639089345932007,-0.0436064179344271,-0.5540062487125397,-0.1274440884590149,-0.04939618961049064,-0.2779585123062134,0.0365452766418457,-0.012462958442995387,-0.3741437792778015,0.059384822845458984,-0.02685517513288005,-0.4367927312850952,0.05864763259887695,-0.03480690972043021,-0.4978135824203491,0.0548628568649292,-0.03875414163900359
BATHROOM,0.0,0.0,0.0,0.029907286167144775,-0.08732295036315918,0.031715593430135414,0.0034022927284240723,-0.17512142658233643,0.056291225495670005,-0.04358482360839844,-0.23103684186935425,0.07035148436102645,-0.09084630012512207,-0.2516675591468811,0.080857413950298,0.044384539127349854,-0.25133591890335083,0.08378397965702788,-0.0431254506111145,-0.22887742519378662,0.08149974340472,-0.09025293588638306,-0.1794864535331726,0.06403659576449172,-0.10235977172851562,-0.1285632848739624,0.054942569824788734,0.010815978050231934,-0.2950144410133362,0.06810026163134353,-0.10082095861434937,-0.24873536825180054,0.06350034767660873,-0.13933390378952026,-0.1738835573196411,0.03724330956015365,-0.14182275533676147,-0.10582059621810913,0.024317694025967285,-0.03669905662536621,-0.316009521484375,0.05183063739809768,-0.15292787551879883,-0.2656252384185791,0.04105112993988769,-0.17408215999603271,-0.18384504318237305,0.015728620010349914,-0.16213446855545044,-0.11895400285720825,0.004883478059355184,-0.09601706266403198,-0.3228833079338074,0.03924656206640975,-0.18685179948806763,-0.2868573069572449,0.02780249448392169,-0.18554678559303284,-0.22789108753204346,0.01994220832261817,-0.16135674715042114,-0.18142104148864746,0.021161330061886474
BATHROOM,0.0,0.0,0.0,-0.06740808486938477,-0.020440101623535156,0.040299223367469494,-0.12477928400039673,-0.09480142593383789,0.08331624195386667,-0.16687369346618652,-0.13587582111358643,0.11667219326307077,-0.1910591721534729,-0.15668141841888428,0.14942615256120462,-0.022401511669158936,-0.2352679967880249,0.12194698080827493,-0.1150059700012207,-0.22114622592926025,0.15229526684095163,-0.1562172770500183,-0.15699094533920288,0.1556554190855195,-0.15781289339065552,-0.09569674730300903,0.15850189850141305,-0.038070738315582275,-0.27079951763153076,0.11098209545423288,-0.15009170770645142,-0.23664450645446777,0.1399625889997651,-0.18441557884216309,-0.15715163946151733,0.1286466620903184,-0.17574363946914673,-0.09243643283843994,0.1236698381643464,-0.07016634941101074,-0.2858833074569702,0.09870987162400979,-0.18542814254760742,-0.2422168254852295,0.11508274600316781,-0.20764845609664917,-0.1635558009147644,0.09380779937316674,-0.19164913892745972,-0.1118161678314209,0.08141255900670785,-0.11757707595825195,-0.28865259885787964,0.08980069831420678,-0.21822267770767212,-0.2558690905570984,0.09560662284900445,-0.22724568843841553,-0.20026201009750366,0.0893954463343789,-0.20613563060760498,-0.15980994701385498,0.0891173981170823
BATHROOM,0.0,0.0,0.0,-0.15812835097312927,0.015590965747833252,-0.015375878610825566,-0.2510761022567749,-0.076377272605896,-0.00254584028868976,-0.277355819940567,-0.1382228136062622,0.013961415788912745,-0.28042346239089966,-0.15027308464050293,0.02785294787474868,-0.19243526458740234,-0.2988194227218628,0.029829352213823768,-0.2950805276632309,-0.23963713645935059,0.057067290930831405,-0.31820671260356903,-0.14825648069381714,0.05714001604803798,-0.3068905472755432,-0.08182162046432495,0.055919488011682006,-0.12415790557861328,-0.30272701382637024,0.04622058668621776,-0.23940813541412354,-0.2242254614830017,0.0706071863461375,-0.26575353741645813,-0.13105428218841553,0.05217301198729274,-0.2579270899295807,-0.05393648147583008,0.0374958524990916,-0.07795703411102295,-0.27484655380249023,0.06474773684033153,-0.19091030955314636,-0.19978171586990356,0.08566357293614146,-0.21572327613830566,-0.134879469871521,0.06223230907210109,-0.20533105731010437,-0.0765036940574646,0.044271727143609496,-0.06058472394943237,-0.2327570915222168,0.08339344063290355,-0.16862696409225464,-0.17423593997955322,0.1011780361224055,-0.19717004895210266,-0.12772142887115479,0.10269319364317653,-0.19502350687980652,-0.08790844678878784,0.10437110164650676
BATHROOM,0.0,0.0,0.0,-0.003966689109802246,-0.08010226488113403,0.051628288871029326,-0.055522143840789795,-0.14764496684074402,0.08971952373383374,-0.11399689316749573,-0.17817088961601257,0.11208378250000806,-0.15959906578063965,-0.176449716091156,0.12997124815581174,-0.043968915939331055,-0.21990974247455597,0.1318474235594067,-0.1211152970790863,-0.18023303151130676,0.15127181733248563,-0.14642077684402466,-0.11669886112213135,0.14822020853159756,-0.14038997888565063,-0.07555046677589417,0.14695250714419217,-0.08237302303314209,-0.2490394413471222,0.1092000203788075,-0.1660345196723938,-0.18536460399627686,0.12185494328139157,-0.1757933497428894,-0.10497552156448364,0.10080490732786984,-0.15811222791671753,-0.054881155490875244,0.09131978923676343,-0.1270832121372223,-0.25477875769138336,0.08575629914400906,-0.21556192636489868,-0.18256127834320068,0.08658509427903027,-0.21230685710906982,-0.09476616978645325,0.06005274975893826,-0.1848037838935852,-0.05157044529914856,0.047379297262409636,-0.18177059292793274,-0.24643558263778687,0.06778437370655865,-0.26155394315719604,-0.19022530317306519,0.0649017887770924,-0.2480756640434265,-0.1301688551902771,0.05738081509468884,-0.2151871919631958,-0.10293295979499817,0.057434310263374755
BATHROOM,0.0,0.0,0.0,-0.009968042373657227,-0.13178867101669312,0.027885808739736007,-0.06637519598007202,-0.2100893259048462,0.05873047666616671,-0.11190146207809448,-0.20846661925315857,0.08298913868136637,-0.13851141929626465,-0.15664777159690857,0.10397339345879786,-0.09946185350418091,-0.23370641469955444,0.09796386690802805,-0.15850365161895752,-0.19114860892295837,0.1296947348303341,-0.1466626524925232,-0.1505185067653656,0.13343036653466456,-0.11437463760375977,-0.13180261850357056,0.1328862953371548,-0.12000608444213867,-0.1655975580215454,0.09272167565293543,-0.16892367601394653,-0.11962905526161194,0.1292188066429638,-0.150499165058136,-0.08713862299919128,0.11826219143338434,-0.11687111854553223,-0.07385200262069702,0.1068201485461735,-0.13324487209320068,-0.08531653881072998,0.08790775122113459,-0.16944104433059692,-0.04414325952529907,0.1108949530310177,-0.14660120010375977,-0.024376600980758667,0.09646831186480753,-0.11177462339401245,-0.02791467308998108,0.08395869018502466,-0.13970381021499634,-0.008532226085662842,0.08579005779690974,-0.1654266119003296,0.017001301050186157,0.09925196053452723,-0.1395600438117981,0.032796233892440796,0.10076123954720728,-0.10637301206588745,0.03027227520942688,0.10203988583750956
BATHROOM,0.0,0.0,0.0,-0.01600104570388794,-0.13350045680999756,0.02499260798546743,-0.07064735889434814,-0.21282118558883667,0.05178584948632192,-0.12209680676460266,-0.22125878930091858,0.07229754373881292,-0.15623092651367188,-0.18785178661346436,0.08841700152012777,-0.07259935140609741,-0.26645198464393616,0.08339554861638021,-0.1485685110092163,-0.22882479429244995,0.10444968238923025,-0.15399092435836792,-0.16772249341011047,0.10466748521182012,-0.12685808539390564,-0.12851980328559875,0.10421505615565252,-0.09559798240661621,-0.22503358125686646,0.07838595703694295,-0.16517490148544312,-0.17703476548194885,0.09881193235966634,-0.16153442859649658,-0.11598452925682068,0.08292145327183675,-0.13125842809677124,-0.08042252063751221,0.07200302228781652,-0.12003719806671143,-0.15963014960289001,0.07392230675074529,-0.18005555868148804,-0.1082865297794342,0.07950276181551885,-0.17072150111198425,-0.05461663007736206,0.058788050417632576,-0.13845235109329224,-0.03338581323623657,0.04688369527909231,-0.14525756239891052,-0.08487734198570251,0.07347582325789404,-0.19314992427825928,-0.0429951548576355,0.07057159439179372,-0.1766279935836792,-0.004051268100738525,0.06487870261523199,-0.14433759450912476,0.010389983654022217,0.06536144808384847
BATHROOM,0.0,0.0,0.0,-0.0032796859741210938,-0.06857335567474365,0.05389108427124256,-0.04653799533843994,-0.1261073648929596,0.09371444501238102,-0.09568148851394653,-0.14914348721504211,0.11794112541036839,-0.1320558786392212,-0.1343890130519867,0.13710059888916248,-0.04859083890914917,-0.18317630887031555,0.13829555280761952,-0.11479973793029785,-0.1362917125225067,0.16848487325268025,-0.12594425678253174,-0.07842609286308289,0.1686271346385979,-0.11163961887359619,-0.0445173978805542,0.1660796321208977,-0.08265894651412964,-0.18742635846138,0.11617674596863026,-0.16412484645843506,-0.1271907091140747,0.14039746590214008,-0.16771656274795532,-0.05852004885673523,0.12314824678259129,-0.1420302391052246,-0.019657433032989502,0.11193328269081348,-0.12035202980041504,-0.1824171245098114,0.09360728331165546,-0.20030474662780762,-0.12021970748901367,0.10668903507547611,-0.19178330898284912,-0.05750936269760132,0.0885911799247765,-0.15979844331741333,-0.02950960397720337,0.07683627970772022,-0.16138792037963867,-0.1690722107887268,0.07538531638937229,-0.23278826475143433,-0.12175074219703674,0.08199179835872883,-0.2176761031150818,-0.07306674122810364,0.08097373612480396,-0.1840006709098816,-0.05342105031013489,0.08221691765146488
BATHROOM,0.0,0.0,0.0,-0.01225733757019043,-0.17590156197547913,0.036513706007825775,-0.07683604955673218,-0.2587657570838928,0.07811844096504394,-0.13396421074867249,-0.2599332928657532,0.11002526924930756,-0.16438913345336914,-0.2044832706451416,0.13827881709657852,-0.09716466069221497,-0.2910642623901367,0.14087199167333786,-0.15686404705047607,-0.2646016776561737,0.1848501463326091,-0.14928317070007324,-0.2141474187374115,0.19174571827970688,-0.11567839980125427,-0.18592491745948792,0.19330561653696243,-0.12517893314361572,-0.2337036430835724,0.1349664677771205,-0.1730228066444397,-0.19477742910385132,0.18237954870783035,-0.1615210771560669,-0.15058830380439758,0.16582136348806564,-0.12699908018112183,-0.1230059266090393,0.15090729788862411,-0.14962199330329895,-0.1610654592514038,0.1280683179291362,-0.19229257106781006,-0.12207922339439392,0.1538324256332988,-0.17506062984466553,-0.08335888385772705,0.12587488190256302,-0.13725441694259644,-0.06638684868812561,0.10646497950874512,-0.17192783951759338,-0.08346086740493774,0.12495103226028625,-0.2068919539451599,-0.06616795063018799,0.13602115706525986,-0.1842806339263916,-0.03498047590255737,0.12874492005430405,-0.14686527848243713,-0.018017292022705078,0.12623087064348404
BATHROOM,0.0,0.0,0.0,-0.031208813190460205,-0.01601111888885498,0.08519813819145838,-0.10406023263931274,-0.07306885719299316,0.15544677926516215,-0.16137558221817017,-0.11627846956253052,0.20659044040655772,-0.19104790687561035,-0.13940277695655823,0.25457901908373515,-0.07382631301879883,-0.23474469780921936,0.20914972974276225,-0.1506008505821228,-0.1984790861606598,0.27119026733851115,-0.16353198885917664,-0.13591307401657104,0.28911132766222636,-0.14900663495063782,-0.10325753688812256,0.2979709620616404,-0.1092175543308258,-0.26085013151168823,0.18519313289141337,-0.19081172347068787,-0.21907708048820496,0.24248537076925913,-0.19151782989501953,-0.1326303780078888,0.23550165845369975,-0.16150963306427002,-0.08916446566581726,0.23211693419432322,-0.15428590774536133,-0.2600553035736084,0.16089799655890147,-0.2316843569278717,-0.20436054468154907,0.20177505566095988,-0.22528815269470215,-0.11722585558891296,0.17689893795466105,-0.1922386884689331,-0.08998435735702515,0.15775200380301158,-0.2097613513469696,-0.24159961938858032,0.14351096405005137,-0.28331059217453003,-0.1668376922607422,0.16696636034464518,-0.2656458616256714,-0.10303062200546265,0.1567722375533549,-0.22977730631828308,-0.0889706015586853,0.1499122942826716
BATHROOM,0.0,0.0,0.0,0.006140530109405518,-0.06946748495101929,0.04617973379538398,-0.04168057441711426,-0.13332724571228027,0.08929112888620239,-0.09399372339248657,-0.15891000628471375,0.11851837075994354,-0.1299101710319519,-0.14770647883415222,0.14591563082979064,-0.07090592384338379,-0.23605453968048096,0.1415815386895929,-0.13161861896514893,-0.2127089500427246,0.17479074336335998,-0.1294347047805786,-0.14776796102523804,0.18176077641294341,-0.10175460577011108,-0.10480934381484985,0.18594916499898773,-0.11316150426864624,-0.23263058066368103,0.1276565674667154,-0.179551899433136,-0.19336041808128357,0.15951489247129302,-0.1688476800918579,-0.11332479119300842,0.15382911599920135,-0.1314266324043274,-0.07385218143463135,0.1523217592363153,-0.1558227241039276,-0.20610585808753967,0.11064964867875915,-0.21744832396507263,-0.14696621894836426,0.12770139015958648,-0.20013204216957092,-0.06497538089752197,0.11340391225860458,-0.16238519549369812,-0.034504592418670654,0.10573818869636398,-0.19762814044952393,-0.16504496335983276,0.09703418202445846,-0.25131383538246155,-0.10928648710250854,0.10875173248098235,-0.2291426658630371,-0.044950783252716064,0.10801834948108535,-0.19118639826774597,-0.021156609058380127,0.10961093343541961
BATHROOM,0.0,0.0,0.0,0.010710835456848145,-0.09285324811935425,0.03348315941190094,-0.03883492946624756,-0.14304107427597046,0.05999356197213501,-0.10152697563171387,-0.1411784589290619,0.07591609345769257,-0.14460861682891846,-0.1088181734085083,0.08965292261933655,-0.07482373714447021,-0.19910705089569092,0.09156884687041611,-0.13749057054519653,-0.15677788853645325,0.10784037845229477,-0.13360118865966797,-0.10096991062164307,0.10881387876366944,-0.10939359664916992,-0.07023221254348755,0.10823309110497803,-0.12409543991088867,-0.19179219007492065,0.07603502707576126,-0.18824410438537598,-0.13022369146347046,0.09085756974315018,-0.17312204837799072,-0.06425213813781738,0.08286567466353745,-0.14159995317459106,-0.03990364074707031,0.07880633758401245,-0.16783881187438965,-0.16417467594146729,0.05935255872105927,-0.22867155075073242,-0.09690225124359131,0.062068410832637255,-0.20433896780014038,-0.03296595811843872,0.05369711728786797,-0.1721101999282837,-0.017116069793701172,0.050770223755591815,-0.20721864700317383,-0.11983704566955566,0.04581523748134941,-0.26320335268974304,-0.06298983097076416,0.0454461468944487,-0.24020546674728394,-0.013738632202148438,0.04868263440226883,-0.20793062448501587,-0.0008857250213623047,0.05478107245659203
BATHROOM,0.0,0.0,0.0,-0.05246835947036743,-0.04509258270263672,0.049111098070170556,-0.1231876015663147,-0.11897456645965576,0.08335369454744068,-0.18016710877418518,-0.15625780820846558,0.10262366758706776,-0.2167365849018097,-0.17736423015594482,0.12315035985830036,-0.07829076051712036,-0.29770851135253906,0.1339050717842838,-0.16655778884887695,-0.24898961186408997,0.1499902196419498,-0.1582632064819336,-0.1862085461616516,0.14044219629886356,-0.12862765789031982,-0.14873236417770386,0.13096945362212864,-0.11960393190383911,-0.3167232871055603,0.10771800952079502,-0.21699121594429016,-0.23251000046730042,0.12254884468438831,-0.1952177882194519,-0.15159004926681519,0.10757480936172215,-0.15271133184432983,-0.12039971351623535,0.09975471722009388,-0.16442087292671204,-0.30200669169425964,0.07801092045428959,-0.2535725235939026,-0.207086980342865,0.08430241422774998,-0.22709214687347412,-0.12858366966247559,0.07234950738074986,-0.1851274073123932,-0.113211989402771,0.06388581173541752,-0.21218383312225342,-0.2641719579696655,0.04965686427476612,-0.2906893491744995,-0.1705365777015686,0.04114839064004627,-0.26378512382507324,-0.10571378469467163,0.030765656400944863,-0.22138968110084534,-0.10172504186630249,0.0267764814389011
BATHROOM,0.0,0.0,0.0,-0.012767374515533447,-0.046575844287872314,0.09329450918784232,-0.08471769094467163,-0.10927969217300415,0.16389571173539252,-0.15193545818328857,-0.13796091079711914,0.21314159078946204,-0.19314199686050415,-0.14208069443702698,0.25652347548356147,-0.10329210758209229,-0.24128729104995728,0.21089375062337012,-0.1752416491508484,-0.19763129949569702,0.2873170827185163,-0.17655324935913086,-0.12949484586715698,0.3164425049578199,-0.1530977487564087,-0.0929335355758667,0.33051075084557624,-0.15087753534317017,-0.2562299072742462,0.18144834084858985,-0.2193269431591034,-0.1863061785697937,0.2603036616598615,-0.21349364519119263,-0.10845419764518738,0.2660528574739942,-0.17720502614974976,-0.06700283288955688,0.26552914126267524,-0.2005784511566162,-0.23199236392974854,0.1530792121445188,-0.26784271001815796,-0.15032589435577393,0.20572412057271094,-0.25456830859184265,-0.06955015659332275,0.1875541512524137,-0.22075814008712769,-0.04141432046890259,0.16825991912236304,-0.2609175443649292,-0.1862066388130188,0.13191703005185218,-0.3299742341041565,-0.09612125158309937,0.15750762863507362,-0.3050960600376129,-0.037239909172058105,0.15000630958428474,-0.26665204763412476,-0.023012161254882812,0.14277148290028663
BATHROOM,0.0,0.0,0.0,-0.1041223406791687,0.007744908332824707,0.016218912243402883,-0.2003422975540161,-0.06816136837005615,0.057836410045183584,-0.23082193732261658,-0.13002324104309082,0.09633075112060396,-0.23997807502746582,-0.1700962781906128,0.1366390328998932,-0.14895063638687134,-0.22795838117599487,0.10209298545078127,-0.22688311338424683,-0.19534507393836975,0.12148800903514712,-0.23609542846679688,-0.1279301643371582,0.11439057105735628,-0.21647757291793823,-0.08171725273132324,0.1099599119420418,-0.16455692052841187,-0.25651198625564575,0.10645588153556673,-0.2542996406555176,-0.18777722120285034,0.12327050828889696,-0.2463621199131012,-0.10287535190582275,0.10418949687436907,-0.20721635222434998,-0.06113433837890625,0.09383345806554644,-0.1882559359073639,-0.27258434891700745,0.10653794968084185,-0.27660679817199707,-0.18333548307418823,0.11609818452552645,-0.2532222867012024,-0.11203855276107788,0.08683326506570666,-0.2072576880455017,-0.08202922344207764,0.06822666192010729,-0.21784940361976624,-0.28169095516204834,0.10766831451610415,-0.2923423945903778,-0.18955585360527039,0.10838137233213274,-0.26703548431396484,-0.13051480054855347,0.09442148023799746,-0.22302016615867615,-0.1144610047340393,0.08823055440143435
BATHROOM,0.0,0.0,0.0,0.012322187423706055,-0.07868194580078125,0.012265002476397058,-0.058894455432891846,-0.15187150239944458,0.031518623354259034,-0.13693594932556152,-0.1619488000869751,0.04524560657364418,-0.18822920322418213,-0.13282597064971924,0.052954338612380525,-0.13128340244293213,-0.2571367025375366,0.06496002909761955,-0.18378448486328125,-0.15194171667099,0.06876875844818642,-0.18289464712142944,-0.06675165891647339,0.055624459060254594,-0.15620064735412598,-0.013530194759368896,0.047116425009789964,-0.15434974431991577,-0.2248193919658661,0.05452686932903816,-0.20338240265846252,-0.09879374504089355,0.0619779155872493,-0.19201302528381348,-0.004575550556182861,0.04198751610738327,-0.15900582075119019,0.05232208967208862,0.029025988774719735,-0.17287147045135498,-0.1710948944091797,0.042826887341561815,-0.21344739198684692,-0.05015873908996582,0.033162646117034456,-0.19394928216934204,0.03702813386917114,0.013795178505006334,-0.15786463022232056,0.07788360118865967,0.005541678639474412,-0.18433088064193726,-0.10212630033493042,0.033130675675693055,-0.21970954537391663,-0.01914525032043457,0.020833732681694528,-0.20111826062202454,0.05137073993682861,0.021276127668443223,-0.16900426149368286,0.08763909339904785,0.028231643261733552
BATHROOM,0.0,0.0,0.0,-0.16701969504356384,0.02885293960571289,-0.011828742351326582,-0.2790277600288391,-0.056033968925476074,0.0030740835816231993,-0.3120902180671692,-0.11426246166229248,0.020962243538406256,-0.3103792667388916,-0.13759350776672363,0.03775437698891437,-0.20828860998153687,-0.28387463092803955,0.02694457546999729,-0.3139873445034027,-0.23897647857666016,0.052448467921522024,-0.32846105098724365,-0.12651360034942627,0.058084459614065054,-0.3047657608985901,-0.052943408489227295,0.06154070572188175,-0.14705884456634521,-0.31114462018013,0.04004056901862896,-0.2556227147579193,-0.2407858967781067,0.06394138709833896,-0.2747020721435547,-0.13535290956497192,0.05202787519624508,-0.2571069747209549,-0.06515216827392578,0.04139432461192882,-0.10403046011924744,-0.3001919090747833,0.05444716439774311,-0.21324872970581055,-0.2290186882019043,0.06617274658015049,-0.23302114009857178,-0.14302772283554077,0.04361228422453678,-0.21426716446876526,-0.08906430006027222,0.02758648769190586,-0.08738863468170166,-0.26271766424179077,0.07084935681155002,-0.19802990555763245,-0.1998753547668457,0.07866346613695896,-0.22098398208618164,-0.12917423248291016,0.08080659584334171,-0.2106403112411499,-0.08253097534179688,0.0844747848921088
BATHROOM,0.0,0.0,0.0,-0.11292201280593872,0.02032017707824707,0.030186494487338678,-0.18983808159828186,-0.04363662004470825,0.06437563491147102,-0.21984979510307312,-0.09020119905471802,0.0922859494118029,-0.22824853658676147,-0.13124829530715942,0.12078480762522759,-0.0958397388458252,-0.23444315791130066,0.0926185135273272,-0.19162067770957947,-0.18889093399047852,0.11796417427342476,-0.19737520813941956,-0.12306094169616699,0.1149619851736361,-0.1761883795261383,-0.08937335014343262,0.11007312280219139,-0.07616668939590454,-0.27976375818252563,0.08536239308398308,-0.17446768283843994,-0.21600234508514404,0.1066403497485453,-0.16854900121688843,-0.14240515232086182,0.09211822939198555,-0.12901625037193298,-0.11286401748657227,0.08260208708327355,-0.0742337703704834,-0.2954309284687042,0.07799169761221947,-0.17021197080612183,-0.23042336106300354,0.08889755946677269,-0.1672719120979309,-0.16188079118728638,0.06938641113322319,-0.1296822726726532,-0.14044445753097534,0.05568613451998772,-0.09392088651657104,-0.2926204204559326,0.07292161476891579,-0.18551233410835266,-0.211700439453125,0.06994506311696114,-0.18220514059066772,-0.14557874202728271,0.05954537135642113,-0.1493934988975525,-0.12484592199325562,0.05560031873267235
BATHROOM,0.0,0.0,0.0,0.0153120756149292,-0.060645997524261475,0.09685786709064814,-0.0412258505821228,-0.13043028116226196,0.17466946586841914,-0.11760017275810242,-0.16402453184127808,0.22990775748962733,-0.17654916644096375,-0.16123759746551514,0.27670781954998347,-0.031702518463134766,-0.24215322732925415,0.2372758750605044,-0.10988324880599976,-0.21673527359962463,0.31962793215984675,-0.13457199931144714,-0.1548951268196106,0.3556366477894244,-0.12668544054031372,-0.10669994354248047,0.3763300095486102,-0.08039328455924988,-0.26884758472442627,0.20718013390774104,-0.16362032294273376,-0.20564213395118713,0.29077305540317866,-0.18572676181793213,-0.12209957838058472,0.29547979578251216,-0.16935795545578003,-0.05565333366394043,0.2969702695297656,-0.13585546612739563,-0.2646369934082031,0.17681092664474818,-0.22687414288520813,-0.16986805200576782,0.23347730085129115,-0.23948195576667786,-0.08089339733123779,0.2114042554783282,-0.2150155007839203,-0.039574265480041504,0.19244233414406153,-0.20077461004257202,-0.23791536688804626,0.15387070819610926,-0.2864621877670288,-0.15800774097442627,0.1854255263494906,-0.285125195980072,-0.0926697850227356,0.17933902785057398,-0.2552635073661804,-0.05819809436798096,0.17509505793327662
BATHROOM,0.0,0.0,0.0,0.020549774169921875,-0.07944393157958984,0.05459592506070976,-0.04144740104675293,-0.1553962230682373,0.10297411694904213,-0.12638410925865173,-0.18998169898986816,0.1373328419007862,-0.18947187066078186,-0.1881585717201233,0.16630092277904396,-0.04202556610107422,-0.26049065589904785,0.14786452069660072,-0.13058415055274963,-0.2050853967666626,0.18825469925781135,-0.1575993299484253,-0.1354612112045288,0.197282493261298,-0.14686721563339233,-0.08250927925109863,0.20155255511184578,-0.09095579385757446,-0.2934446930885315,0.12944424167056923,-0.18344667553901672,-0.20657145977020264,0.16269204035182838,-0.1947985589504242,-0.11381494998931885,0.14266803875347023,-0.1692565381526947,-0.049104154109954834,0.13088634624858742,-0.14466732740402222,-0.29495471715927124,0.11182153984685783,-0.24032682180404663,-0.19569271802902222,0.1279114188232029,-0.24050813913345337,-0.09975957870483398,0.0969203115977848,-0.21051323413848877,-0.04592853784561157,0.07821974918027763,-0.20539310574531555,-0.2728762626647949,0.10001895591398124,-0.29471126198768616,-0.19621849060058594,0.10486600562711601,-0.2828298807144165,-0.12965142726898193,0.09488633289714699,-0.2470964789390564,-0.09239304065704346,0.09213069841047172
BATHROOM,0.0,0.0,0.0,-0.07752394676208496,-0.00864022970199585,0.0621369261413065,-0.11712485551834106,-0.06652307510375977,0.10410351344637547,-0.14596176147460938,-0.11346703767776489,0.12755786665968571,-0.162276029586792,-0.16042369604110718,0.1487738866477457,-0.024245858192443848,-0.19989311695098877,0.1369638670354334,-0.10115057229995728,-0.18122661113739014,0.15402031728319798,-0.12319803237915039,-0.11673420667648315,0.1483258385329691,-0.12047672271728516,-0.06934189796447754,0.14362240621142064,-0.03369176387786865,-0.2492803931236267,0.10697054156355534,-0.13979381322860718,-0.1948733925819397,0.11509103366427098,-0.1530306339263916,-0.1046597957611084,0.09293949642471944,-0.12720179557800293,-0.05670684576034546,0.08171088286928807,-0.053572654724121094,-0.2875848412513733,0.07549344041638051,-0.1686195731163025,-0.21733924746513367,0.0784485940008608,-0.17126047611236572,-0.13186854124069214,0.05473195799879704,-0.13639509677886963,-0.0990636944770813,0.04112884813241635,-0.08526992797851562,-0.3163840174674988,0.04821140357546483,-0.18555361032485962,-0.24286767840385437,0.048202671495005234,-0.179490864276886,-0.17656856775283813,0.03958728575400983,-0.14321577548980713,-0.15175098180770874,0.036408376333042725
BATHROOM,0.0,0.0,0.0,-0.042697370052337646,-0.02146834135055542,-0.001713189810629956,-0.08389270305633545,-0.09875762462615967,0.005632568102214464,-0.11821568012237549,-0.15178430080413818,0.009058790698531993,-0.14339417219161987,-0.19378149509429932,0.014168415635708698,0.016845345497131348,-0.25366419553756714,0.04240813893068207,-0.05679452419281006,-0.21802616119384766,0.026955657124403842,-0.06466042995452881,-0.15481418371200562,0.0004612706349007567,-0.04517769813537598,-0.10493314266204834,-0.015899749055620305,-0.016416192054748535,-0.2935890257358551,0.03844216880190743,-0.10556340217590332,-0.2355257272720337,0.02118970309186352,-0.1018151044845581,-0.15561431646347046,-0.0038783834801279227,-0.06465822458267212,-0.107319176197052,-0.015450724914785496,-0.06619203090667725,-0.30626752972602844,0.030506750985864528,-0.16214364767074585,-0.24485120177268982,0.012094397514943012,-0.1551520824432373,-0.1655791997909546,-0.006897358738001458,-0.11846482753753662,-0.12955665588378906,-0.014162860393639676,-0.1302098035812378,-0.29640650749206543,0.0217057656942643,-0.22491973638534546,-0.23312193155288696,0.001088275874849387,-0.2152087688446045,-0.1724076271057129,-0.0100828302578293,-0.17790555953979492,-0.1471332311630249,-0.011007304817553631
BATHROOM,0.0,0.0,0.0,-0.003848731517791748,-0.10022139549255371,0.050518159819375796,-0.05988079309463501,-0.2035433053970337,0.09410261089874439,-0.1253017783164978,-0.24369782209396362,0.12499715114904575,-0.1832323670387268,-0.22732096910476685,0.1496993201501482,-0.03885853290557861,-0.3180082440376282,0.12018652732444934,-0.11976444721221924,-0.2833801805973053,0.15636948223186664,-0.14370477199554443,-0.20837020874023438,0.16121855850292377,-0.13709205389022827,-0.1463921070098877,0.16330035502983264,-0.0837755799293518,-0.3372693657875061,0.1040275665648096,-0.18568181991577148,-0.2634945213794708,0.13985731179786853,-0.20276609063148499,-0.17138522863388062,0.12702391023708515,-0.18539243936538696,-0.10456418991088867,0.11752419645858936,-0.14148485660552979,-0.3276546895503998,0.08981331164909534,-0.24678963422775269,-0.23276084661483765,0.1098527955539339,-0.24543368816375732,-0.14575350284576416,0.0818580138213747,-0.21789976954460144,-0.08945715427398682,0.06272116775585346,-0.21253162622451782,-0.3002731204032898,0.08089068259073429,-0.3011971414089203,-0.23177248239517212,0.09056067938877277,-0.29126691818237305,-0.16831707954406738,0.08465052123142414,-0.25917595624923706,-0.13502103090286255,0.08274238283706836
BATHROOM,0.0,0.0,0.0,-0.03138697147369385,-0.05530273914337158,0.12459877993370583,-0.10380125045776367,-0.1312108039855957,0.2173895102312713,-0.17705294489860535,-0.1706053614616394,0.2807246160080581,-0.23547625541687012,-0.1789085865020752,0.3318803321888595,-0.07103419303894043,-0.28186434507369995,0.28553781028296044,-0.1553279459476471,-0.2267940640449524,0.37945097799803307,-0.19977325201034546,-0.1568911075592041,0.4171420943310409,-0.2092665433883667,-0.104877769947052,0.43771177645231774,-0.11479628086090088,-0.3165394961833954,0.23955415304209282,-0.21831169724464417,-0.21263647079467773,0.34183102961088707,-0.26120278239250183,-0.1189928650856018,0.3473127197792678,-0.2585948705673218,-0.041352152824401855,0.3457866322567611,-0.16959160566329956,-0.3135753273963928,0.19258631880785515,-0.2785099744796753,-0.19405293464660645,0.25773504491354515,-0.2985280752182007,-0.09320181608200073,0.2247079175284057,-0.27589181065559387,-0.0341871976852417,0.19599694128538658,-0.23785126209259033,-0.2909144163131714,0.15444608147646477,-0.3305929899215698,-0.19876080751419067,0.1808163386156707,-0.3305664658546448,-0.1305345892906189,0.16250397379900505,-0.2984088063240051,-0.0864303708076477,0.14970496411825707
BATHROOM,0.0,0.0,0.0,-0.05469566583633423,-0.03818458318710327,0.10844070054349686,-0.12711912393569946,-0.11227011680603027,0.1905662972455957,-0.18247491121292114,-0.15362298488616943,0.2464178461557367,-0.2157515287399292,-0.17586946487426758,0.2976973015790918,-0.05308419466018677,-0.2859148383140564,0.24957261569556977,-0.14165663719177246,-0.26634979248046875,0.31859853453693177,-0.16884839534759521,-0.1940469741821289,0.3376850444799402,-0.16013818979263306,-0.14484357833862305,0.34679272360858704,-0.07560843229293823,-0.3167119026184082,0.21026959605273987,-0.17735958099365234,-0.28906136751174927,0.2759467322355249,-0.19594258069992065,-0.19124329090118408,0.2687322754388788,-0.17242050170898438,-0.12618857622146606,0.2636351246362665,-0.11454683542251587,-0.3254196047782898,0.16997974700984742,-0.22254663705825806,-0.26767945289611816,0.2158932048803308,-0.2319643497467041,-0.16542357206344604,0.19047903604564453,-0.20246422290802002,-0.11604523658752441,0.17068375237045075,-0.16844624280929565,-0.31769248843193054,0.13711361177024628,-0.26894885301589966,-0.2612128257751465,0.16486648805198456,-0.25974440574645996,-0.19232702255249023,0.15748023576793457,-0.22381317615509033,-0.15877413749694824,0.15166286714134003
BATHROOM,0.0,0.0,0.0,-0.042461395263671875,-0.06268119812011719,0.08438173934212045,-0.11280238628387451,-0.15127348899841309,0.14789899691334085,-0.16821378469467163,-0.19900524616241455,0.18995470806351022,-0.20762020349502563,-0.2138003706932068,0.22834604486217813,-0.05048614740371704,-0.294941246509552,0.1997918437360795,-0.13899344205856323,-0.2732931971549988,0.2529854427217515,-0.16121536493301392,-0.2073880434036255,0.26513421043148355,-0.14941638708114624,-0.1635323166847229,0.2701809357046159,-0.08268499374389648,-0.32160788774490356,0.16794175907364206,-0.18004846572875977,-0.2921689450740814,0.21639215453853922,-0.1950829029083252,-0.20438742637634277,0.20659470065822916,-0.1721249222755432,-0.1517019271850586,0.20102025076141672,-0.12758642435073853,-0.3208833932876587,0.13547165199508981,-0.23079746961593628,-0.27147287130355835,0.16828660174599008,-0.23501747846603394,-0.1809292435646057,0.14635829135170297,-0.20560967922210693,-0.14509767293930054,0.12987130388012247,-0.18520617485046387,-0.30240368843078613,0.10917492463579492,-0.2846860885620117,-0.25360167026519775,0.12853292628517465,-0.2760978937149048,-0.1893734335899353,0.12398439898481683,-0.24165087938308716,-0.16351330280303955,0.12146496280422525
BATHROOM,0.0,0.0,0.0,0.0006813406944274902,-0.14484602212905884,0.0327865368510345,-0.07697534561157227,-0.24690932035446167,0.07000914204965625,-0.1589338183403015,-0.26280128955841064,0.09893494088302646,-0.21700233221054077,-0.23270148038864136,0.12380263198267016,-0.08805596828460693,-0.3442741632461548,0.12697894115100894,-0.16795051097869873,-0.3189951181411743,0.16540519137035403,-0.18313956260681152,-0.2567932903766632,0.169179297872887,-0.15978729724884033,-0.20841234922409058,0.1687832995141605,-0.1362040638923645,-0.3162603974342346,0.11828812200675998,-0.2088230848312378,-0.2764122188091278,0.16322285670887027,-0.21559536457061768,-0.21185153722763062,0.15153982479225192,-0.18661785125732422,-0.16084879636764526,0.1406380756581882,-0.18052130937576294,-0.26507601141929626,0.10815836478124652,-0.2514811158180237,-0.22369539737701416,0.1304224057878116,-0.24754810333251953,-0.16410893201828003,0.1092984749759296,-0.2133658528327942,-0.12611907720565796,0.09524283547054324,-0.2186598777770996,-0.20398014783859253,0.10107386846195254,-0.28222453594207764,-0.19185006618499756,0.10579920549045596,-0.2733972668647766,-0.1422410011291504,0.10230104614149127,-0.24209636449813843,-0.10382866859436035,0.10417590279232058
BATHROOM,0.0,0.0,0.0,-0.17879492044448853,-0.0005156397819519043,-0.012923607889888444,-0.2814218997955322,-0.12503671646118164,0.014891758273961386,-0.312732458114624,-0.21569901704788208,0.04773776204478963,-0.3214288651943207,-0.25534379482269287,0.08420492679965719,-0.17947247624397278,-0.38777536153793335,0.05255264760148748,-0.30958521366119385,-0.37333840131759644,0.0670322176922582,-0.3350798487663269,-0.2844361662864685,0.060909047435643515,-0.3125419020652771,-0.21694588661193848,0.05963082955372556,-0.12542998790740967,-0.41306060552597046,0.06960266799819692,-0.2600339651107788,-0.3913547396659851,0.08897849888694509,-0.28857362270355225,-0.29741033911705017,0.07858803094518407,-0.2703123688697815,-0.2216705083847046,0.0740979981530927,-0.09650015830993652,-0.3983493745326996,0.08285277308118566,-0.2360735535621643,-0.3597368597984314,0.08507548988950475,-0.2639736235141754,-0.27303725481033325,0.06060713500869497,-0.2417648732662201,-0.21421551704406738,0.04864691169154867,-0.09855073690414429,-0.3618732690811157,0.09651951463115438,-0.22723513841629028,-0.3018343448638916,0.0894144249070905,-0.24490779638290405,-0.23636049032211304,0.07757251680982336,-0.22488069534301758,-0.18952077627182007,0.07638735295427068
BATHROOM,0.0,0.0,0.0,-0.16228216886520386,-0.06643420457839966,0.018228993020670714,-0.245405912399292,-0.19183695316314697,0.07982722503663808,-0.2811649441719055,-0.260769784450531,0.1407497285080126,-0.29358577728271484,-0.2971346080303192,0.20483606142522603,-0.17698073387145996,-0.4048612117767334,0.14311691207410604,-0.27077096700668335,-0.3924681842327118,0.20751965624810964,-0.28943735361099243,-0.3162335753440857,0.22746416015149862,-0.27279239892959595,-0.2677133083343506,0.23926802558423788,-0.13599443435668945,-0.39729803800582886,0.1588473675918749,-0.23373836278915405,-0.37147557735443115,0.23346289081098348,-0.25585663318634033,-0.2937040328979492,0.2358807681274584,-0.24056684970855713,-0.23729819059371948,0.23359262032033712,-0.10916495323181152,-0.35886234045028687,0.17032597047807485,-0.21590924263000488,-0.30821165442466736,0.21655333621026784,-0.2364596724510193,-0.2422274351119995,0.19159326536180288,-0.21474772691726685,-0.1989825963973999,0.17309608144284994,-0.09777045249938965,-0.3137906491756439,0.18315311355115682,-0.19577711820602417,-0.2791478633880615,0.21005836708070547,-0.21081244945526123,-0.22745561599731445,0.2044134793949297,-0.19607585668563843,-0.1834905743598938,0.20262736660959035
BATHROOM,0.0,0.0,0.0,-0.11251085996627808,-0.03449511528015137,0.07401914243519059,-0.18825656175613403,-0.13335973024368286,0.14192150627195588,-0.22686034440994263,-0.20572829246520996,0.1933568725448822,-0.24640238285064697,-0.25071990489959717,0.24226939772188416,-0.07675415277481079,-0.3336867392063141,0.1780477026563858,-0.1791374683380127,-0.3380383849143982,0.22056730185568085,-0.21702420711517334,-0.25604188442230225,0.22383366619169465,-0.20949465036392212,-0.18482273817062378,0.2263384023767685,-0.0763312578201294,-0.3677486479282379,0.1566374311310028,-0.20075899362564087,-0.35074421763420105,0.2037357697349762,-0.2359931468963623,-0.2431551218032837,0.18792857323705903,-0.2153794765472412,-0.17093098163604736,0.17550625001013032,-0.0980457067489624,-0.3828589916229248,0.1348069468599533,-0.22941374778747559,-0.35508251190185547,0.16467242036878815,-0.2527320981025696,-0.24434196949005127,0.13478918467581025,-0.22160398960113525,-0.18289166688919067,0.11301100348055115,-0.1427156925201416,-0.37871286273002625,0.11976489518701783,-0.2637541890144348,-0.3595472276210785,0.13917869423448792,-0.2704145908355713,-0.27797162532806396,0.1376044461590027,-0.2372336983680725,-0.22406286001205444,0.13801072631895295
BATHROOM,0.0,0.0,0.0,-0.13933181762695312,-0.00806206464767456,0.00617677495188218,-0.22943687438964844,-0.11785095930099487,0.034455871305681285,-0.24957162141799927,-0.19848346710205078,0.05974894585392576,-0.24467462301254272,-0.23064815998077393,0.0859963801719914,-0.12013745307922363,-0.3154140114784241,0.08700717808983427,-0.2255660891532898,-0.2861858010292053,0.10819176407835585,-0.2517239451408386,-0.19781255722045898,0.10214242907545668,-0.23015546798706055,-0.13412833213806152,0.09931615563414198,-0.10225111246109009,-0.34735238552093506,0.09181713136217695,-0.20896166563034058,-0.3151310086250305,0.10970762195370298,-0.22612756490707397,-0.22334623336791992,0.09337962987206083,-0.20315629243850708,-0.16016381978988647,0.08627873482487303,-0.10640716552734375,-0.3471493422985077,0.09376762630722624,-0.2202843427658081,-0.3130468428134918,0.09630295457623106,-0.23632758855819702,-0.23049521446228027,0.06930748196623426,-0.21356993913650513,-0.17604351043701172,0.05642707841775518,-0.13527458906173706,-0.33226603269577026,0.09755942793867689,-0.25375527143478394,-0.3026149272918701,0.0958463084914456,-0.26596778631210327,-0.23591220378875732,0.08984439643404585,-0.24519938230514526,-0.18878710269927979,0.09140264066240888
BATHROOM,0.0,0.0,0.0,-0.17822915315628052,0.001097559928894043,-0.022495627084140324,-0.27287453413009644,-0.10864537954330444,-0.0034084642840070956,-0.2964761257171631,-0.19530773162841797,0.02614245223128364,-0.2845052182674408,-0.2293873429298401,0.05663435379290149,-0.21159008145332336,-0.35098016262054443,0.01786882648491428,-0.30379703640937805,-0.32235702872276306,0.06804263809942768,-0.330364391207695,-0.23754069209098816,0.090800704753633,-0.32359953224658966,-0.17627310752868652,0.10169656792902515,-0.12881505489349365,-0.3512677252292633,0.04653619820498989,-0.228844553232193,-0.31118306517601013,0.10433919200920627,-0.2609878182411194,-0.23303255438804626,0.11276363054537342,-0.26067715883255005,-0.17182224988937378,0.10734497973942325,-0.07195049524307251,-0.31136468052864075,0.07743989149355457,-0.16529616713523865,-0.27962327003479004,0.11883209863924549,-0.19218283891677856,-0.22222042083740234,0.1073504410150008,-0.18758928775787354,-0.1681886911392212,0.08911960790180729,-0.0396726131439209,-0.2650456130504608,0.10810447702431247,-0.1328727900981903,-0.22413522005081177,0.13816660860800312,-0.15634077787399292,-0.18013989925384521,0.14349018255495594,-0.1553785800933838,-0.14025980234146118,0.1425311736228423
BATHROOM,0.0,0.0,0.0,-0.19510474801063538,0.007430851459503174,-0.027423688910801047,-0.3006407916545868,-0.10574895143508911,-0.007850376658041114,-0.31292757391929626,-0.1857416033744812,0.02122068241993702,-0.2949935793876648,-0.2106153964996338,0.05084307328621662,-0.23801201581954956,-0.34990954399108887,0.03596184239546574,-0.33698444068431854,-0.2991560101509094,0.08572655753056324,-0.36099162697792053,-0.2180745005607605,0.10039380774657047,-0.35324397683143616,-0.16648828983306885,0.10532785043875492,-0.14762219786643982,-0.3670995235443115,0.06456661061207569,-0.24101990461349487,-0.3081914186477661,0.12002044752995289,-0.26532182097435,-0.2362631857395172,0.11510931537310398,-0.2572963684797287,-0.17892760038375854,0.10284142033020771,-0.07728126645088196,-0.33198004961013794,0.09351987228552616,-0.16299694776535034,-0.2979537546634674,0.13254381553093708,-0.19020241498947144,-0.24634087085723877,0.11093599931160725,-0.18061023950576782,-0.19880127906799316,0.08964458689848698,-0.03565090894699097,-0.28054144978523254,0.1220367758051566,-0.11934182047843933,-0.25417250394821167,0.15281967655579365,-0.141623854637146,-0.214047372341156,0.15646515623490131,-0.1334424912929535,-0.17623138427734375,0.15656195417801655
BATHROOM,0.0,0.0,0.0,-0.1474936604499817,0.006577432155609131,0.00573806053307635,-0.23476865887641907,-0.08503538370132446,0.03541251745355112,-0.2560403347015381,-0.15373897552490234,0.06500924852025491,-0.2574101388454437,-0.19588056206703186,0.09470151838195306,-0.13910162448883057,-0.3067288398742676,0.07621724631917459,-0.23571309447288513,-0.2702367305755615,0.12207406487596018,-0.25912293791770935,-0.1862083077430725,0.13224642452132684,-0.24951446056365967,-0.12930548191070557,0.13641512867343408,-0.08827716112136841,-0.3315683603286743,0.08707661655080301,-0.18796956539154053,-0.2672507166862488,0.1317771273506878,-0.21262234449386597,-0.1790037453174591,0.12027796086204035,-0.1976478099822998,-0.11673611402511597,0.10926796224248392,-0.06565922498703003,-0.31803610920906067,0.09934511509072763,-0.1689123511314392,-0.25757285952568054,0.12819210168254358,-0.1977490782737732,-0.18289512395858765,0.09976804729831201,-0.18448865413665771,-0.13289684057235718,0.07845585521590692,-0.07495266199111938,-0.2858692407608032,0.11403654989135248,-0.17951220273971558,-0.2333717942237854,0.1308240788830517,-0.20316070318222046,-0.18003645539283752,0.12452164020669443,-0.19239521026611328,-0.14140832424163818,0.12134212728869898
BATHROOM,0.0,0.0,0.0,-0.1882554590702057,-0.0273897647857666,-0.018728996513232232,-0.2847256362438202,-0.12924623489379883,0.01905279711093044,-0.3242875337600708,-0.17958855628967285,0.07230694882775879,-0.3292979598045349,-0.19702768325805664,0.12838094972278213,-0.20764830708503723,-0.38512712717056274,0.061132679807201384,-0.3326951861381531,-0.3050837218761444,0.1217652662863884,-0.33305656909942627,-0.20481902360916138,0.13888164900447464,-0.30448010563850403,-0.14973604679107666,0.14721406541968918,-0.13900750875473022,-0.37536755204200745,0.10220558487083053,-0.28575173020362854,-0.2880972921848297,0.15898108028079605,-0.29648998379707336,-0.1751081943511963,0.14594061218406296,-0.2742958664894104,-0.10260403156280518,0.1336583598723564,-0.10375303030014038,-0.33478185534477234,0.14641639135982132,-0.24182915687561035,-0.2360134720802307,0.19450844370032883,-0.2640354633331299,-0.1523967981338501,0.15451053820754623,-0.2423710823059082,-0.10218894481658936,0.12238992296363449,-0.09274011850357056,-0.29396525025367737,0.19170410476829147,-0.21872931718826294,-0.20649898052215576,0.2196293278803978,-0.2266717553138733,-0.15069901943206787,0.2015960767140541,-0.20109930634498596,-0.1196446418762207,0.18838257633353805
BATHROOM,0.0,0.0,0.0,-0.1865864098072052,0.016360223293304443,-0.02348528027539487,-0.2959131747484207,-0.0930216908454895,-0.005783242341180994,-0.3159865736961365,-0.1672130823135376,0.02033965878183608,-0.30623671412467957,-0.20512980222702026,0.04930201761419539,-0.20397630333900452,-0.36598992347717285,0.03442391224200492,-0.3320821225643158,-0.2878437936306,0.05609681673342948,-0.3414797931909561,-0.1908000111579895,0.05188378535206084,-0.31062979996204376,-0.1423947811126709,0.049210554286787556,-0.13715675473213196,-0.38475871086120605,0.05826183252031569,-0.27758023142814636,-0.28807926177978516,0.0773415847867227,-0.28389254212379456,-0.1867312788963318,0.06037507794792418,-0.25127363204956055,-0.13644689321517944,0.04979839392001395,-0.0958763062953949,-0.36179566383361816,0.08151835046703582,-0.22664466500282288,-0.2782730460166931,0.09259766928846602,-0.24255695939064026,-0.19746899604797363,0.06561516813928847,-0.2130434513092041,-0.1565651297569275,0.04913575045759444,-0.0854526162147522,-0.32259130477905273,0.10468007467682128,-0.1972518265247345,-0.25106921792030334,0.10460111342365508,-0.20483940839767456,-0.19075113534927368,0.094619630202601,-0.17567747831344604,-0.15724033117294312,0.09395262442524199
BATHROOM,0.0,0.0,0.0,-0.17809629440307617,0.004900693893432617,-0.034579063502576446,-0.2825556695461273,-0.10430514812469482,-0.019542961118247604,-0.3012147545814514,-0.17902672290802002,0.009146476427588368,-0.27845320105552673,-0.21554431319236755,0.04132750749823799,-0.21771776676177979,-0.3617517948150635,0.004369227478775883,-0.32862797379493713,-0.291668564081192,0.041658857169124985,-0.32600143551826477,-0.21530526876449585,0.05338365331527939,-0.2982144355773926,-0.18802857398986816,0.05705189079282036,-0.1343616247177124,-0.37675654888153076,0.0363996189856266,-0.2494937777519226,-0.3015061020851135,0.07714750364658585,-0.2572849988937378,-0.22390300035476685,0.07733715072509995,-0.23125943541526794,-0.1842697262763977,0.0711916063749527,-0.0756843090057373,-0.33901476860046387,0.06909710660812607,-0.17792046070098877,-0.28377196192741394,0.09498749420282593,-0.19566479325294495,-0.2238444685935974,0.07608637705681076,-0.1717618703842163,-0.18923348188400269,0.05876767754790535,-0.047487854957580566,-0.286681592464447,0.100930010231707,-0.13508287072181702,-0.2350088655948639,0.11042264595863571,-0.14631450176239014,-0.19160854816436768,0.10288358971712341,-0.1246008574962616,-0.16169053316116333,0.09864454463360062
BATHROOM,0.0,0.0,0.0,-0.145599365234375,-0.005242407321929932,0.03513678692922895,-0.23707953095436096,-0.0878097414970398,0.07892442279205625,-0.269321084022522,-0.15311318635940552,0.11750719480858152,-0.2722155451774597,-0.2002732753753662,0.15623463474855726,-0.13785243034362793,-0.3134286403656006,0.10978540562734906,-0.239546537399292,-0.2785259187221527,0.14898142003164594,-0.2546524107456207,-0.19659629464149475,0.1532583513175041,-0.23499932885169983,-0.14897602796554565,0.15414862119303052,-0.10964095592498779,-0.3427417278289795,0.10889368288860624,-0.22113671898841858,-0.286639928817749,0.143396092287162,-0.23318499326705933,-0.19032496213912964,0.12557804369077985,-0.20156916975975037,-0.14629876613616943,0.11228009097919767,-0.10676991939544678,-0.33987390995025635,0.10956308030233686,-0.2176627516746521,-0.29235711693763733,0.1301010527525932,-0.2329866588115692,-0.20691242814064026,0.09848928981170957,-0.19975385069847107,-0.17241299152374268,0.07673387759075467,-0.13407647609710693,-0.3229272961616516,0.11542727582798307,-0.24797272682189941,-0.2686226963996887,0.12201121234045331,-0.255275160074234,-0.20613184571266174,0.10987652622804944,-0.2247457206249237,-0.18093663454055786,0.1043633573566467
BATHROOM,0.0,0.0,0.0,-0.09638863801956177,0.001011490821838379,0.04675251415835646,-0.17164355516433716,-0.06788873672485352,0.0925437899576309,-0.20725208520889282,-0.11922717094421387,0.12612345239983824,-0.22043383121490479,-0.15454524755477905,0.15756962618695525,-0.059798359870910645,-0.25871872901916504,0.14309706709252623,-0.1558505892753601,-0.2075539529323578,0.1750662269340637,-0.19181972742080688,-0.12775707244873047,0.17160435936318663,-0.19034749269485474,-0.06980830430984497,0.16942503473626402,-0.07316339015960693,-0.3052257299423218,0.12910197100507048,-0.18015217781066895,-0.24289542436599731,0.15803369305001524,-0.21227800846099854,-0.1456349492073059,0.1345476152645233,-0.20256245136260986,-0.07438737154006958,0.12093087456094054,-0.10606956481933594,-0.324297159910202,0.11401903799639967,-0.22211605310440063,-0.2488197684288025,0.13303195855485228,-0.24121010303497314,-0.15420693159103394,0.0983770357714775,-0.22093290090560913,-0.09826076030731201,0.07585799864398268,-0.1611887812614441,-0.32392486929893494,0.1029846983300331,-0.26935264468193054,-0.2496373951435089,0.11329934916363982,-0.27224165201187134,-0.1843755841255188,0.10148018768893508,-0.24605679512023926,-0.14597147703170776,0.09579761496650008
BATHROOM,0.0,0.0,0.0,-0.1690106987953186,-0.009073495864868164,-0.03212951049141566,-0.27654391527175903,-0.11469382047653198,-0.02102428227595965,-0.29189836978912354,-0.17772364616394043,-0.0007787140312416341,-0.26753002405166626,-0.20530211925506592,0.02014877349205335,-0.18418502807617188,-0.30675551295280457,0.030224310979917846,-0.29376450181007385,-0.2372165322303772,0.06098199337787946,-0.305172860622406,-0.1590290665626526,0.06304296180672964,-0.27830538153648376,-0.11090368032455444,0.062343844026997886,-0.11811524629592896,-0.3209439516067505,0.054762215167954764,-0.23681357502937317,-0.2332642674446106,0.0870390541858228,-0.25115522742271423,-0.15270406007766724,0.07214112654395421,-0.2269853949546814,-0.09427779912948608,0.05970469564266523,-0.07886874675750732,-0.2965580224990845,0.078458786756471,-0.1870725154876709,-0.21075955033302307,0.10002498403258642,-0.2089281678199768,-0.14025264978408813,0.07369791790910085,-0.1887044906616211,-0.09529256820678711,0.05469663515754064,-0.06316357851028442,-0.25728046894073486,0.10065714344449361,-0.16348665952682495,-0.1950901448726654,0.10963086113400777,-0.1806854009628296,-0.13736075162887573,0.10428070351548513,-0.16353678703308105,-0.0954480767250061,0.10368808433480581
BATHROOM,0.0,0.0,0.0,-0.08529412746429443,-0.06177026033401489,0.023140220521611354,-0.17673218250274658,-0.1427243947982788,0.05735955069832244,-0.22843289375305176,-0.17035755515098572,0.08761494661740699,-0.2560805082321167,-0.1584080159664154,0.11591468061379828,-0.09832799434661865,-0.30363792181015015,0.09558595771960654,-0.20950308442115784,-0.2320331335067749,0.12257994766406455,-0.23621290922164917,-0.1431630253791809,0.11927846874169745,-0.2193959355354309,-0.08410447835922241,0.11686835493020453,-0.10967487096786499,-0.32596394419670105,0.09291186238698401,-0.22476232051849365,-0.24031198024749756,0.1194093754427854,-0.24477148056030273,-0.13988524675369263,0.09732453580073752,-0.22510415315628052,-0.07276284694671631,0.08318050260714926,-0.14096102118492126,-0.31613874435424805,0.09061230774096884,-0.2540821433067322,-0.23257631063461304,0.10534846837691703,-0.26471126079559326,-0.13948261737823486,0.074753940655512,-0.23719647526741028,-0.0907367467880249,0.05563306863479056,-0.1866544783115387,-0.2905721366405487,0.09154765362910666,-0.2915624976158142,-0.22763633728027344,0.09391714687518515,-0.28957992792129517,-0.16807422041893005,0.08553542251758017,-0.25997114181518555,-0.1366884708404541,0.0849995991127912
BATHROOM,0.0,0.0,0.0,0.01926577091217041,-0.07747060060501099,0.07569485834318357,-0.03759458661079407,-0.15504777431488037,0.13996012440401273,-0.11084145307540894,-0.17915895581245422,0.1877218925066586,-0.16381269693374634,-0.16034197807312012,0.22975976696687894,-0.03902840614318848,-0.26623958349227905,0.19189535012918668,-0.11052048206329346,-0.2275090217590332,0.26107510855871396,-0.12525078654289246,-0.15719175338745117,0.2859098308392163,-0.10847538709640503,-0.11315041780471802,0.2984292798348065,-0.08983418345451355,-0.2801520824432373,0.17127990654188352,-0.16679784655570984,-0.22087275981903076,0.24104954233843046,-0.1735183596611023,-0.13888978958129883,0.23983751168924528,-0.14817577600479126,-0.08834409713745117,0.2360152744360562,-0.1461276412010193,-0.263888418674469,0.15157028964239316,-0.22463864088058472,-0.19649407267570496,0.1984299414463635,-0.22359424829483032,-0.10980963706970215,0.17774318090158658,-0.19841545820236206,-0.06888151168823242,0.15987794032770353,-0.2088770866394043,-0.22549429535865784,0.13848654857355314,-0.2875475436449051,-0.16466963291168213,0.1668767326183911,-0.2742372751235962,-0.10562789440155029,0.16457082262712674,-0.2421082854270935,-0.07638788223266602,0.16297089985090452
BATHROOM,0.0,0.0,0.0,-0.13158655166625977,0.019998550415039062,0.06339627703766837,-0.2108026146888733,-0.060670435428619385,0.12720788469653144,-0.23337310552597046,-0.12143445014953613,0.17997280707697882,-0.2260892689228058,-0.16576912999153137,0.23307181349139228,-0.12886536121368408,-0.24654343724250793,0.17339406361918464,-0.2269105315208435,-0.2134762406349182,0.2353702580008985,-0.22704708576202393,-0.1480836570262909,0.25215699723105445,-0.20418882369995117,-0.12325507402420044,0.26019814064841285,-0.08483260869979858,-0.28279268741607666,0.16291610350947394,-0.20063716173171997,-0.24044635891914368,0.22582180252413764,-0.203974187374115,-0.16109859943389893,0.22191062023978247,-0.1741655170917511,-0.12086862325668335,0.21765775432925238,-0.06916499137878418,-0.29718929529190063,0.15287999263148322,-0.17693468928337097,-0.2549247741699219,0.203475738075781,-0.18738412857055664,-0.18157976865768433,0.18341533294062629,-0.15509095788002014,-0.15216222405433655,0.16467175832133307,-0.07128459215164185,-0.3033362030982971,0.1470310931478025,-0.16796642541885376,-0.24024301767349243,0.17763721397261634,-0.17019161581993103,-0.18084591627120972,0.17014553597311988,-0.1423296332359314,-0.15435123443603516,0.16446174135546698
BATHROOM,0.0,0.0,0.0,-0.018744707107543945,-0.03534400463104248,0.03114932314753105,-0.08064979314804077,-0.11433881521224976,0.06502864980399181,-0.13836300373077393,-0.1455688178539276,0.09095739298760463,-0.1787518858909607,-0.1419709026813507,0.11610636585652401,-0.04378539323806763,-0.24783852696418762,0.10284272306859066,-0.11545425653457642,-0.21320012211799622,0.13277760618626644,-0.1321321725845337,-0.1479385793209076,0.13898048275410702,-0.11723864078521729,-0.10819569230079651,0.14120892160832454,-0.07883596420288086,-0.27046918869018555,0.09346581721007396,-0.15527665615081787,-0.2187475562095642,0.12168736481368114,-0.16586029529571533,-0.13933265209197998,0.11577632748782207,-0.14391088485717773,-0.0952531099319458,0.11295529180466701,-0.12278401851654053,-0.26212382316589355,0.08315992080866863,-0.2028959095478058,-0.20613360404968262,0.09380123489796688,-0.2075120210647583,-0.1276068389415741,0.07720328592955639,-0.18432295322418213,-0.09353739023208618,0.06763363355099727,-0.17825311422348022,-0.23900848627090454,0.07630169117152263,-0.2616521418094635,-0.18109050393104553,0.07516855472027828,-0.25682252645492554,-0.12296921014785767,0.06955735855996181,-0.22987151145935059,-0.09929698705673218,0.06996940546929409
BATHROOM,0.0,0.0,0.0,0.012819886207580566,-0.06604593992233276,0.08876930753064016,-0.04015016555786133,-0.12300574779510498,0.15585832128596167,-0.10940468311309814,-0.1513146162033081,0.19999255070757727,-0.1594986915588379,-0.14391928911209106,0.2345865351922498,-0.0479813814163208,-0.20651137828826904,0.2247989160783277,-0.11255589127540588,-0.1743582785129547,0.2942927760846601,-0.12612396478652954,-0.10727262496948242,0.3186342103250013,-0.11067336797714233,-0.06358712911605835,0.331265239215611,-0.09524321556091309,-0.22785699367523193,0.19334308633875708,-0.16862845420837402,-0.15312638878822327,0.2626184804208265,-0.17514052987098694,-0.06492608785629272,0.2577957196004377,-0.14671504497528076,-0.009538471698760986,0.25144907662939886,-0.14826324582099915,-0.2236095666885376,0.16100196371149877,-0.2193850874900818,-0.12710386514663696,0.20652162859511236,-0.2122395634651184,-0.033523380756378174,0.17983420023989538,-0.1730068027973175,0.005693495273590088,0.15794205496382574,-0.20576053857803345,-0.19958820939064026,0.13547123799395422,-0.27780187129974365,-0.12009400129318237,0.16592459211420874,-0.2694445252418518,-0.04900670051574707,0.16279145906042913,-0.23307651281356812,-0.012679874897003174,0.15920507738661627
BATHROOM,0.0,0.0,0.0,-0.14156249165534973,-0.03436952829360962,0.04809566513063146,-0.21479716897010803,-0.10941600799560547,0.09071533307792379,-0.2715016007423401,-0.13763153553009033,0.12385827973844243,-0.31713496148586273,-0.14832425117492676,0.1509039692616625,-0.10768988728523254,-0.2739563286304474,0.11535477564098073,-0.22080326080322266,-0.2391960322856903,0.16778497323753072,-0.2402503490447998,-0.16883796453475952,0.17973597273589803,-0.2225157916545868,-0.12595629692077637,0.18209054991962148,-0.06782227754592896,-0.29427972435951233,0.10345912650586797,-0.1916341781616211,-0.24237415194511414,0.15866690799953176,-0.21029707789421082,-0.16386133432388306,0.1481387160754366,-0.19187363982200623,-0.10718655586242676,0.13363231644393636,-0.055190443992614746,-0.28972169756889343,0.0957875095343752,-0.1790548861026764,-0.22261348366737366,0.1407796584105654,-0.18770119547843933,-0.1600014567375183,0.11669289991618825,-0.16477087140083313,-0.12700289487838745,0.08996140882732107,-0.07149043679237366,-0.2737352252006531,0.09225157574178411,-0.19113832712173462,-0.19788861274719238,0.11586917862655355,-0.20393627882003784,-0.14634740352630615,0.10914401635886861,-0.18638193607330322,-0.12134981155395508,0.10029980466129018
BATHROOM,0.0,0.0,0.0,-0.08387097716331482,-0.0012418031692504883,0.0507091189606399,-0.13190829753875732,-0.06430292129516602,0.08741367038919634,-0.15330547094345093,-0.11653763055801392,0.10806065228416628,-0.1616593599319458,-0.16321218013763428,0.12837062951757616,-0.07351380586624146,-0.21591299772262573,0.1314649450464458,-0.14902058243751526,-0.19933924078941345,0.15150933143331713,-0.15007084608078003,-0.14752280712127686,0.14696654853059954,-0.13419747352600098,-0.11737632751464844,0.14232713159753985,-0.07113605737686157,-0.2567523121833801,0.10755890783502764,-0.16034206748008728,-0.21811866760253906,0.12236935075952715,-0.15611684322357178,-0.14994198083877563,0.10576535937025255,-0.1287716031074524,-0.11693495512008667,0.09773940023615069,-0.07481926679611206,-0.28169310092926025,0.08136490908100313,-0.16644662618637085,-0.23048368096351624,0.09254227009250826,-0.159043550491333,-0.1622375249862671,0.07827188250257677,-0.12719041109085083,-0.13875222206115723,0.0691540929360599,-0.08692920207977295,-0.2982065677642822,0.057169744638940756,-0.16984432935714722,-0.23462972044944763,0.06280543830825991,-0.16239610314369202,-0.17366111278533936,0.05875708710982508,-0.13300463557243347,-0.1562868356704712,0.05819609936907
BATHROOM,0.0,0.0,0.0,-0.06550973653793335,-0.0022435784339904785,0.0357855802146787,-0.11211740970611572,-0.06160140037536621,0.06090807372015661,-0.14978089928627014,-0.10649853944778442,0.07280649447125143,-0.17685750126838684,-0.14859908819198608,0.08405085855406469,-0.02672189474105835,-0.21111220121383667,0.09643718802612966,-0.10875368118286133,-0.18589043617248535,0.09750539266747182,-0.135719895362854,-0.12152647972106934,0.08356443249863332,-0.136557936668396,-0.07264864444732666,0.07433937692326253,-0.038850605487823486,-0.25095507502555847,0.07486418836992925,-0.1528010070323944,-0.19458210468292236,0.06898354196232503,-0.1663515865802765,-0.10519260168075562,0.047396207389056144,-0.14273333549499512,-0.055094778537750244,0.03783237763923353,-0.06361454725265503,-0.2768251299858093,0.050283389326750694,-0.1823241114616394,-0.2104974091053009,0.04146674850267118,-0.18604406714439392,-0.12375634908676147,0.022964488875686584,-0.1546986997127533,-0.08713501691818237,0.015167072576105056,-0.09999346733093262,-0.29041796922683716,0.027736926612078605,-0.2001590132713318,-0.22729581594467163,0.019773099732219634,-0.19531920552253723,-0.16418534517288208,0.013642369930266796,-0.16095587611198425,-0.1398932933807373,0.013946867708682475
BATHROOM,0.0,0.0,0.0,-0.008470237255096436,-0.07471579313278198,0.04663724979991457,-0.06952983140945435,-0.14073419570922852,0.08432393676275751,-0.1402277946472168,-0.1654638648033142,0.10989403134817621,-0.18831980228424072,-0.1535322666168213,0.13082771903509638,-0.034826695919036865,-0.2344973087310791,0.11702387935156366,-0.1241687536239624,-0.2002398669719696,0.14435636407370112,-0.1411619484424591,-0.1307610273361206,0.14780471629137537,-0.12165951728820801,-0.0789482593536377,0.14811534589762232,-0.07015752792358398,-0.25847548246383667,0.09771154976124308,-0.1728750467300415,-0.17690852284431458,0.1260678858184292,-0.18004846572875977,-0.08319658041000366,0.1131192386769726,-0.1510893702507019,-0.025758087635040283,0.10325133210653803,-0.11642724275588989,-0.2536161243915558,0.0780702993893101,-0.21917590498924255,-0.15865468978881836,0.09212517148489496,-0.21424487233161926,-0.0691457986831665,0.07099638289446375,-0.18014049530029297,-0.028217852115631104,0.05567476308578989,-0.16998779773712158,-0.23436689376831055,0.06253814107412836,-0.26458340883255005,-0.15344977378845215,0.062126679035372945,-0.25498196482658386,-0.08806586265563965,0.053034865918107243,-0.2209886908531189,-0.05774301290512085,0.04948144561285517
BATHROOM,0.0,0.0,0.0,-0.013744115829467773,-0.056632816791534424,0.07850227894192585,-0.07135015726089478,-0.12193197011947632,0.13190181942587742,-0.1321895718574524,-0.1556626558303833,0.16552357764845738,-0.1750105917453766,-0.15781038999557495,0.192662824112233,-0.03847604990005493,-0.22957423329353333,0.17059484513407597,-0.128170907497406,-0.17528939247131348,0.21613759191637882,-0.151924729347229,-0.10463762283325195,0.22559245319968113,-0.14348682761192322,-0.061473965644836426,0.22796605916624912,-0.07596522569656372,-0.2619580030441284,0.1380659380734528,-0.1809816062450409,-0.18027153611183167,0.18036045523291477,-0.19453811645507812,-0.09360432624816895,0.1682338008463944,-0.17417609691619873,-0.03865915536880493,0.1586299279511536,-0.12449616193771362,-0.2665722966194153,0.10680364461546787,-0.2308340072631836,-0.17341956496238708,0.13260119052534947,-0.22896438837051392,-0.084983229637146,0.11047569306498417,-0.19779378175735474,-0.04547834396362305,0.09297801943426975,-0.18387505412101746,-0.25315970182418823,0.08193156512385258,-0.2801762819290161,-0.17592912912368774,0.09084275754099735,-0.2685987055301666,-0.11445438861846924,0.0833627024472321,-0.23583027720451355,-0.09024965763092041,0.07934144528513798
BATHROOM,0.0,0.0,0.0,-0.007817327976226807,-0.0866776704788208,0.04814903999351827,-0.0710795521736145,-0.17321163415908813,0.09685607070707647,-0.1353939175605774,-0.19998282194137573,0.13458362782978384,-0.18230664730072021,-0.18630093336105347,0.1690838393070635,-0.04743063449859619,-0.277507483959198,0.1455726977684435,-0.1334955096244812,-0.23398026823997498,0.18875830436729757,-0.143264502286911,-0.16988754272460938,0.19694531525158254,-0.12338131666183472,-0.13293194770812988,0.19887394274257986,-0.08708459138870239,-0.2795417308807373,0.13241991961979238,-0.17948710918426514,-0.22495204210281372,0.1698595937588152,-0.18116700649261475,-0.1472175121307373,0.1543702390291628,-0.1520003080368042,-0.10276126861572266,0.14456268216156332,-0.1352328658103943,-0.25661906599998474,0.11915337110542623,-0.22173619270324707,-0.18769562244415283,0.14079250956558553,-0.2136724591255188,-0.11375147104263306,0.11524809713148443,-0.1815762221813202,-0.08700370788574219,0.0981643926598963,-0.19031736254692078,-0.21446067094802856,0.11065581257128088,-0.27066874504089355,-0.14912104606628418,0.11744975859903661,-0.2504667639732361,-0.09265679121017456,0.1087416392066416,-0.212749183177948,-0.07444244623184204,0.10592217559599248
PLEASE,0.0,0.0,0.0,0.006546080112457275,-0.20069891214370728,-0.011867956625678744,-0.04788053035736084,-0.359916090965271,0.0015100338315505724,-0.09049749374389648,-0.47034773230552673,0.009570901846132074,-0.1042901873588562,-0.5513491630554199,0.017322463547429834,-0.2679189443588257,-0.3312321901321411,0.06143405065461138,-0.3710838556289673,-0.4012371301651001,0.06339347139521578,-0.4317919611930847,-0.4356304109096527,0.04708572999163607,-0.48957136273384094,-0.46738916635513306,0.0299014780722473,-0.3048422932624817,-0.2607065439224243,0.04820434526129702,-0.4248431921005249,-0.34223437309265137,0.04897226915284136,-0.499286413192749,-0.3952943682670593,0.026505438243589197,-0.5640526711940765,-0.4389708638191223,0.0070862896792505126,-0.3193827271461487,-0.17967772483825684,0.02698409706874827,-0.4363364577293396,-0.25582045316696167,0.018272762750825677,-0.501989096403122,-0.30729323625564575,-0.003618169477590527,-0.565481036901474,-0.35262346267700195,-0.020123478392520155,-0.314652681350708,-0.07908540964126587,0.0020887990068558793,-0.4131006598472595,-0.1395648717880249,-0.011282107228794303,-0.46677279472351074,-0.18261301517486572,-0.020656429598489012,-0.5215470492839813,-0.2306079864501953,-0.027840713406362738
PLEASE,0.0,0.0,0.0,0.006341338157653809,-0.18799853324890137,-0.00721312293109122,-0.04182302951812744,-0.34427934885025024,0.005929748739333718,-0.08576375246047974,-0.44239556789398193,0.013920743230016797,-0.09424495697021484,-0.5123665928840637,0.021874377715619175,-0.2594471573829651,-0.32972949743270874,0.05664801432493505,-0.3619413375854492,-0.40377718210220337,0.05535965620282468,-0.42646679282188416,-0.43973973393440247,0.04085362910035428,-0.48289671540260315,-0.47502171993255615,0.026959063696892827,-0.3015311360359192,-0.25691044330596924,0.04292204810980138,-0.42177098989486694,-0.3446997404098511,0.040609238880904286,-0.49842289090156555,-0.3980794847011566,0.02080395280125913,-0.5636216402053833,-0.4491919279098511,0.005475612568886845,-0.3207607865333557,-0.17405730485916138,0.022196069571407406,-0.4361363649368286,-0.2566954493522644,0.011421138632329075,-0.5017786026000977,-0.3116002082824707,-0.007657727014986904,-0.5623192191123962,-0.3660316467285156,-0.02089090624150458,-0.32080668210983276,-0.07130926847457886,-0.0013072759823558044,-0.414384663105011,-0.13262027502059937,-0.014668268871275814,-0.4641740322113037,-0.18152427673339844,-0.0214461104690713,-0.511603057384491,-0.239651620388031,-0.02551681899723235
PLEASE,0.0,0.0,0.0,0.016071319580078125,-0.1840120255947113,-0.008247925092348396,-0.021368682384490967,-0.3355233371257782,0.0039040612682015308,-0.057203829288482666,-0.4381398856639862,0.01077067373984164,-0.05739551782608032,-0.5098009705543518,0.017121012198856533,-0.23787105083465576,-0.3479939103126526,0.05045626579516238,-0.33866018056869507,-0.43062323331832886,0.04990651725523776,-0.40039750933647156,-0.4770139753818512,0.03505052520625895,-0.4563251733779907,-0.5208330452442169,0.019871302756598652,-0.28088802099227905,-0.2813878655433655,0.037675372201135815,-0.398863285779953,-0.3790644407272339,0.038240092682769955,-0.4676663875579834,-0.43998125195503235,0.018373421269586743,-0.5251185297966003,-0.49567100405693054,0.0010299393833861359,-0.30129003524780273,-0.2043786346912384,0.01850666745298213,-0.4146213233470917,-0.2943282723426819,0.01332522730075425,-0.47801291942596436,-0.35335633158683777,-0.006569276221910059,-0.5356820225715637,-0.40860728919506073,-0.023112860632011234,-0.3036086857318878,-0.10927921533584595,-0.003966283642569124,-0.39817386865615845,-0.17842629551887512,-0.013991367195615112,-0.4469657242298126,-0.2270697057247162,-0.021248021286794483,-0.4918821156024933,-0.27870309352874756,-0.0276802881926983
PLEASE,0.0,0.0,0.0,0.011686980724334717,-0.18394100666046143,-0.007759457103190925,-0.029959678649902344,-0.3321998417377472,0.005284082029731962,-0.06594276428222656,-0.43544040620326996,0.01148921565783212,-0.07457524538040161,-0.5080149918794632,0.018018477015914414,-0.24586516618728638,-0.33139243721961975,0.06052882631939838,-0.34269535541534424,-0.4102139174938202,0.057155061864079926,-0.40066391229629517,-0.4528138339519501,0.038125902765216324,-0.4551960229873657,-0.49282190203666687,0.019542977564753983,-0.2842988967895508,-0.26584795117378235,0.04391466861289928,-0.4031294882297516,-0.35937127470970154,0.03910731931847522,-0.47389259934425354,-0.41971269249916077,0.014790616349102947,-0.5332969427108765,-0.4739510118961334,-0.0051106243610661295,-0.3011479377746582,-0.19010794162750244,0.01974321378094146,-0.4135778546333313,-0.27385762333869934,0.005636173185678217,-0.47702285647392273,-0.33123061060905457,-0.015768076873598602,-0.5346791744232178,-0.38616108894348145,-0.03093413042205384,-0.2996028661727905,-0.09583079814910889,-0.007821442208467033,-0.3926721215248108,-0.15925228595733643,-0.025031579307494667,-0.4436846375465393,-0.20621633529663086,-0.03335542941766789,-0.491929829120636,-0.25780051946640015,-0.039432923889933136
PLEASE,0.0,0.0,0.0,0.007343888282775879,-0.1901797652244568,-0.014158853698063467,-0.037463486194610596,-0.34096822142601013,-0.002639318951878522,-0.07851988077163696,-0.44178497791290283,0.004402205445330765,-0.09019654989242554,-0.5175425410270691,0.01160069983870926,-0.2538607716560364,-0.3164043426513672,0.05614083037198725,-0.3538040518760681,-0.3882558047771454,0.05620305762113276,-0.4142574071884155,-0.42412856221199036,0.03968530670226755,-0.4720297157764435,-0.4563475251197815,0.023320499439250852,-0.2917555570602417,-0.24634617567062378,0.04599194005550089,-0.4063872694969177,-0.330765038728714,0.045984563980709936,-0.4814645051956177,-0.38346749544143677,0.023871359978329565,-0.5450217127799988,-0.4263409972190857,0.004865015954237606,-0.30673980712890625,-0.166833758354187,0.028127541397225286,-0.41585999727249146,-0.24498283863067627,0.020715521280180837,-0.47888171672821045,-0.2983669638633728,-0.00010418401961942436,-0.538176417350769,-0.3457134962081909,-0.016333759199369524,-0.30463284254074097,-0.06825733184814453,0.006483353771727707,-0.394079327583313,-0.13091498613357544,-0.0046128489966577035,-0.44395190477371216,-0.1751880645751953,-0.012473661820877169,-0.49183517694473267,-0.2215505838394165,-0.018799487869728182
PLEASE,0.0,0.0,0.0,0.010783970355987549,-0.18589013814926147,-0.007697281988839677,-0.04275637865066528,-0.3407299518585205,0.011034749818463752,-0.0874640941619873,-0.43727535009384155,0.025733320412655303,-0.09746932983398438,-0.5090166330337524,0.04141732714833779,-0.2572351098060608,-0.3237881660461426,0.061653446776290366,-0.35517728328704834,-0.39656734466552734,0.06866605989398522,-0.4158252477645874,-0.4335312247276306,0.05823061652245087,-0.47267401218414307,-0.46617597341537476,0.045505870503802726,-0.2965685725212097,-0.25200313329696655,0.049729187411685416,-0.4128168225288391,-0.33812612295150757,0.05507978461446328,-0.48500722646713257,-0.3937085270881653,0.038503077251334616,-0.5475659966468811,-0.4408879280090332,0.02406919784607453,-0.31227272748947144,-0.17174172401428223,0.03062551505627198,-0.4240146279335022,-0.2514714002609253,0.026186036316175887,-0.4896062910556793,-0.3058357834815979,0.006475076915194222,-0.5525028109550476,-0.3539329469203949,-0.008623065988103917,-0.3091878294944763,-0.07328462600708008,0.008344013614077994,-0.40382295846939087,-0.13271760940551758,-0.0027827018429888994,-0.45599016547203064,-0.17597723007202148,-0.01162032094089227,-0.5055942833423615,-0.22188395261764526,-0.018133842947463563
PLEASE,0.0,0.0,0.0,0.009540200233459473,-0.1871209740638733,-0.002326704215818154,-0.025878429412841797,-0.3469575345516205,0.006472480130753411,-0.05851775407791138,-0.45204097032546997,0.008163209186307085,-0.06221413612365723,-0.5258665084838867,0.008472111189178122,-0.2352427840232849,-0.3602360785007477,0.049136776590160025,-0.32888874411582947,-0.44488775730133057,0.041397322082332266,-0.3898027539253235,-0.4891546666622162,0.02183038566391815,-0.44662484526634216,-0.529122531414032,0.004645349105260266,-0.2800804376602173,-0.2978193163871765,0.031066661813667906,-0.39631807804107666,-0.39369142055511475,0.02454315696041931,-0.4701012969017029,-0.4554096460342407,0.0016741546535854468,-0.5345872044563293,-0.5093931555747986,-0.01614251535255562,-0.303324818611145,-0.2207852602005005,0.007358037979713572,-0.41441860795021057,-0.3067050278186798,-0.005853029786237585,-0.4790620505809784,-0.3676031529903412,-0.025332994646021234,-0.5396284461021423,-0.4221403896808624,-0.038961220419594156,-0.3077913820743561,-0.12422448396682739,-0.018484987205454217,-0.39937013387680054,-0.19420266151428223,-0.032347001022287714,-0.4483262002468109,-0.24721968173980713,-0.03673972178120266,-0.4945213794708252,-0.301449179649353,-0.0390584802987064
PLEASE,0.0,0.0,0.0,0.020102620124816895,-0.1785224974155426,-0.0025536605866136597,-0.013043403625488281,-0.32923442125320435,0.008842484395813699,-0.04477912187576294,-0.43200260400772095,0.013490787077557798,-0.048871755599975586,-0.5122007727622986,0.01757428359599089,-0.2247861623764038,-0.35442107915878296,0.05243696395666575,-0.32186824083328247,-0.44335389137268066,0.0511972506752727,-0.3800777494907379,-0.4903782308101654,0.03725251306207156,-0.43366724252700806,-0.5336278080940247,0.02350317251296019,-0.27006399631500244,-0.2929641902446747,0.03562185291559672,-0.3852750062942505,-0.3981454521417618,0.034449913840603585,-0.4538169205188751,-0.46267762780189514,0.015309780206393953,-0.5106889605522156,-0.517513245344162,-0.0007552674400130854,-0.29299235343933105,-0.21969428658485413,0.013019300367545839,-0.40178990364074707,-0.31377577781677246,0.007306258030098434,-0.46161478757858276,-0.3776547908782959,-0.00970999959497476,-0.5155371725559235,-0.4353847801685333,-0.023809092749047522,-0.2985464334487915,-0.12744075059890747,-0.012351033907521014,-0.3891223669052124,-0.200341135263443,-0.020576371509719138,-0.43722182512283325,-0.2517756521701813,-0.02428144279508615,-0.48058071732521057,-0.3050839900970459,-0.027965235222268348
PLEASE,0.0,0.0,0.0,0.014598727226257324,-0.19331508874893188,-0.027044818276522165,-0.020525991916656494,-0.3500361144542694,-0.02269615093803168,-0.06319594383239746,-0.45769259333610535,-0.022009943151829248,-0.07438957691192627,-0.5359420776367188,-0.020367201888916497,-0.23797547817230225,-0.3336773216724396,0.05486014251971483,-0.33333253860473633,-0.40693339705467224,0.053007510950806136,-0.3912808299064636,-0.4420260787010193,0.03270941366815805,-0.4489482045173645,-0.4762658476829529,0.012627516401948924,-0.2791061997413635,-0.2654528319835663,0.04743251716161012,-0.39404356479644775,-0.3513771891593933,0.04621220146680116,-0.4636003077030182,-0.408451646566391,0.020887284999730582,-0.5236668288707733,-0.4612509608268738,-0.000816419900843357,-0.29653024673461914,-0.18991553783416748,0.030477942427637572,-0.4057018756866455,-0.2693049907684326,0.02081859809720754,-0.46598920226097107,-0.32458555698394775,-0.00166786893362314,-0.5225850641727448,-0.37796735763549805,-0.01837570826148749,-0.2950785756111145,-0.09518152475357056,0.00804388382846355,-0.38605475425720215,-0.15791231393814087,-0.0025236813872879793,-0.4355381727218628,-0.20354408025741577,-0.009775951975939279,-0.4827306866645813,-0.25484997034072876,-0.015837263787148004
PLEASE,0.0,0.0,0.0,0.010447502136230469,-0.18436819314956665,-0.013605077704085033,-0.037796199321746826,-0.34559476375579834,-0.0035230072211902552,-0.07822918891906738,-0.44968855381011963,0.002495719166802246,-0.08632266521453857,-0.5226364731788635,0.00890564830075391,-0.25236183404922485,-0.3344019651412964,0.04945219592224248,-0.35169804096221924,-0.4111514091491699,0.048864237079726536,-0.4136349856853485,-0.44972318410873413,0.034181627491818745,-0.47026270627975464,-0.4847748875617981,0.019753540912972767,-0.2934962511062622,-0.2636231780052185,0.0377099058128465,-0.4113714396953583,-0.35372671484947205,0.03610997931133397,-0.48424047231674194,-0.4087354242801666,0.015989034483538944,-0.5459116101264954,-0.4575766324996948,0.0001749369435515291,-0.3125150203704834,-0.1833740472793579,0.018775385851370174,-0.42565295100212097,-0.2659059166908264,0.008544770116316158,-0.488986611366272,-0.32068347930908203,-0.011044228402568024,-0.546451598405838,-0.3712334930896759,-0.024536424269570034,-0.31415605545043945,-0.08460122346878052,-0.003613172517759722,-0.4089930057525635,-0.14891135692596436,-0.015241896686745804,-0.45718953013420105,-0.19732290506362915,-0.020930628245366734,-0.5022687911987305,-0.2505342364311218,-0.024439123412264507
PLEASE,0.0,0.0,0.0,0.015835940837860107,-0.17483961582183838,-0.02197550648224933,-0.01690375804901123,-0.33087146282196045,-0.02596700975072963,-0.050946831703186035,-0.4345507025718689,-0.033425569919472764,-0.055898189544677734,-0.5146346390247345,-0.04084170648229701,-0.2305254340171814,-0.3381377160549164,0.020582280667895247,-0.33125412464141846,-0.416867733001709,0.006340612737858464,-0.3936285674571991,-0.4558730125427246,-0.014759611723548005,-0.4487852454185486,-0.49222391843795776,-0.031976368663436006,-0.27483874559402466,-0.26729899644851685,0.01037054749804156,-0.39412158727645874,-0.3629365563392639,-0.0026014278769252996,-0.4677380621433258,-0.4213404953479767,-0.02489060947073085,-0.5275618433952332,-0.4760274589061737,-0.04136213698757274,-0.2968403100967407,-0.18791669607162476,-0.006317957689589093,-0.41049522161483765,-0.2789444327354431,-0.02296919041646106,-0.4764041304588318,-0.33740925788879395,-0.03967298605812175,-0.5343106091022491,-0.3936302065849304,-0.0508534427858649,-0.3005967438220978,-0.08947670459747314,-0.02680043169630153,-0.3912907540798187,-0.15829718112945557,-0.041646544275408814,-0.4434414803981781,-0.20820778608322144,-0.045130562422400544,-0.49261245131492615,-0.26130229234695435,-0.046488467989092896
PLEASE,0.0,0.0,0.0,0.018277764320373535,-0.17391467094421387,-0.031363253382096445,-0.007038712501525879,-0.3223019242286682,-0.036515590635190165,-0.04423034191131592,-0.4270430877804756,-0.0434241079660751,-0.04961216449737549,-0.5049956142902374,-0.04985060253466145,-0.22645622491836548,-0.3168928474187851,0.020712352457394445,-0.3322833180427551,-0.3970639705657959,0.008328995766987646,-0.3923264741897583,-0.4370689317584038,-0.013822595489273226,-0.4480496644973755,-0.4729740023612976,-0.032902867433676874,-0.2659141421318054,-0.24627399444580078,0.01427681102131828,-0.38809382915496826,-0.34413447976112366,0.0037685130787394883,-0.4603000581264496,-0.40111973881721497,-0.02094565601373688,-0.5161252021789551,-0.44889798760414124,-0.04155959644640461,-0.28409284353256226,-0.16902881860733032,0.00023056209965943708,-0.39828574657440186,-0.2586442530155182,-0.01518673439795748,-0.4633033871650696,-0.31548959016799927,-0.03652320140326992,-0.5168251991271973,-0.36608462035655975,-0.05247739413107411,-0.2867535948753357,-0.07449653744697571,-0.018627402273068583,-0.3778793215751648,-0.1435997486114502,-0.033599031058201945,-0.4278806447982788,-0.19138753414154053,-0.040793237176785624,-0.47197604179382324,-0.24138271808624268,-0.04688286491955296
PLEASE,0.0,0.0,0.0,0.02146679162979126,-0.16511940956115723,-0.034540839845362825,0.010906040668487549,-0.3108237385749817,-0.042076479995671434,-0.016557633876800537,-0.4264332056045532,-0.05038204824370496,-0.02896052598953247,-0.5115247219800949,-0.058110386485282106,-0.20432007312774658,-0.30380260944366455,0.021582346057471113,-0.30309343338012695,-0.3782157003879547,0.014803326336618738,-0.3591296672821045,-0.41383397579193115,-0.0045991590042149255,-0.41508030891418457,-0.4463818371295929,-0.022982869649354143,-0.24548035860061646,-0.23622485995292664,0.01811780745345004,-0.3625469207763672,-0.3229324519634247,0.01353706291126855,-0.43225812911987305,-0.3755124509334564,-0.00946177391153924,-0.49157658219337463,-0.420391708612442,-0.030633261779371423,-0.26287877559661865,-0.16110002994537354,0.007124893480863648,-0.3705631494522095,-0.2381020188331604,-0.0015812794473504255,-0.42991650104522705,-0.29104503989219666,-0.021293621862355394,-0.4832164943218231,-0.3403559625148773,-0.03779988398594014,-0.2623071074485779,-0.06868213415145874,-0.009322249682668371,-0.3490947484970093,-0.12660729885101318,-0.01830669155162923,-0.39559632539749146,-0.16887962818145752,-0.02466746827406041,-0.43907302618026733,-0.21511030197143555,-0.031096108609858675
PLEASE,0.0,0.0,0.0,0.017569005489349365,-0.18799424171447754,-0.005474772455727361,-0.027888596057891846,-0.3479481041431427,0.014480853301847674,-0.06545776128768921,-0.45108920335769653,0.03144331168141434,-0.06536710262298584,-0.5255723893642426,0.049452531000042654,-0.24338442087173462,-0.3223363757133484,0.06305856894459794,-0.343630313873291,-0.39962804317474365,0.07523763071503708,-0.4061039984226227,-0.43997734785079956,0.06999137144293854,-0.4616989195346832,-0.4731820523738861,0.061192109098101355,-0.2835409641265869,-0.2549751400947571,0.05223394822087357,-0.4009416401386261,-0.3478218615055084,0.05979596342649529,-0.4770410656929016,-0.4070737957954407,0.04475770409908364,-0.5399776101112366,-0.4536796808242798,0.03242908682432244,-0.30337876081466675,-0.17872512340545654,0.03506572436299393,-0.414772093296051,-0.26012563705444336,0.030925311928058363,-0.47704628109931946,-0.3143046498298645,0.010438016464377142,-0.533710241317749,-0.3616834878921509,-0.0034505162971072423,-0.30676162242889404,-0.08159017562866211,0.015515441854859091,-0.39800867438316345,-0.14498460292816162,0.004877852590198017,-0.44611674547195435,-0.19079804420471191,-0.005468633177315496,-0.4918554723262787,-0.24381887912750244,-0.012057908030783437
PLEASE,0.0,0.0,0.0,0.013513445854187012,-0.19169604778289795,0.0003720105713114208,-0.026388585567474365,-0.34037214517593384,0.01447037906910964,-0.0630713701248169,-0.440299391746521,0.021502135522325716,-0.06935364007949829,-0.5143609642982483,0.028474863819440088,-0.2407536506652832,-0.33726221323013306,0.06363874693926164,-0.33787626028060913,-0.4151415228843689,0.06509600599821397,-0.3978496491909027,-0.4538842439651489,0.05176108723100015,-0.4501161277294159,-0.49165844917297363,0.03858125602420159,-0.2852010726928711,-0.2709834575653076,0.047937747291882715,-0.4031039774417877,-0.3604612946510315,0.047730930350383005,-0.4764992892742157,-0.42145007848739624,0.028550345651467524,-0.5349989235401154,-0.4788367748260498,0.01348460113223382,-0.30816876888275146,-0.1918589472770691,0.026085801623423777,-0.42089930176734924,-0.2698438763618469,0.01846393217857667,-0.4825584590435028,-0.3284030258655548,0.0009774878533903575,-0.5356513261795044,-0.3866913914680481,-0.011384774729947367,-0.3120587468147278,-0.09395164251327515,0.0022322353586901045,-0.4025632441043854,-0.1562395691871643,-0.006573511552403488,-0.4481021761894226,-0.2054373025894165,-0.00978925338421277,-0.48780885338783264,-0.25977492332458496,-0.011445913263003149
PLEASE,0.0,0.0,0.0,0.007137596607208252,-0.1813449263572693,-0.01566176810416664,-0.040690839290618896,-0.3361583650112152,-0.00376743306520666,-0.08528339862823486,-0.4379785656929016,0.005246419504999267,-0.09318000078201294,-0.5153818130493164,0.014719732616811143,-0.25341880321502686,-0.3124653398990631,0.04558445191827332,-0.3584539294242859,-0.38572001457214355,0.04548347047415291,-0.42042630910873413,-0.42147329449653625,0.03175617433038269,-0.4779805839061737,-0.45157891511917114,0.017628836025266992,-0.2908739447593689,-0.24103844165802002,0.036219142888455735,-0.41504526138305664,-0.33220934867858887,0.03436850807514702,-0.4851124882698059,-0.38593927025794983,0.016327549283175813,-0.5426299571990967,-0.4322526156902313,0.0015720159735224115,-0.3070024251937866,-0.1626337170600891,0.01981339282241379,-0.425048291683197,-0.24281436204910278,0.009748860773413526,-0.48663875460624695,-0.29597005248069763,-0.008319297294349326,-0.5408840179443359,-0.34466323256492615,-0.0209141573414513,-0.3056983947753906,-0.06354302167892456,-0.00020178295204686947,-0.4042372703552246,-0.12465542554855347,-0.012140183198482646,-0.4525516629219055,-0.17084676027297974,-0.017907555635304107,-0.4950128197669983,-0.21828407049179077,-0.021873639385432853
PLEASE,0.0,0.0,0.0,0.008419811725616455,-0.18353688716888428,-0.018530568139112802,-0.04576307535171509,-0.3411232829093933,-0.008232988448298784,-0.0934259295463562,-0.4438607394695282,-0.00014146059606900963,-0.10415381193161011,-0.5199556946754456,0.008679049989723353,-0.2589467763900757,-0.32376813888549805,0.03805212487145582,-0.3628769516944885,-0.39008796215057373,0.03531195033951917,-0.4290240406990051,-0.4234772324562073,0.019849337606274275,-0.48993435502052307,-0.4532387852668762,0.004060747070752768,-0.2981060743331909,-0.24624401330947876,0.02929240834578195,-0.4204959571361542,-0.32782506942749023,0.02553082440658727,-0.49706128239631653,-0.3778115510940552,0.005520273900174288,-0.5632076561450958,-0.41995421051979065,-0.010963502371168943,-0.31248635053634644,-0.16121387481689453,0.013537568009041934,-0.42996662855148315,-0.23478370904922485,0.0025387869370661065,-0.49756038188934326,-0.28343313932418823,-0.0177438948614963,-0.5614042580127716,-0.32655465602874756,-0.03292900513247332,-0.30740994215011597,-0.06171894073486328,-0.006103550580746742,-0.4013831615447998,-0.12092000246047974,-0.02208281497792086,-0.4526424705982208,-0.16545814275741577,-0.03236048858002505,-0.501633495092392,-0.21482253074645996,-0.03955972011522135
PLEASE,0.0,0.0,0.0,0.015136897563934326,-0.17713356018066406,-0.022074332335478175,-0.030154287815093994,-0.3295513391494751,-0.022951546931153644,-0.06974196434020996,-0.42711564898490906,-0.027528077238685,-0.0780954360961914,-0.5025220215320587,-0.032644722485429156,-0.24482011795043945,-0.3167468309402466,0.022936845323556554,-0.34669044613838196,-0.38842010498046875,0.008920818692558896,-0.41049808263778687,-0.4263867139816284,-0.012943487489110339,-0.4690895080566406,-0.46308982372283936,-0.03182541566479813,-0.2865768074989319,-0.24229049682617188,0.010889024599009645,-0.4069433808326721,-0.3318774700164795,-0.0030331198270232562,-0.4847092926502228,-0.3900669515132904,-0.028268270069247592,-0.5518808364868164,-0.44580787420272827,-0.04772591578353058,-0.30380797386169434,-0.1596112847328186,-0.008068440356737483,-0.41967713832855225,-0.24264919757843018,-0.028006192171460498,-0.4891504645347595,-0.2987045645713806,-0.0497933177887262,-0.5535559058189392,-0.3534148931503296,-0.06486964213240753,-0.30106377601623535,-0.057865262031555176,-0.030810721093303073,-0.39476409554481506,-0.1204492449760437,-0.050760563337689746,-0.44999852776527405,-0.16917020082473755,-0.059554640078431476,-0.5048471391201019,-0.22480690479278564,-0.06538747238505493
PLEASE,0.0,0.0,0.0,0.012574553489685059,-0.1817881464958191,-0.006555420353606678,-0.035124897956848145,-0.3377382159233093,0.007149811827048325,-0.07224732637405396,-0.4309562146663666,0.016258018549933695,-0.07688307762145996,-0.4998997449874878,0.024640253272309565,-0.2459666132926941,-0.3309171795845032,0.042932220261945986,-0.3455294668674469,-0.4103192389011383,0.03897301153506305,-0.410953551530838,-0.45239296555519104,0.023879100095882677,-0.4699903726577759,-0.48826679587364197,0.009555816177680754,-0.2863342761993408,-0.2637457251548767,0.02872523711289432,-0.40695640444755554,-0.3597652316093445,0.02433397480513122,-0.4820238947868347,-0.4187622368335724,0.004441556979372763,-0.545861005783081,-0.4701906740665436,-0.011228246155724264,-0.30554232001304626,-0.1870577335357666,0.008836169254436754,-0.4222950041294098,-0.27573418617248535,-0.0035154400463852653,-0.4872133433818817,-0.33355438709259033,-0.024226365152344442,-0.5466606914997101,-0.38608023524284363,-0.0388701777044389,-0.3085624873638153,-0.09032297134399414,-0.013327095198974348,-0.40434950590133667,-0.1588154435157776,-0.029137674260482527,-0.45401665568351746,-0.2102707028388977,-0.03722609161172841,-0.5008169412612915,-0.26419103145599365,-0.04253560631309483
PLEASE,0.0,0.0,0.0,0.008649706840515137,-0.1890152096748352,-0.003541181322589182,-0.031640708446502686,-0.3436868190765381,0.012565089629561044,-0.06517982482910156,-0.4496065378189087,0.02215644648072157,-0.0762706995010376,-0.5224935412406921,0.0315800041496459,-0.2464633584022522,-0.3430623412132263,0.06824224373099241,-0.3469061255455017,-0.42140913009643555,0.07097671856877241,-0.4090004563331604,-0.4635213613510132,0.055250930839747525,-0.4667477011680603,-0.5040193200111389,0.03872931306955252,-0.28851085901260376,-0.2775590121746063,0.05266554584500227,-0.4077805280685425,-0.3686244487762451,0.054032991880148984,-0.48359155654907227,-0.42964136600494385,0.030766721123427487,-0.5475020110607147,-0.48475074768066406,0.010854987667471505,-0.3079851269721985,-0.20056122541427612,0.030000617036193944,-0.42110222578048706,-0.28527119755744934,0.023296368548244573,-0.48414936661720276,-0.34507617354393005,0.00046356980578821094,-0.5419982969760895,-0.4019872546195984,-0.01742812501493063,-0.3090651333332062,-0.10811853408813477,0.004531065707624293,-0.4020897150039673,-0.17295730113983154,-0.006920937674522065,-0.4511417746543884,-0.219651460647583,-0.015408057479589843,-0.4975939393043518,-0.2735418379306793,-0.02245267363491621
PLEASE,0.0,0.0,0.0,0.008394420146942139,-0.18816930055618286,-0.013972369696432452,-0.04345625638961792,-0.34833723306655884,1.2169202079803654e-05,-0.08894479274749756,-0.45358848571777344,0.009700825695460935,-0.10368496179580688,-0.5321469306945801,0.020051537339156766,-0.25852882862091064,-0.3275038003921509,0.05218423369950642,-0.3601357936859131,-0.40147635340690613,0.05033349457806935,-0.42198607325553894,-0.43886956572532654,0.03444224062985768,-0.4800608456134796,-0.47229355573654175,0.01895449522561421,-0.2988189458847046,-0.25791794061660767,0.041542576883500715,-0.4207471013069153,-0.34554168581962585,0.038245732222264905,-0.49549442529678345,-0.3996635675430298,0.01810966830379357,-0.5586902797222137,-0.44755885004997253,0.001746035671374102,-0.3165101408958435,-0.1779049038887024,0.023213546980684896,-0.432491660118103,-0.258428692817688,0.011753927242523332,-0.49669331312179565,-0.312453031539917,-0.006365336220198969,-0.5546688437461853,-0.3644512891769409,-0.019203971813851695,-0.3155152201652527,-0.07728636264801025,0.0011798412553503113,-0.4116933345794678,-0.141332745552063,-0.011432327072554926,-0.4638215899467468,-0.18699932098388672,-0.016507280732923846,-0.5117371082305908,-0.23563647270202637,-0.020156584422522883
PLEASE,0.0,0.0,0.0,0.01500403881072998,-0.1973189115524292,-0.009580253479043677,-0.04011648893356323,-0.36763185262680054,0.008954333285828397,-0.0907968282699585,-0.468766450881958,0.02397595360412197,-0.10896247625350952,-0.5424709320068359,0.03935136846735077,-0.2576245665550232,-0.3507114052772522,0.05584726683332519,-0.36512744426727295,-0.4218035936355591,0.058320136885186,-0.4329981803894043,-0.45394521951675415,0.046079533319016264,-0.4950163662433624,-0.4828771948814392,0.032042047153254316,-0.2959102392196655,-0.27530646324157715,0.043180482606430814,-0.4221482276916504,-0.35955142974853516,0.04217843167020874,-0.503055602312088,-0.4103902578353882,0.022476259763379858,-0.5721258819103241,-0.4506077170372009,0.006435886635472343,-0.3103092312812805,-0.1903538703918457,0.023434978122850225,-0.43153494596481323,-0.2698519825935364,0.013184907059212492,-0.5030433535575867,-0.32522982358932495,-0.007463847142616942,-0.5726262629032135,-0.37303316593170166,-0.02264812946782513,-0.30359625816345215,-0.08647024631500244,0.0005664206971687236,-0.40377163887023926,-0.15012270212173462,-0.015686951433281138,-0.457785964012146,-0.20063316822052002,-0.02658530869052811,-0.5107094049453735,-0.25452518463134766,-0.03410365604327126
PLEASE,0.0,0.0,0.0,0.020199239253997803,-0.2043868899345398,0.0025341734498738333,-0.030081570148468018,-0.3773464560508728,0.02477037652619174,-0.07261109352111816,-0.48373472690582275,0.04074522971399119,-0.08340466022491455,-0.5640592575073242,0.05773238211162379,-0.2625761926174164,-0.3724289536476135,0.07935224219448855,-0.3699588179588318,-0.4621884226799011,0.0892456521023064,-0.4340766668319702,-0.5055187940597534,0.08170511319525531,-0.4884701371192932,-0.5457290410995483,0.07245828702338031,-0.3072895407676697,-0.29961949586868286,0.06359714015610507,-0.4320099651813507,-0.39973676204681396,0.07110193862803271,-0.5112753808498383,-0.46369469165802,0.055532158606126814,-0.5768615305423737,-0.5196554660797119,0.043266901068761854,-0.32887402176856995,-0.21375805139541626,0.04071321084387591,-0.4512098729610443,-0.3037998676300049,0.03817502527721217,-0.5190466046333313,-0.3675442337989807,0.022215922616794614,-0.5812237858772278,-0.42778170108795166,0.010839206420257597,-0.3314778804779053,-0.10713809728622437,0.015584987841918974,-0.4331049919128418,-0.17693763971328735,0.007873916320875196,-0.4873681366443634,-0.2315436601638794,0.003215354422479777,-0.5380163192749023,-0.2943524122238159,0.0009749490045010134
PLEASE,0.0,0.0,0.0,0.01520448923110962,-0.1836620569229126,-0.004827971692520805,-0.028044939041137695,-0.34785211086273193,0.00928085517944055,-0.06379777193069458,-0.44942110776901245,0.017395424999904208,-0.07218664884567261,-0.5124979913234711,0.025421475403618388,-0.2561311721801758,-0.3525867462158203,0.05130100191445308,-0.3584898114204407,-0.43343180418014526,0.04632653982253032,-0.4191741943359375,-0.4767407774925232,0.029780296020817332,-0.4753935933113098,-0.5165224671363831,0.014531826943766646,-0.30149394273757935,-0.28208398818969727,0.034117802389573626,-0.4237629771232605,-0.38115954399108887,0.02886228018314796,-0.4979511797428131,-0.4425620436668396,0.009498918772351317,-0.5612004399299622,-0.4981563687324524,-0.005977030500162073,-0.3220938444137573,-0.20051199197769165,0.010190477006744914,-0.4385277032852173,-0.29242080450057983,-0.000885486434071936,-0.5056410431861877,-0.35159677267074585,-0.017658806062627264,-0.5689135789871216,-0.4107506275177002,-0.030550031579423376,-0.32407087087631226,-0.0979645848274231,-0.016747797496009298,-0.4221630096435547,-0.16829413175582886,-0.03130294068841977,-0.4764765202999115,-0.2199472188949585,-0.03724172397642178,-0.5280012786388397,-0.27991509437561035,-0.041589744977045484
PLEASE,0.0,0.0,0.0,0.020425796508789062,-0.18422919511795044,-0.011733369184469211,-0.01862204074859619,-0.34780991077423096,-0.00517015459928416,-0.05315309762954712,-0.4507136642932892,-0.003554898528193462,-0.05796825885772705,-0.5214076638221741,-0.002990926131417382,-0.24019783735275269,-0.3568460941314697,0.03652818758990861,-0.3421969711780548,-0.4450616240501404,0.02701181617584325,-0.4085831940174103,-0.49250882863998413,0.00786908601429559,-0.4679766893386841,-0.5355388820171356,-0.00913116636667155,-0.2866290807723999,-0.2888597249984741,0.02190547508206464,-0.4094431400299072,-0.39576345682144165,0.01282274235990144,-0.48516473174095154,-0.46187126636505127,-0.0100392477864375,-0.5478945076465607,-0.5217670500278473,-0.027872611982559192,-0.3103783130645752,-0.20902752876281738,0.0010934018252442002,-0.43048909306526184,-0.3104124069213867,-0.015205625658666122,-0.49641942977905273,-0.37569761276245117,-0.03569008524510764,-0.5556457340717316,-0.4371258318424225,-0.05014550800416373,-0.31632861495018005,-0.1066790223121643,-0.022550200326179493,-0.413377583026886,-0.1823413372039795,-0.03972846011612319,-0.46515849232673645,-0.23884844779968262,-0.04615339378807448,-0.5144892334938049,-0.30087465047836304,-0.05034824947807692
PLEASE,0.0,0.0,0.0,0.01668626070022583,-0.19487440586090088,-0.0037797989497789786,-0.02301931381225586,-0.3601534068584442,0.012121366366102393,-0.05573594570159912,-0.4713922441005707,0.02139721441204756,-0.062291502952575684,-0.5498267710208893,0.030372928857161696,-0.24174678325653076,-0.37906700372695923,0.064585683896496,-0.3429781198501587,-0.4709290564060211,0.06539042855735033,-0.407076895236969,-0.5170421302318573,0.04921877573366373,-0.46555864810943604,-0.5583003163337708,0.032802643283559973,-0.28675851225852966,-0.3106948137283325,0.04752597401972025,-0.4058493971824646,-0.4171444773674011,0.04790141995187014,-0.4810696840286255,-0.4834379553794861,0.025259813322975333,-0.5435195565223694,-0.5390293598175049,0.00634318406815737,-0.3099844753742218,-0.22913676500320435,0.023429287626697715,-0.4240996837615967,-0.3248834013938904,0.01609108413691729,-0.4901503920555115,-0.3901877999305725,-0.0059261941059389756,-0.5510081648826599,-0.44870907068252563,-0.022885553509638612,-0.3145744204521179,-0.1295873522758484,-0.003704091272027199,-0.41208648681640625,-0.2077016830444336,-0.017028151050851648,-0.46459513902664185,-0.26188868284225464,-0.02559980374638826,-0.513254314661026,-0.319317102432251,-0.031890729413078134
PLEASE,0.0,0.0,0.0,0.014814674854278564,-0.1917286515235901,-0.013481195632607523,-0.023910999298095703,-0.3578673005104065,-0.004499772645772282,-0.06176269054412842,-0.4641793370246887,4.6976988983260526e-05,-0.07014328241348267,-0.5394641757011414,0.0043263602179877125,-0.24572384357452393,-0.36417055130004883,0.042444608557730135,-0.34793394804000854,-0.4488491117954254,0.035791895735769685,-0.4080289602279663,-0.49213069677352905,0.015890195417910036,-0.4639514088630676,-0.5340450704097748,-0.0021347003879554904,-0.29124969244003296,-0.2949739694595337,0.030203615698724207,-0.41214632987976074,-0.39395350217819214,0.026085007387905534,-0.4859963655471802,-0.45583832263946533,0.003998557489126142,-0.5476070642471313,-0.5107332468032837,-0.014713445294887606,-0.3131677508354187,-0.211558997631073,0.011263262863963064,-0.4280772805213928,-0.30111515522003174,0.0018269853077299558,-0.4899827837944031,-0.36127805709838867,-0.015705237712950293,-0.5466273725032806,-0.41884279251098633,-0.029835140880436484,-0.3169124722480774,-0.10853415727615356,-0.011220241513342444,-0.40963152050971985,-0.17923927307128906,-0.022028526839108054,-0.45609259605407715,-0.2292330265045166,-0.024848394643754546,-0.499246209859848,-0.28287744522094727,-0.027526343789190832
PLEASE,0.0,0.0,0.0,0.009059369564056396,-0.1882360577583313,-0.012822178389399141,-0.0387418270111084,-0.3487328290939331,-0.0013568719955969755,-0.08323132991790771,-0.4537612795829773,0.0057156968754839,-0.09560239315032959,-0.534576952457428,0.012794400368363767,-0.2548590302467346,-0.3355717658996582,0.04282255357924214,-0.35789597034454346,-0.41489729285240173,0.036908182118565946,-0.41788363456726074,-0.4555651545524597,0.019248873729736715,-0.47535088658332825,-0.49291861057281494,0.002868699644238859,-0.29895490407943726,-0.26283836364746094,0.03069753459516278,-0.4231984615325928,-0.35945427417755127,0.023016421858699232,-0.498460054397583,-0.41954368352890015,0.0012584088030394014,-0.5617403090000153,-0.471726655960083,-0.015881805877654642,-0.3177937865257263,-0.17877930402755737,0.011774437305064112,-0.43545711040496826,-0.26669418811798096,-0.0029259980297524635,-0.5020923018455505,-0.32517677545547485,-0.02264862247881183,-0.5619407892227173,-0.3801708221435547,-0.03612808623489627,-0.316489577293396,-0.0770266056060791,-0.010211701701848597,-0.41455066204071045,-0.1498987078666687,-0.02621535510894546,-0.4701274633407593,-0.20049810409545898,-0.03291943409618625,-0.5210974812507629,-0.2542486786842346,-0.03725700938281307
PLEASE,0.0,0.0,0.0,0.008448600769042969,-0.1896304488182068,-0.00747638195394984,-0.04225033521652222,-0.3537834882736206,0.01064237486929187,-0.08497756719589233,-0.4596080780029297,0.023862753998344033,-0.09828954935073853,-0.5375092923641205,0.03771166783184299,-0.2663809657096863,-0.3390830159187317,0.06490780692905673,-0.3694183826446533,-0.41727858781814575,0.06831262540430316,-0.432026743888855,-0.4576282501220703,0.05481013190359363,-0.4901610016822815,-0.49665623903274536,0.04042961355656871,-0.3062020540237427,-0.26612168550491333,0.05209673475832233,-0.424555242061615,-0.3564801812171936,0.05411599856228122,-0.5008515119552612,-0.4147228002548218,0.03427770268530139,-0.5661399960517883,-0.465406596660614,0.017282190736239045,-0.3232291340827942,-0.18201404809951782,0.03190474119395503,-0.4377726912498474,-0.2661089301109314,0.025523315187399476,-0.501479983329773,-0.3248746395111084,0.006696002561454861,-0.5614610314369202,-0.37858259677886963,-0.007953185584540279,-0.3222634196281433,-0.07802629470825195,0.008414063606267064,-0.41825398802757263,-0.14558488130569458,-0.0027781182398598503,-0.46926331520080566,-0.19435155391693115,-0.009570497084553153,-0.5175057947635651,-0.2472352385520935,-0.01470416877060643
PLEASE,0.0,0.0,0.0,0.015022814273834229,-0.1893940567970276,-0.009750681053446897,-0.0365983247756958,-0.3578478693962097,0.007733496781838767,-0.07750725746154785,-0.46494221687316895,0.021203831714046828,-0.0907410979270935,-0.5445636808872223,0.035799524691356055,-0.26242703199386597,-0.3543434143066406,0.06545632233883225,-0.3696134090423584,-0.4361417293548584,0.07338273426557862,-0.4336988031864166,-0.4785839319229126,0.06372897228266083,-0.49105241894721985,-0.5169556140899658,0.05272034456993424,-0.3064683675765991,-0.28003501892089844,0.05494832521344506,-0.42855513095855713,-0.3760230541229248,0.06316086551214539,-0.5049992501735687,-0.43710899353027344,0.047574850675118796,-0.5676706731319427,-0.49081921577453613,0.034289094563973777,-0.32527846097946167,-0.1941382884979248,0.036530784275782935,-0.4418659508228302,-0.2848694920539856,0.035585052278293006,-0.507552981376648,-0.34603261947631836,0.019113221150291793,-0.5664414763450623,-0.4033418297767639,0.0061596682671734015,-0.32647785544395447,-0.08792966604232788,0.014543906730068556,-0.4240380525588989,-0.15833443403244019,0.007232383769405715,-0.4764053225517273,-0.21014773845672607,0.0018377483966105501,-0.5251273810863495,-0.26852428913116455,-0.0018333704765609582
PLEASE,0.0,0.0,0.0,0.015919148921966553,-0.1884419322013855,-0.0052257430629651935,-0.026922106742858887,-0.34934335947036743,0.01303008814511486,-0.06452804803848267,-0.45648643374443054,0.02571265177039095,-0.07322674989700317,-0.5234167575836182,0.039756949629463634,-0.2521204948425293,-0.34825456142425537,0.06937563383189627,-0.3536710739135742,-0.4320472180843353,0.07232256197539755,-0.415487676858902,-0.4770926535129547,0.0585701461991448,-0.47157979011535645,-0.5169633626937866,0.044848274078049144,-0.2963782548904419,-0.2775571346282959,0.056697327282108745,-0.4146351218223572,-0.3789471983909607,0.058133151020683727,-0.48838573694229126,-0.4415799677371979,0.039477664615787944,-0.5497385561466217,-0.49695348739624023,0.02476750091818758,-0.31614476442337036,-0.1985841989517212,0.036300398047842464,-0.4296915829181671,-0.29261404275894165,0.02964900397864767,-0.49302175641059875,-0.3515390157699585,0.01199517642317005,-0.5523898303508759,-0.40993982553482056,-0.0007832396781850548,-0.3183631896972656,-0.09935319423675537,0.012778512772001704,-0.4105544984340668,-0.17241698503494263,0.002544588513501367,-0.4633844792842865,-0.2209845781326294,-0.0027920383849959762,-0.514710932970047,-0.27908509969711304,-0.0064425541909258754
PLEASE,0.0,0.0,0.0,0.014540791511535645,-0.18515563011169434,-0.011105618640613102,-0.028047263622283936,-0.34979248046875,-0.0008052497551034321,-0.06864649057388306,-0.45439091324806213,0.005074608404356695,-0.07872724533081055,-0.5283349454402924,0.01137175856547401,-0.24425482749938965,-0.3561677932739258,0.044591705113816715,-0.3460039496421814,-0.4370574355125427,0.04131436979787395,-0.40940380096435547,-0.4795987010002136,0.024693134039807774,-0.4669167399406433,-0.5185777544975281,0.008605702579188801,-0.28934699296951294,-0.2861388325691223,0.03151051959412143,-0.4127613306045532,-0.3844150900840759,0.029704411313105084,-0.48551803827285767,-0.4446357488632202,0.009601747416127182,-0.5463240742683411,-0.498233437538147,-0.007211224376987957,-0.3111408054828644,-0.20714521408081055,0.012006670035589195,-0.4285063147544861,-0.2947428226470947,0.004626487646419264,-0.49210691452026367,-0.3521806001663208,-0.014083392187785648,-0.5498726069927216,-0.4057918190956116,-0.02906327807886555,-0.3136945068836212,-0.10950571298599243,-0.011034907042812847,-0.4093504846096039,-0.17775624990463257,-0.02096420826001122,-0.45744192600250244,-0.2243138551712036,-0.02574948520941689,-0.5019748508930206,-0.2731512188911438,-0.029856219157409214
PLEASE,0.0,0.0,0.0,0.008835315704345703,-0.19179654121398926,-0.0015021370325030148,-0.0378873348236084,-0.34954190254211426,0.015501793141311282,-0.07418715953826904,-0.461132287979126,0.02483084298933136,-0.08384698629379272,-0.5412975549697876,0.033937734219080085,-0.25727182626724243,-0.3505755662918091,0.0721394053127824,-0.35864341259002686,-0.4287061095237732,0.0732629752185403,-0.4181864261627197,-0.46898970007896423,0.05546145573521244,-0.47256946563720703,-0.5091531574726105,0.037529625597244376,-0.2969677448272705,-0.2842671275138855,0.05412080943847286,-0.41732797026634216,-0.375874400138855,0.05547491520906078,-0.4872814416885376,-0.4378052353858948,0.03162789777184116,-0.5448537170886993,-0.49459055066108704,0.011172146203762168,-0.31513112783432007,-0.20513099431991577,0.02887652501726734,-0.4290021061897278,-0.2923138737678528,0.0215342386093198,-0.49247121810913086,-0.3528836965560913,0.00020654621971516463,-0.5504730939865112,-0.4113808274269104,-0.01669188901519192,-0.315284788608551,-0.10729306936264038,0.0008028403556181729,-0.41046011447906494,-0.17329001426696777,-0.010093204078430063,-0.46158701181411743,-0.22292208671569824,-0.01616107426320923,-0.5094394385814667,-0.2791094183921814,-0.021572457027787095
PLEASE,0.0,0.0,0.0,0.01475369930267334,-0.21342575550079346,0.0012797425686130737,-0.03468114137649536,-0.36420971155166626,0.031439802022532604,-0.07555210590362549,-0.46568942070007324,0.05564917099650302,-0.09148699045181274,-0.5393949151039124,0.08029838499601283,-0.25235164165496826,-0.34274232387542725,0.09874506142909922,-0.36004191637039185,-0.4201691150665283,0.11857577261503138,-0.42316126823425293,-0.4599006175994873,0.11314569261844554,-0.4827228784561157,-0.49488529562950134,0.10254425403650202,-0.2959604263305664,-0.2669251561164856,0.08651279506261744,-0.417675256729126,-0.3564087748527527,0.10181728598649897,-0.4941273033618927,-0.4132036566734314,0.08246153441245951,-0.5577065348625183,-0.46164411306381226,0.0644654020386497,-0.3131774663925171,-0.18019211292266846,0.06614237126882472,-0.4309574365615845,-0.2640416622161865,0.07048845139320292,-0.49547457695007324,-0.3184581995010376,0.04818143916304507,-0.5580639541149139,-0.37214022874832153,0.0292862657177011,-0.30981969833374023,-0.07380414009094238,0.043105146260813854,-0.40749287605285645,-0.14261269569396973,0.03827495721156993,-0.45810267329216003,-0.18881642818450928,0.028874429287270686,-0.5060320794582367,-0.24394381046295166,0.02008986321266093
PLEASE,0.0,0.0,0.0,0.013639211654663086,-0.18646591901779175,-0.009594280180920123,-0.028734266757965088,-0.34441113471984863,0.0017535194974129809,-0.06370633840560913,-0.44870543479919434,0.007975658493649007,-0.07245194911956787,-0.5194289088249207,0.014844476337145807,-0.24606728553771973,-0.3401995897293091,0.048722191805552484,-0.34658923745155334,-0.41939666867256165,0.0419140673229208,-0.409252405166626,-0.4634000062942505,0.023667904640149118,-0.46613171696662903,-0.502595841884613,0.00767875844479704,-0.29014289379119873,-0.2685028910636902,0.034904363656949045,-0.4103860855102539,-0.366743803024292,0.026805511767577173,-0.4866190552711487,-0.42900413274765015,0.005094803961526395,-0.5508003532886505,-0.4842888414859772,-0.01111862706153488,-0.3108993172645569,-0.18748468160629272,0.014022003019761087,-0.42559146881103516,-0.2783017158508301,-5.114383662885302e-05,-0.4933862090110779,-0.33681321144104004,-0.019614220505047797,-0.5551938712596893,-0.39414405822753906,-0.03297659838705158,-0.31424206495285034,-0.08675491809844971,-0.00998376207559204,-0.40624600648880005,-0.1555471420288086,-0.02597303772478199,-0.45935341715812683,-0.20546120405197144,-0.033391692583848,-0.5093892514705658,-0.26268965005874634,-0.03793054530530071
PLEASE,0.0,0.0,0.0,0.017579734325408936,-0.1883503794670105,-0.015097703092806114,-0.025061070919036865,-0.34555715322494507,-0.005141122040413393,-0.06156754493713379,-0.4501028060913086,0.0009375052111408877,-0.06771677732467651,-0.5218697190284729,0.006655567551888453,-0.24709481000900269,-0.34093940258026123,0.04100589895892881,-0.34984469413757324,-0.4178152084350586,0.03493966603923582,-0.4149182438850403,-0.45913517475128174,0.017073186806328522,-0.47408315539360046,-0.4963798522949219,-4.065444159095932e-05,-0.2885807156562805,-0.2694021463394165,0.02892798440802835,-0.40958738327026367,-0.36365383863449097,0.02060436526585363,-0.48608312010765076,-0.4239979088306427,-0.0023159936602041853,-0.5512966215610504,-0.476962685585022,-0.02066252311419703,-0.3065756559371948,-0.18634027242660522,0.00965910194713615,-0.4231787323951721,-0.27594488859176636,-0.006782799267284645,-0.4905373454093933,-0.3345576524734497,-0.03009385918926455,-0.5537351071834564,-0.3896375000476837,-0.04687631806086756,-0.306295245885849,-0.08391082286834717,-0.012802353368215336,-0.4002559185028076,-0.15191316604614258,-0.03352877428483225,-0.45326942205429077,-0.20181584358215332,-0.04598510941218592,-0.5049014687538147,-0.25866377353668213,-0.054983037763349785
PLEASE,0.0,0.0,0.0,0.0051572322845458984,-0.18869811296463013,-0.007006687276202683,-0.05032181739807129,-0.3545614182949066,0.008758385501664634,-0.09252655506134033,-0.4606589078903198,0.018551346681874747,-0.10068440437316895,-0.5359979867935181,0.02828879544870233,-0.2638089656829834,-0.3402690589427948,0.05901583919660425,-0.36279773712158203,-0.41744521260261536,0.058412804104250426,-0.42565760016441345,-0.4572576880455017,0.04199862370626306,-0.48341137170791626,-0.4945438802242279,0.025456226266783233,-0.3038175106048584,-0.2719224691390991,0.043902183718842025,-0.4224327802658081,-0.3627083897590637,0.04385843018428659,-0.49517160654067993,-0.41949597001075745,0.022699055097859855,-0.5580814182758331,-0.4708327054977417,0.004691119607400651,-0.32199496030807495,-0.19314318895339966,0.021871902815860267,-0.43461161851882935,-0.27959680557250977,0.015248210005324836,-0.4958096742630005,-0.3381052017211914,-0.002587419632959609,-0.5535864233970642,-0.3926522135734558,-0.01715478410585547,-0.3225836157798767,-0.0954328179359436,-0.003659430822494869,-0.4156109094619751,-0.16265106201171875,-0.013254509471494202,-0.4642639458179474,-0.2148423194885254,-0.01742687372131968,-0.5091444253921509,-0.27063316106796265,-0.021519930265981202
PLEASE,0.0,0.0,0.0,0.009847879409790039,-0.19003725051879883,-0.0011883988933050205,-0.03729355335235596,-0.3434660732746124,0.02078246816961382,-0.07763230800628662,-0.4507383704185486,0.03580976210503195,-0.08878922462463379,-0.5197717249393463,0.05093771524695967,-0.25657016038894653,-0.3324299454689026,0.08569021083383177,-0.35910993814468384,-0.4073859453201294,0.09774954177407835,-0.4186561107635498,-0.4469805061817169,0.0865128890421829,-0.4745761454105377,-0.48364728689193726,0.0727572322633705,-0.29397016763687134,-0.2650343179702759,0.07240850783853148,-0.4119167923927307,-0.35248762369155884,0.08365471221475218,-0.4854971170425415,-0.40995723009109497,0.06483346529273604,-0.5461568236351013,-0.458801805973053,0.047161779626890166,-0.30979347229003906,-0.18915504217147827,0.05125626482038115,-0.42159223556518555,-0.2733995318412781,0.05448986895351027,-0.4826095998287201,-0.3284451961517334,0.03564192287592505,-0.5409769713878632,-0.3796619772911072,0.019062918871327383,-0.30881136655807495,-0.09659421443939209,0.026845532729907973,-0.40300989151000977,-0.16585779190063477,0.024250445216580374,-0.4538576602935791,-0.21004188060760498,0.01938474111227606,-0.5020061433315277,-0.2602913975715637,0.013554222210927946
PLEASE,0.0,0.0,0.0,0.009822368621826172,-0.1905168890953064,-0.018055850152222774,-0.03999531269073486,-0.3497661054134369,-0.004673707276879213,-0.0840916633605957,-0.44695934653282166,0.00648500027477894,-0.0941399335861206,-0.5177415013313293,0.01904706891968999,-0.2621157169342041,-0.31771594285964966,0.054596432041080334,-0.36313396692276,-0.3883494734764099,0.05860875968232904,-0.42510563135147095,-0.4242144525051117,0.04583265681162629,-0.4822637140750885,-0.4565344452857971,0.03224849377170358,-0.30070966482162476,-0.2449985146522522,0.04745835114613328,-0.42001670598983765,-0.32873672246932983,0.04951342244044099,-0.494730144739151,-0.38213035464286804,0.029137835394294598,-0.5581870377063751,-0.4299108684062958,0.012901915725024082,-0.31556975841522217,-0.1641855239868164,0.03247041676536355,-0.43002450466156006,-0.24018603563308716,0.024236647899897434,-0.49501466751098633,-0.2939212918281555,0.0007718877388924739,-0.5542688965797424,-0.34450820088386536,-0.015421965603081844,-0.3128243684768677,-0.06442612409591675,0.013838588747830727,-0.4088399410247803,-0.12618768215179443,0.0008734149380416056,-0.4584108591079712,-0.17113131284713745,-0.009105948243586681,-0.5032586753368378,-0.22100496292114258,-0.015489550750999115
PLEASE,0.0,0.0,0.0,0.0030167698860168457,-0.19825774431228638,-0.013799391426459806,-0.04376339912414551,-0.35327956080436707,-0.008652836755231874,-0.08819925785064697,-0.45978885889053345,-0.00815348487378742,-0.10220235586166382,-0.5443483293056488,-0.007530702948884027,-0.2636127471923828,-0.32712721824645996,0.046069775037153704,-0.3695065975189209,-0.4024207293987274,0.04124115433512543,-0.43438175320625305,-0.4392208456993103,0.023396380506142123,-0.4923606812953949,-0.473158597946167,0.007545204627945168,-0.3045641779899597,-0.25689399242401123,0.03565450411258553,-0.4271587133407593,-0.3409965932369232,0.03258202623544548,-0.5064737498760223,-0.3933333158493042,0.010439369156642897,-0.5728651583194733,-0.44073471426963806,-0.00736972244487788,-0.3230289816856384,-0.1738969087600708,0.018599376342876894,-0.43862152099609375,-0.2527533769607544,0.008777421228273852,-0.5060035288333893,-0.30190402269363403,-0.010832266621605413,-0.5672296583652496,-0.3479364514350891,-0.02503888655485298,-0.32276129722595215,-0.07327800989151001,-0.001441301983163612,-0.41389018297195435,-0.1367163062095642,-0.012149743475333707,-0.4646522104740143,-0.17936891317367554,-0.016281533725873487,-0.5123405456542969,-0.22367346286773682,-0.018477864303008573
PLEASE,0.0,0.0,0.0,0.0063517093658447266,-0.19519424438476562,-0.048017280976296206,-0.03272128105163574,-0.3588643968105316,-0.06527077672910764,-0.08084714412689209,-0.48745425045490265,-0.08332813052368238,-0.08993411064147949,-0.5983969569206238,-0.10026013372373654,-0.2571425437927246,-0.3297894150018692,0.01279482817369626,-0.3672359585762024,-0.4031594768166542,-0.006856893523604413,-0.4313596487045288,-0.4416889548301697,-0.03602347416710927,-0.4923006296157837,-0.47941452264785767,-0.06046657157969548,-0.29382479190826416,-0.25194430351257324,0.009754540530025224,-0.42030221223831177,-0.3433191329240799,-0.008476725648165484,-0.49894410371780396,-0.40402752161026,-0.039281315038920184,-0.5640981197357178,-0.4605109393596649,-0.06331250337791516,-0.30736982822418213,-0.16533014178276062,-0.0031347448090173202,-0.42498350143432617,-0.251326322555542,-0.026912058572293063,-0.49837082624435425,-0.3095197081565857,-0.050669870208025714,-0.5607330501079559,-0.36440300941467285,-0.06675094632339551,-0.3041357398033142,-0.06160074472427368,-0.022584668229342242,-0.4005460739135742,-0.12698125839233398,-0.04363985998463704,-0.45745283365249634,-0.17680621147155762,-0.052506609688521166,-0.5093342065811157,-0.22958561778068542,-0.058560020159006854
PLEASE,0.0,0.0,0.0,-0.02118504047393799,-0.22371816635131836,-0.001174435494476711,-0.06372964382171631,-0.3766336292028427,0.009734117067409898,-0.09983235597610474,-0.4837664067745209,0.01225250178481474,-0.11050200462341309,-0.5652821660041809,0.013862325451327706,-0.28531283140182495,-0.35999058187007904,0.06992356163914337,-0.390134334564209,-0.43847398459911346,0.06619319004471436,-0.463453471660614,-0.48162180185317993,0.04433331695850029,-0.5329660177230835,-0.5244416296482086,0.024356326661063576,-0.32813242077827454,-0.28724443912506104,0.05037419555242195,-0.45247888565063477,-0.37336599826812744,0.04592918661887779,-0.5347382724285126,-0.43231038749217987,0.01630006229038372,-0.6063168048858643,-0.4915899336338043,-0.00605856057723031,-0.3472661077976227,-0.20485052466392517,0.02453918067271843,-0.4649592339992523,-0.28714948892593384,0.011638668938530827,-0.5415615439414978,-0.3464244604110718,-0.014603471742020702,-0.6122081875801086,-0.4029678702354431,-0.03207253234927521,-0.34052491188049316,-0.10163700580596924,-0.003288279646085357,-0.4406265914440155,-0.1655779778957367,-0.017720233076261138,-0.4976831376552582,-0.213763028383255,-0.023660832443283653,-0.5506851971149445,-0.2684359550476074,-0.025676462226556396
PLEASE,0.0,0.0,0.0,-0.009273827075958252,-0.19777894020080566,-0.025387335171274117,-0.07256865501403809,-0.3881016820669174,-0.03131176305311101,-0.13017117977142334,-0.5137874633073807,-0.04164632183807271,-0.1770395040512085,-0.6083362102508545,-0.052166951422861985,-0.24094969034194946,-0.3840184211730957,0.021385064745970794,-0.3333585262298584,-0.4989420920610428,-0.005720391006491354,-0.39015841484069824,-0.568131759762764,-0.03635578376548665,-0.4365702271461487,-0.6221632957458496,-0.05876316276686566,-0.286382257938385,-0.30346887931227684,0.009986275273092815,-0.39623546600341797,-0.4124158173799515,-0.016139816095403603,-0.46073803305625916,-0.476645290851593,-0.04807472375529187,-0.5112276673316956,-0.5306055396795273,-0.06931624335544484,-0.3109394907951355,-0.20503060519695282,-0.009028147508672646,-0.42818403244018555,-0.30390913039445877,-0.036242661600283554,-0.49257218837738037,-0.3673688918352127,-0.0539144143213548,-0.5450601279735565,-0.42465223371982574,-0.06494421285884755,-0.31775790452957153,-0.08718003332614899,-0.03195269924896138,-0.41245442628860474,-0.15781167149543762,-0.056537137900761536,-0.47113245725631714,-0.21238376200199127,-0.06242801768081563,-0.5213097333908081,-0.26993802934885025,-0.06417283934848683
PLEASE,0.0,0.0,0.0,0.014912962913513184,-0.15378326177597046,-0.04048168578091804,0.007010102272033691,-0.2892439663410187,-0.06793002330604736,-0.014164209365844727,-0.4085547961294651,-0.09414945089164917,-0.02469635009765625,-0.5040620118379593,-0.12130860530677978,-0.20689791440963745,-0.26956845819950104,-0.038456062906419675,-0.33581286668777466,-0.3570949099957943,-0.06823346310201828,-0.39604032039642334,-0.3935605213046074,-0.09321451478544418,-0.44768792390823364,-0.42787886038422585,-0.11070353084150497,-0.2442973256111145,-0.19332383573055267,-0.042056354814207,-0.37908124923706055,-0.29919129610061646,-0.06342985772434417,-0.4539026618003845,-0.3521094545722008,-0.08614370518270675,-0.5117930471897125,-0.3991515263915062,-0.10596880608144943,-0.25872087478637695,-0.10624238848686218,-0.0502738162213916,-0.38019973039627075,-0.20015642046928406,-0.0710674404436702,-0.44845050573349,-0.25176873803138733,-0.0881894930535907,-0.5014813542366028,-0.2970881909132004,-0.10245613300148193,-0.2591731548309326,-0.007199317216873169,-0.06243962340894882,-0.35108184814453125,-0.07488545775413513,-0.07966751896682922,-0.40433716773986816,-0.12080922722816467,-0.08420595073047821,-0.45139145851135254,-0.1618996411561966,-0.08836537145916168
PLEASE,0.0,0.0,0.0,0.012103855609893799,-0.13261303305625916,-0.011808864049726253,-0.007409930229187012,-0.24518722295761108,-0.010499290399366146,-0.030654191970825195,-0.3365563005208969,-0.013389061413818126,-0.04972410202026367,-0.39762161672115326,-0.01612337978940559,-0.21142899990081787,-0.2373056709766388,0.062190527818984265,-0.32755714654922485,-0.2831484526395798,0.08002631252247738,-0.3862312436103821,-0.31291086971759796,0.07864563053090023,-0.4346765875816345,-0.33280645310878754,0.07070277517277646,-0.24427932500839233,-0.18722563982009888,0.05560897921759533,-0.3816549777984619,-0.22862231731414795,0.06503351663786816,-0.4462009072303772,-0.25597643852233887,0.05066582446534085,-0.49962136149406433,-0.272987425327301,0.035781970970219845,-0.26839083433151245,-0.12545350193977356,0.04312560593325543,-0.38635289669036865,-0.16967129707336426,0.0484790939613049,-0.4379275441169739,-0.19685187935829163,0.044049597136563534,-0.47506624460220337,-0.22257012128829956,0.03811124598223614,-0.27512651681900024,-0.05634555220603943,0.02649434914428639,-0.3708770275115967,-0.08183622360229492,0.03431630020577359,-0.4096143841743469,-0.0957154631614685,0.039832043252772564,-0.4390207529067993,-0.11485517024993896,0.04041874667245793
PLEASE,0.0,0.0,0.0,-0.002539694309234619,-0.2071167230606079,-0.001257580145988868,-0.04929649829864502,-0.35586223006248474,0.017497403174843384,-0.0865257978439331,-0.45347629487514496,0.030917705595697953,-0.09021300077438354,-0.5228305459022522,0.045805316046084954,-0.2591977119445801,-0.3304777145385742,0.07881946824511488,-0.34960803389549255,-0.3939935714006424,0.08824529461583097,-0.4091133177280426,-0.4351853281259537,0.07532596550902326,-0.46965742111206055,-0.4702504575252533,0.06186893917640646,-0.29999566078186035,-0.2542652487754822,0.0648317035289665,-0.4009125530719757,-0.3277580738067627,0.07462940327843626,-0.45922011137008667,-0.3802056610584259,0.057205274328794076,-0.5085005462169647,-0.42798876762390137,0.044271345809306695,-0.3238394260406494,-0.1757672131061554,0.04424839802106817,-0.41706985235214233,-0.2447318434715271,0.04079585857709844,-0.47788041830062866,-0.29912030696868896,0.022892575338687493,-0.5330316126346588,-0.3469380885362625,0.013531435840036465,-0.3246718645095825,-0.08292657136917114,0.020953354984726502,-0.42120784521102905,-0.14645081758499146,0.015010431036557748,-0.47324949502944946,-0.18945330381393433,0.01373517662307222,-0.518974244594574,-0.2351851463317871,0.01634035967310865
PLEASE,0.0,0.0,0.0,0.006659448146820068,-0.19191953539848328,-0.0289205441293916,-0.035267412662506104,-0.3652726411819458,-0.039130264711161544,-0.06208378076553345,-0.502552717924118,-0.053752371859332015,-0.0677449107170105,-0.6189048886299133,-0.06745561380364506,-0.25395989418029785,-0.3738783895969391,0.036212960440138886,-0.355698823928833,-0.47267407178878784,0.020667595970849106,-0.41519060730934143,-0.5379815399646759,-0.006652465373804262,-0.4649852514266968,-0.595177412033081,-0.02737369183876126,-0.29519742727279663,-0.3018394261598587,0.02661802637896926,-0.4089088439941406,-0.4035619795322418,0.01752366888842971,-0.4791635572910309,-0.4687391221523285,-0.007927426886340072,-0.5341545343399048,-0.5251449644565582,-0.026476591643472602,-0.31557589769363403,-0.21654024720191956,0.007950258623282025,-0.42717939615249634,-0.317379355430603,-0.0035284928088685774,-0.49414128065109253,-0.38130828738212585,-0.019247842770596435,-0.5511412620544434,-0.4428099989891052,-0.03038725238718598,-0.31823551654815674,-0.11072364449501038,-0.016491498616119316,-0.41130560636520386,-0.1901591569185257,-0.023967800479908874,-0.4616968631744385,-0.24786458909511566,-0.021595610123654296,-0.5088824033737183,-0.31230612099170685,-0.019277786654015472
PLEASE,0.0,0.0,0.0,0.021279215812683105,-0.17179244756698608,-0.043133898478942,0.010922074317932129,-0.34454458951950073,-0.06716804469843396,-0.00515902042388916,-0.4863641485571861,-0.09163128848095425,-0.010745406150817871,-0.6000874489545822,-0.11603283400555142,-0.20739710330963135,-0.3419328033924103,-0.015352790084676826,-0.31630969047546387,-0.42744971811771393,-0.0422048110785056,-0.3710355758666992,-0.46694595366716385,-0.0701533358814288,-0.4201596975326538,-0.5042340904474258,-0.09206126148720273,-0.2493944764137268,-0.2709227204322815,-0.022582598802642906,-0.3741132616996765,-0.3750980645418167,-0.0442652356149722,-0.4430321455001831,-0.4313395917415619,-0.07111112291832455,-0.49779701232910156,-0.481717586517334,-0.09342304135580548,-0.2690431475639343,-0.18842938542366028,-0.03709206621070393,-0.38558316230773926,-0.2906606197357178,-0.059910732162194336,-0.45210540294647217,-0.3526473939418793,-0.07830640192051419,-0.5065762400627136,-0.41035017371177673,-0.09338241333981045,-0.2719133496284485,-0.08880269527435303,-0.057020622146325195,-0.3644263744354248,-0.16108641028404236,-0.07662307734509,-0.4169026017189026,-0.2150181233882904,-0.0822315242411662,-0.4645407199859619,-0.27118541300296783,-0.08756436671038159
PLEASE,0.0,0.0,0.0,0.005765557289123535,-0.19969922304153442,-0.009803654303709664,-0.03965425491333008,-0.3683868646621704,0.00038727166463559115,-0.0793076753616333,-0.4813506454229355,0.005152683561732374,-0.08319371938705444,-0.5533440709114075,0.009858212756057583,-0.2688986659049988,-0.36281436681747437,0.04941400638415416,-0.37560439109802246,-0.44263482093811035,0.04328779629065593,-0.44288456439971924,-0.4860358238220215,0.02379113933636745,-0.5049215853214264,-0.5255201160907745,0.005438283873786531,-0.3119690418243408,-0.2903817594051361,0.03361664465262493,-0.4398568272590637,-0.39004823565483093,0.025257687406678997,-0.5224017798900604,-0.45497584342956543,0.0011167935757612213,-0.5929645895957947,-0.5131439864635468,-0.017719288034300007,-0.33100831508636475,-0.20675784349441528,0.010791969807883106,-0.4530223608016968,-0.29889214038848877,-0.004850099006603159,-0.5270018577575684,-0.3592958450317383,-0.02772395746217171,-0.5945683419704437,-0.41734808683395386,-0.04391508796618382,-0.3317679166793823,-0.10339653491973877,-0.015061402371088661,-0.43024522066116333,-0.17512118816375732,-0.032939253983954586,-0.48574167490005493,-0.22627437114715576,-0.04215887063548962,-0.538305252790451,-0.28289780020713806,-0.048500026253918804
PLEASE,0.0,0.0,0.0,0.010927915573120117,-0.18709906935691833,-0.020083675579599003,-0.02956700325012207,-0.36046794056892395,-0.01848330204325066,-0.0686236023902893,-0.4771943688392639,-0.021123370574287037,-0.0782584547996521,-0.5646312534809113,-0.022597592742613415,-0.26166337728500366,-0.35775308310985565,0.042533922521897694,-0.3724192976951599,-0.44823503494262695,0.03450057241184368,-0.4414653778076172,-0.495794415473938,0.013094347483047386,-0.505522221326828,-0.5404638946056366,-0.00565773290531979,-0.30574488639831543,-0.2892175316810608,0.031430832623073,-0.434223473072052,-0.39426735043525696,0.026762120007106205,-0.5130252838134766,-0.46140405535697937,0.0026405887217606505,-0.5788068771362305,-0.5235215723514557,-0.016854841680697064,-0.32746487855911255,-0.2115500271320343,0.012798130093642612,-0.44956591725349426,-0.3086809664964676,0.002922280738630434,-0.5186236500740051,-0.3743210583925247,-0.016148254693916897,-0.5791394412517548,-0.4352973401546478,-0.030586297111085514,-0.33155733346939087,-0.11525693535804749,-0.010409800754359821,-0.4302341938018799,-0.18881642818450928,-0.019213732750586132,-0.48527249693870544,-0.24043971300125122,-0.021053579123190502,-0.5368579626083374,-0.2941626310348511,-0.022470100270084004
HELP,0.0,0.0,0.0,-0.02812349796295166,-0.15297436714172363,-0.01877777567153771,-0.1071513295173645,-0.2745380997657776,-0.023031569179352118,-0.16733616590499878,-0.33921319246292114,-0.03137605553513367,-0.19565850496292114,-0.4039999544620514,-0.031964655127580954,-0.22870182991027832,-0.17851287126541138,0.005016969889197753,-0.29421567916870117,-0.24518609046936035,-0.03873334368711312,-0.20888906717300415,-0.228715181350708,-0.05253419196253617,-0.1547849178314209,-0.18899810314178467,-0.05106873726492722,-0.23840314149856567,-0.10333454608917236,-0.002617505938019349,-0.3075329065322876,-0.17528101801872253,-0.05446323296075661,-0.196738600730896,-0.15571671724319458,-0.05865547722225983,-0.14872866868972778,-0.11642628908157349,-0.04425845956450303,-0.23966950178146362,-0.021093547344207764,-0.01779549671357472,-0.2886497378349304,-0.09100699424743652,-0.07146458616500695,-0.18825089931488037,-0.07878446578979492,-0.05372594958191712,-0.1546478271484375,-0.041199326515197754,-0.02393512716537316,-0.23214620351791382,0.07365739345550537,-0.0338823153639396,-0.27610599994659424,0.001029670238494873,-0.06270226379876931,-0.2113567590713501,-0.009900808334350586,-0.04216405292993386,-0.18526726961135864,0.017098188400268555,-0.016961506661232306
HELP,0.0,0.0,0.0,-0.024190127849578857,-0.15850281715393066,-0.02377469757811923,-0.09789067506790161,-0.29150253534317017,-0.030428703075813246,-0.1594325304031372,-0.36537304520606995,-0.03905674735324283,-0.1775316596031189,-0.4382634162902832,-0.03680943245308299,-0.23227131366729736,-0.20134776830673218,0.004159102083576727,-0.28579968214035034,-0.2703956961631775,-0.04339776108281512,-0.19461190700531006,-0.24054360389709473,-0.05370599324123759,-0.15069687366485596,-0.20118173956871033,-0.04976859608905215,-0.24790656566619873,-0.12233239412307739,-0.0009129824629781069,-0.30003178119659424,-0.20538678765296936,-0.06285819331424136,-0.18446242809295654,-0.17430755496025085,-0.06623679319636722,-0.15502113103866577,-0.13675519824028015,-0.04830904225127597,-0.2514497637748718,-0.0408940315246582,-0.014243146537410212,-0.28500473499298096,-0.11786884069442749,-0.07551201353089709,-0.18383800983428955,-0.09840989112854004,-0.05596352661268611,-0.16801869869232178,-0.05996936559677124,-0.023119553125070524,-0.24362987279891968,0.05017191171646118,-0.028672059199379873,-0.2660024166107178,-0.024726033210754395,-0.06102028409259219,-0.20118480920791626,-0.03014618158340454,-0.04306663120405574,-0.19042432308197021,-0.0007370114326477051,-0.018319648823307944
HELP,0.0,0.0,0.0,-0.004876554012298584,-0.17927980422973633,-0.03312749058193276,-0.07730942964553833,-0.3430623412132263,-0.038696017267170646,-0.1488884687423706,-0.4336053431034088,-0.04446717739290307,-0.17847126722335815,-0.5089706778526306,-0.0387159848231704,-0.21953821182250977,-0.2647114396095276,0.002026311203849218,-0.27780064940452576,-0.343908429145813,-0.05160328760928223,-0.18417412042617798,-0.2945191264152527,-0.06632701695150445,-0.13561034202575684,-0.24745535850524902,-0.06397238761371682,-0.2427123785018921,-0.18026548624038696,0.0010060008736445525,-0.29307669401168823,-0.2669239640235901,-0.06462163120693276,-0.17093509435653687,-0.21266603469848633,-0.06814492136425088,-0.13832253217697144,-0.17242741584777832,-0.04929142087883065,-0.25184768438339233,-0.09028536081314087,-0.010783780517044761,-0.280825138092041,-0.16831475496292114,-0.07622393608278344,-0.17416054010391235,-0.1281414031982422,-0.055530823918047645,-0.15733999013900757,-0.08909910917282104,-0.02070383556372235,-0.2510600686073303,0.009738624095916748,-0.02480091542190621,-0.2663021385669708,-0.0630684494972229,-0.059856910409394004,-0.19728267192840576,-0.05207943916320801,-0.04263126865214417,-0.1886831521987915,-0.02136892080307007,-0.017938731389108398
HELP,0.0,0.0,0.0,-0.034675776958465576,-0.15827953815460205,-0.016985985917614244,-0.10415279865264893,-0.2903893291950226,-0.025459285361336015,-0.16411101818084717,-0.36945784091949463,-0.04035466117935016,-0.19573169946670532,-0.44706231355667114,-0.047723285389707826,-0.24474245309829712,-0.22075486183166504,0.02237124228699372,-0.2925769090652466,-0.2985866069793701,-0.02828687383012607,-0.20893388986587524,-0.26280611753463745,-0.05610737903194263,-0.15841370820999146,-0.21725228428840637,-0.0636748219855292,-0.26428741216659546,-0.1435173749923706,0.011965051757528045,-0.3127545118331909,-0.22309762239456177,-0.041810091120765946,-0.20826643705368042,-0.18661761283874512,-0.055468555075691484,-0.16327416896820068,-0.14748042821884155,-0.048028319609926484,-0.27094030380249023,-0.059012413024902344,-0.007648316679166101,-0.307297945022583,-0.1304956078529358,-0.056077137125299714,-0.21677130460739136,-0.109561026096344,-0.04112479789333179,-0.18469911813735962,-0.07765299081802368,-0.015117531178162835,-0.2664572596549988,0.03773057460784912,-0.029476124329136155,-0.29397836327552795,-0.03353452682495117,-0.05127533478813007,-0.23140013217926025,-0.038543522357940674,-0.029958594126270555,-0.2076265811920166,-0.017261087894439697,-0.004959433341042541
HELP,0.0,0.0,0.0,-0.026309728622436523,-0.15730664134025574,-0.02167138504734112,-0.08842480182647705,-0.29732203483581543,-0.0338483066385038,-0.1435827612876892,-0.3875407874584198,-0.05005832250168396,-0.1676570177078247,-0.4696985185146332,-0.056511426818872224,-0.21856766939163208,-0.22218310832977295,0.003874978274723162,-0.26449453830718994,-0.3079433739185333,-0.04575035954763962,-0.17986446619033813,-0.2716873586177826,-0.059230154854560624,-0.13527333736419678,-0.22658328711986542,-0.05665835599353386,-0.23996412754058838,-0.1501847207546234,-0.004961600535864363,-0.2852156162261963,-0.2495817095041275,-0.061932215941453705,-0.17572075128555298,-0.20290236175060272,-0.06527561928083969,-0.14647454023361206,-0.15587663650512695,-0.04967876757433487,-0.2511060833930969,-0.0716332197189331,-0.022306867418194543,-0.27634137868881226,-0.16466328501701355,-0.0782663845544107,-0.17813926935195923,-0.12952876091003418,-0.0583677203481443,-0.1613539457321167,-0.08543205261230469,-0.027572967586422692,-0.25134533643722534,0.021331429481506348,-0.04102662066867424,-0.27074819803237915,-0.06865262985229492,-0.06686862791826798,-0.2019328474998474,-0.0643349289894104,-0.04355221847941948,-0.18670910596847534,-0.030324161052703857,-0.016882950914407502
HELP,0.0,0.0,0.0,-0.012263774871826172,-0.15380123257637024,-0.03081881516698104,-0.07445347309112549,-0.29935096204280853,-0.04246546403589946,-0.13535535335540771,-0.38055263459682465,-0.054501701901585875,-0.16926300525665283,-0.44800418615341187,-0.056753125796944914,-0.21222960948944092,-0.21245978772640228,-0.007118379986764012,-0.25926899909973145,-0.2955605089664459,-0.052664008746774016,-0.17563629150390625,-0.2618585526943207,-0.06620663479986888,-0.13320434093475342,-0.21622657775878906,-0.0655138723653863,-0.23182278871536255,-0.13773873448371887,-0.009650043035776434,-0.278350293636322,-0.23440198600292206,-0.06462672428312999,-0.17123359441757202,-0.19149616360664368,-0.06908796803179484,-0.1381937861442566,-0.14361843466758728,-0.055031669150025664,-0.2421126365661621,-0.060171157121658325,-0.020320347334177313,-0.27097785472869873,-0.14496564865112305,-0.07518515811386806,-0.17627739906311035,-0.11330735683441162,-0.05697019473734599,-0.15744006633758545,-0.06849464774131775,-0.028029112900526343,-0.2428225874900818,0.029897570610046387,-0.03294458688321811,-0.2608402967453003,-0.05448082089424133,-0.06247721315446597,-0.19762539863586426,-0.04894852638244629,-0.04356511012736064,-0.1846262812614441,-0.011782169342041016,-0.01981880218806964
HELP,0.0,0.0,0.0,-0.007336556911468506,-0.15618479251861572,-0.025331626595857415,-0.08082062005996704,-0.30747777223587036,-0.02947827702939776,-0.13913458585739136,-0.39505694806575775,-0.03564347601115969,-0.15810799598693848,-0.46762615442276,-0.03175284615338114,-0.2097739577293396,-0.23317143321037292,0.00808656313836309,-0.2635853886604309,-0.30906081199645996,-0.04224990210116175,-0.17374759912490845,-0.2616400420665741,-0.058117075772884164,-0.12946999073028564,-0.21571725606918335,-0.057071606578233514,-0.23073869943618774,-0.1559290885925293,0.0031719869506332543,-0.2802368402481079,-0.24231469631195068,-0.056230503084066186,-0.16752713918685913,-0.18918836116790771,-0.05968487164557246,-0.13766586780548096,-0.14555585384368896,-0.042296203734281335,-0.24087858200073242,-0.07181471586227417,-0.01171452640176085,-0.2704400420188904,-0.14624714851379395,-0.0694269081074026,-0.17232972383499146,-0.10829311609268188,-0.05041996663987902,-0.1563512086868286,-0.07061153650283813,-0.01870622387707499,-0.24339687824249268,0.02091062068939209,-0.028430013867023263,-0.2628662586212158,-0.05041682720184326,-0.05525783723771838,-0.19649988412857056,-0.04084557294845581,-0.03587301349818972,-0.183782160282135,-0.010998010635375977,-0.01142759988636044
HELP,0.0,0.0,0.0,-0.016346633434295654,-0.15749001502990723,-0.026830839979538723,-0.0932191014289856,-0.30603623390197754,-0.03450178081084232,-0.15112709999084473,-0.39066892862319946,-0.04379108274270038,-0.17089802026748657,-0.46765896677970886,-0.04332500049758892,-0.2351638674736023,-0.2199661135673523,0.0025306094353254593,-0.27618148922920227,-0.30887824296951294,-0.04738008329559307,-0.1878320574760437,-0.26066431403160095,-0.06782134720970134,-0.1442660689353943,-0.20828497409820557,-0.0721660936801527,-0.2579483389854431,-0.1350906491279602,-0.0031164165670816146,-0.2958994507789612,-0.2328508496284485,-0.06109019467521648,-0.18164175748825073,-0.1841176152229309,-0.0680103684394453,-0.14791303873062134,-0.1356636881828308,-0.055972554775962635,-0.26769059896469116,-0.04573166370391846,-0.017863319310436054,-0.2902435064315796,-0.13443219661712646,-0.07425696501422863,-0.19030404090881348,-0.09905034303665161,-0.05630550259638767,-0.1735439896583557,-0.050737857818603516,-0.027743603157887264,-0.2656152844429016,0.05359584093093872,-0.03455734351564388,-0.27891606092453003,-0.030513763427734375,-0.06373516568828563,-0.21309536695480347,-0.023904800415039062,-0.044627306106576725,-0.20502853393554688,0.014743328094482422,-0.021388796213159367
HELP,0.0,0.0,0.0,-0.01121222972869873,-0.174471914768219,-0.02445336173298074,-0.08844095468521118,-0.3306504487991333,-0.028183556376120578,-0.15107494592666626,-0.4226870536804199,-0.03347961719157411,-0.17322295904159546,-0.499077171087265,-0.027670986233374606,-0.23034244775772095,-0.25230222940444946,0.0075712909641652,-0.2766728401184082,-0.34110695123672485,-0.04336629549982263,-0.1854187250137329,-0.28571653366088867,-0.05905396233322335,-0.14107424020767212,-0.22891151905059814,-0.058765446050188075,-0.25262486934661865,-0.16666680574417114,0.001511375903987755,-0.3041841685771942,-0.2687458395957947,-0.06448325256826593,-0.1840565800666809,-0.2144944667816162,-0.07099177430393411,-0.14855659008026123,-0.16563928127288818,-0.054505967749378215,-0.26238808035850525,-0.0767260193824768,-0.01354422162296487,-0.29260164499282837,-0.16615700721740723,-0.07643340270044519,-0.18629556894302368,-0.1281997561454773,-0.05658207203271104,-0.16923832893371582,-0.08187484741210938,-0.02317297386946393,-0.2618594765663147,0.02332669496536255,-0.03003032247545434,-0.28193598985671997,-0.06210744380950928,-0.060968333138248454,-0.21131879091262817,-0.05253469944000244,-0.040866208477041255,-0.20225095748901367,-0.014194369316101074,-0.015196016272625457
HELP,0.0,0.0,0.0,-0.019209742546081543,-0.16660547256469727,-0.016593429798319903,-0.08766084909439087,-0.3054508566856384,-0.021587885523274508,-0.14230561256408691,-0.38391315937042236,-0.03271841032250222,-0.16952139139175415,-0.45697689056396484,-0.036776007691457835,-0.23138493299484253,-0.22988778352737427,0.017511807775065336,-0.268929123878479,-0.3166140913963318,-0.030705498138502207,-0.18571466207504272,-0.2681067883968353,-0.05420078484161195,-0.13641691207885742,-0.21523618698120117,-0.06014185173256692,-0.2525312900543213,-0.15008705854415894,0.007403981333538923,-0.2927180528640747,-0.2429887056350708,-0.04548636598332223,-0.18979716300964355,-0.1895313262939453,-0.05441044045431909,-0.14909350872039795,-0.14143770933151245,-0.044032478312090007,-0.26152196526527405,-0.06252163648605347,-0.011527051756218043,-0.2890537679195404,-0.145940899848938,-0.06256733981712159,-0.1975487470626831,-0.10972708463668823,-0.04674887431605157,-0.17120665311813354,-0.06925362348556519,-0.02012003173871335,-0.2589964270591736,0.03784060478210449,-0.031928965428903666,-0.28026577830314636,-0.045289576053619385,-0.05619169173581895,-0.21795296669006348,-0.0370790958404541,-0.03490356875403222,-0.198868989944458,-0.004771709442138672,-0.01030500007613
HELP,0.0,0.0,0.0,-0.022649288177490234,-0.14620870351791382,-0.02556597020696927,-0.07527339458465576,-0.27452754974365234,-0.04271257993053723,-0.1246519684791565,-0.36098983883857727,-0.06411095660399724,-0.16298961639404297,-0.4347602128982544,-0.07731922667693425,-0.23430949449539185,-0.23846372961997986,0.006091332079506628,-0.26881399750709534,-0.3301260769367218,-0.04843145560693074,-0.19079560041427612,-0.2848547399044037,-0.0755490804858141,-0.14583230018615723,-0.23622781038284302,-0.0827231327838831,-0.2573217749595642,-0.16677221655845642,-0.0012538994032524897,-0.29104548692703247,-0.26835164427757263,-0.05598469402860928,-0.18821609020233154,-0.21945351362228394,-0.06379383009146977,-0.15123307704925537,-0.17356687784194946,-0.05251296188902188,-0.26720893383026123,-0.08310455083847046,-0.01843436945449639,-0.28287678956985474,-0.17868131399154663,-0.06933211487006474,-0.19267147779464722,-0.14320820569992065,-0.05105965536307622,-0.16871631145477295,-0.10129261016845703,-0.022716167832129486,-0.26473468542099,0.012070238590240479,-0.038331411296837814,-0.2762870192527771,-0.07593712210655212,-0.06087755736183453,-0.21538662910461426,-0.07014641165733337,-0.03878172066282559,-0.20245391130447388,-0.03786715865135193,-0.013392658422105796
HELP,0.0,0.0,0.0,-0.0249326229095459,-0.1615442931652069,-0.0212897066954838,-0.08534008264541626,-0.30057552456855774,-0.035124816465781805,-0.1343395709991455,-0.3917684853076935,-0.054451112169431326,-0.1557013988494873,-0.47897908091545105,-0.06587579147856104,-0.2343704104423523,-0.24011658132076263,0.012278306763960245,-0.2628602981567383,-0.32927536964416504,-0.0424594548527466,-0.1837964653968811,-0.286031574010849,-0.06945620523731577,-0.1374872922897339,-0.23831740021705627,-0.07687388407032358,-0.25769728422164917,-0.1658298373222351,0.0014779814522398738,-0.2845485806465149,-0.2707250714302063,-0.05699877114932406,-0.18190783262252808,-0.2153702974319458,-0.06800518231432306,-0.14658713340759277,-0.1651577353477478,-0.05813327105681765,-0.2687895894050598,-0.08305153250694275,-0.01885535428266394,-0.27925944328308105,-0.1809808760881424,-0.07528503285686838,-0.18672454357147217,-0.1399376392364502,-0.060113020706580755,-0.16460490226745605,-0.09698101878166199,-0.032464679795907614,-0.2659071087837219,0.011693507432937622,-0.04107610182802546,-0.2766109108924866,-0.08405119180679321,-0.06782407360117304,-0.2094740867614746,-0.07325473427772522,-0.04600254865329134,-0.19218748807907104,-0.03887096047401428,-0.019980442244218466
HELP,0.0,0.0,0.0,-0.009750604629516602,-0.16218814253807068,-0.02991923589530643,-0.07297921180725098,-0.32129618525505066,-0.04023095678809341,-0.1311945915222168,-0.4071604758501053,-0.051448424274951776,-0.1619105339050293,-0.47785091400146484,-0.05282026987794097,-0.2130807638168335,-0.24098555743694305,-0.003613474707037767,-0.25719547271728516,-0.33411887288093567,-0.051991903151304086,-0.17234116792678833,-0.29130060225725174,-0.06889509868148025,-0.1301952600479126,-0.23914732038974762,-0.07041161220791992,-0.23606151342391968,-0.1646939218044281,-0.007724879703403076,-0.2763438820838928,-0.2683592736721039,-0.06340191971781906,-0.16830384731292725,-0.21726912260055542,-0.06896944057467636,-0.1368105411529541,-0.1651044487953186,-0.05666151728752311,-0.24944686889648438,-0.08438444137573242,-0.020788199196488222,-0.27293407917022705,-0.17623010277748108,-0.07612997751954254,-0.1760464906692505,-0.13655996322631836,-0.0583278992426699,-0.15807390213012695,-0.08700859546661377,-0.03017354470017608,-0.2535667419433594,0.009247779846191406,-0.03603660028699096,-0.2677929997444153,-0.07852184772491455,-0.06472874891284164,-0.2025749683380127,-0.06895190477371216,-0.045520142580301126,-0.19167453050613403,-0.02829793095588684,-0.02230029825392421
HELP,0.0,0.0,0.0,-0.007316887378692627,-0.15790894627571106,-0.027213540529317015,-0.07484185695648193,-0.3160315454006195,-0.03128484510392582,-0.13422703742980957,-0.40100081264972687,-0.036888046791261786,-0.15289783477783203,-0.4661940485239029,-0.03298180424184238,-0.21085089445114136,-0.2438850700855255,0.005724596655511505,-0.25932788848876953,-0.3285181075334549,-0.044014728297895545,-0.17333155870437622,-0.27682316303253174,-0.06250434242696201,-0.12986189126968384,-0.22606614232063293,-0.06423821919173633,-0.23307180404663086,-0.16850805282592773,0.002006698729985601,-0.2799426317214966,-0.26340222358703613,-0.058870854457325095,-0.17282640933990479,-0.20241433382034302,-0.0668933229944173,-0.13932859897613525,-0.15164339542388916,-0.053206088622516745,-0.24325048923492432,-0.08959591388702393,-0.01114005189896261,-0.2700740694999695,-0.17073136568069458,-0.0699424284002248,-0.17518746852874756,-0.12794744968414307,-0.054545639683908576,-0.15405112504959106,-0.08734455704689026,-0.025076769893473738,-0.24614864587783813,0.0007284879684448242,-0.026269576182073706,-0.26500487327575684,-0.0760478675365448,-0.05566472061485683,-0.2020769715309143,-0.0631745457649231,-0.03948509939522182,-0.1880066990852356,-0.03283923864364624,-0.017200135295695418
HELP,0.0,0.0,0.0,-0.007843077182769775,-0.1588979959487915,-0.030307725550642317,-0.07757401466369629,-0.3233721852302551,-0.036686990888824766,-0.14114153385162354,-0.4077416956424713,-0.0440031332094577,-0.1649566888809204,-0.4816373884677887,-0.040868528666010207,-0.21827548742294312,-0.24712717533111572,0.0050936494823190515,-0.26371216773986816,-0.33483269810676575,-0.046326991649380034,-0.17485827207565308,-0.28043699264526367,-0.06395396265577347,-0.13600212335586548,-0.2278841733932495,-0.06491743448566467,-0.23939979076385498,-0.16931051015853882,0.000886755109263504,-0.2839328646659851,-0.26960596442222595,-0.06227502647232086,-0.17258548736572266,-0.20573657751083374,-0.0710933026988414,-0.144736647605896,-0.1532858908176422,-0.05748853135298759,-0.24888134002685547,-0.08741462230682373,-0.013142408350518053,-0.2778269648551941,-0.16899067163467407,-0.0762921911795047,-0.1767498254776001,-0.12384074926376343,-0.05988354283761055,-0.15850573778152466,-0.08321326971054077,-0.02874030220698387,-0.25085657835006714,0.00597614049911499,-0.0290098046083358,-0.27274221181869507,-0.07109463214874268,-0.060755193712225264,-0.20501530170440674,-0.05546927452087402,-0.042152934255113905,-0.19106239080429077,-0.023524999618530273,-0.01733830619048149
HELP,0.0,0.0,0.0,-0.012739241123199463,-0.1608981490135193,-0.029691401061484157,-0.0874282717704773,-0.3101460933685303,-0.03844654479331666,-0.14894908666610718,-0.39558935165405273,-0.048211581197449505,-0.1718122959136963,-0.47181427478790283,-0.04719435715384179,-0.23039937019348145,-0.22871112823486328,-0.0026765154980807893,-0.2762376666069031,-0.31268173456192017,-0.05262595706886941,-0.18563413619995117,-0.26257163286209106,-0.06898821064538652,-0.14135801792144775,-0.21044185757637024,-0.06966152706451112,-0.2518155574798584,-0.14638751745224,-0.006733963855424463,-0.2931748032569885,-0.23884618282318115,-0.06381595799035722,-0.17962437868118286,-0.1884903907775879,-0.06700447866029435,-0.14859652519226074,-0.14050596952438354,-0.05227640562958413,-0.26095080375671387,-0.0592840313911438,-0.020307262551853,-0.28584539890289307,-0.14275187253952026,-0.07765336253947908,-0.1840227246284485,-0.10864919424057007,-0.05795232498354608,-0.16511613130569458,-0.06553143262863159,-0.027792674613067447,-0.25906336307525635,0.03781062364578247,-0.036071061280438244,-0.27291005849838257,-0.04449981451034546,-0.06668580242700273,-0.20566219091415405,-0.039199650287628174,-0.04835201719112092,-0.19394218921661377,-0.005421042442321777,-0.025237725240060627
HELP,0.0,0.0,0.0,-0.009133100509643555,-0.16726166009902954,-0.026229928228815425,-0.08198666572570801,-0.3254576325416565,-0.033158848974665034,-0.1395646333694458,-0.415424108505249,-0.0416888287102779,-0.1618444323539734,-0.49187344312667847,-0.04010175446029507,-0.22615933418273926,-0.24345552921295166,0.0017424740551064133,-0.26801174879074097,-0.33514541387557983,-0.04748541394229733,-0.17904949188232422,-0.2866753935813904,-0.06409617418404423,-0.1333637833595276,-0.23297148942947388,-0.06523843759651982,-0.2469388246536255,-0.15999895334243774,-0.004565702266802418,-0.28965961933135986,-0.26354217529296875,-0.06620528453942143,-0.17455577850341797,-0.2109188437461853,-0.07287450039740406,-0.13784992694854736,-0.158777117729187,-0.0583281842803558,-0.25684821605682373,-0.0715024471282959,-0.019617185909112322,-0.2792178988456726,-0.1622406244277954,-0.07843270057793461,-0.17738497257232666,-0.12473142147064209,-0.059648177567680705,-0.15788710117340088,-0.0780949592590332,-0.028534487802346575,-0.25699371099472046,0.027141988277435303,-0.03652034604903065,-0.2718292474746704,-0.06067413091659546,-0.06582416499014698,-0.20343047380447388,-0.05416214466094971,-0.045872709695061076,-0.19146138429641724,-0.018302857875823975,-0.020963738653620112
HELP,0.0,0.0,0.0,-0.015324532985687256,-0.15556156635284424,-0.024813387532390152,-0.09011560678482056,-0.2976851463317871,-0.03208015671805242,-0.1512194275856018,-0.38002336025238037,-0.041269572441137825,-0.17460066080093384,-0.45283716917037964,-0.04133446699813703,-0.2382238507270813,-0.21659791469573975,0.003793253806747998,-0.27687299251556396,-0.3002948462963104,-0.044088838611401115,-0.18612366914749146,-0.25661349296569824,-0.06190756521061758,-0.13581472635269165,-0.20752406120300293,-0.06365686467722753,-0.2601674795150757,-0.1369512677192688,-0.0019383770307968007,-0.30301809310913086,-0.23578596115112305,-0.05838604084090093,-0.190962553024292,-0.18737661838531494,-0.06501900217369894,-0.1514001488685608,-0.1374538540840149,-0.05179962701038221,-0.2680572271347046,-0.05109196901321411,-0.016003966320909058,-0.2902139723300934,-0.14049267768859863,-0.07279238662556509,-0.1903420090675354,-0.10660648345947266,-0.055921936397112404,-0.16876554489135742,-0.06219136714935303,-0.026929343108690773,-0.2639469504356384,0.04740703105926514,-0.031391056243933235,-0.27988898754119873,-0.042481422424316406,-0.06049503571227888,-0.2110806107521057,-0.036533236503601074,-0.04043057001069883,-0.1962783932685852,-0.0014720559120178223,-0.015711845819510017
HELP,0.0,0.0,0.0,-0.02689152956008911,-0.16475728154182434,-0.012442230203532745,-0.06758242845535278,-0.286414235830307,-0.026497456201695968,-0.0926826000213623,-0.3810916244983673,-0.04901191867270427,-0.11136484146118164,-0.4604932367801666,-0.06377669326343494,-0.23144859075546265,-0.2230224460363388,0.021804350471711587,-0.24871313571929932,-0.3215497136116028,-0.03037313460686164,-0.16832637786865234,-0.29305651783943176,-0.05596059090771632,-0.11826092004776001,-0.24076436460018158,-0.06275959960498767,-0.2570376992225647,-0.16093595325946808,0.005334663248277138,-0.2738947868347168,-0.290345698595047,-0.05374591700115161,-0.17282652854919434,-0.23622770607471466,-0.06837154827394443,-0.13460707664489746,-0.17171671986579895,-0.06119194156804042,-0.2692202925682068,-0.09103335440158844,-0.019349706315779258,-0.26692646741867065,-0.20985056459903717,-0.07626388124504047,-0.1753583550453186,-0.16010090708732605,-0.06322732470312076,-0.15544605255126953,-0.09776166081428528,-0.03663505516328769,-0.2661760449409485,-0.0023527443408966064,-0.045137918510818054,-0.2626420259475708,-0.11276866495609283,-0.07422070852794604,-0.19827640056610107,-0.09738829731941223,-0.05288912630953746,-0.18611913919448853,-0.04896658658981323,-0.026558426165365745
HELP,0.0,0.0,0.0,-0.008279383182525635,-0.1610332429409027,-0.028179002562637834,-0.062079429626464844,-0.32074642926454544,-0.039160413304443864,-0.11232203245162964,-0.40935808420181274,-0.052101658294077424,-0.14003002643585205,-0.4809778481721878,-0.05592655540453961,-0.21134614944458008,-0.24348299205303192,0.0015744989643735607,-0.2436792254447937,-0.33948224782943726,-0.04741426707255414,-0.1630803346633911,-0.2960973083972931,-0.06587346420633367,-0.123435378074646,-0.24500423669815063,-0.06837472842084935,-0.23639190196990967,-0.16990968585014343,-0.003987428834761886,-0.26500165462493896,-0.28269317746162415,-0.06310867295610478,-0.15934854745864868,-0.22314798831939697,-0.07057287321435979,-0.12818127870559692,-0.16634798049926758,-0.05716821328746846,-0.25069135427474976,-0.09210285544395447,-0.018389403456922082,-0.2622794508934021,-0.19317227602005005,-0.07729168758737615,-0.16685116291046143,-0.14299802482128143,-0.06153677926408818,-0.15056747198104858,-0.08882251381874084,-0.03241963089453748,-0.2537919878959656,-0.0007754266262054443,-0.03472573832618764,-0.25869375467300415,-0.10064753890037537,-0.06575281695472768,-0.19446629285812378,-0.08349636197090149,-0.04732763544666341,-0.18452328443527222,-0.0384238064289093,-0.02293313444602063
HELP,0.0,0.0,0.0,0.007326483726501465,-0.16256573796272278,-0.025844803501570368,-0.05534595251083374,-0.3415620028972626,-0.027325060640180254,-0.11397719383239746,-0.4316301792860031,-0.03093871516426816,-0.13113343715667725,-0.5028456747531891,-0.025150059212649012,-0.18970531225204468,-0.2770678400993347,0.0122182011113523,-0.24403220415115356,-0.35709449648857117,-0.03541045864363923,-0.16113126277923584,-0.29498565196990967,-0.05028271903535142,-0.11871182918548584,-0.23654013872146606,-0.04960455228825822,-0.21275335550308228,-0.20197200775146484,0.007072751920020437,-0.2579236626625061,-0.2910259962081909,-0.05280349259516015,-0.15352457761764526,-0.22030067443847656,-0.06005744491955056,-0.1261957287788391,-0.16720682382583618,-0.04562386726280465,-0.2259865403175354,-0.12351584434509277,-0.00827092253854289,-0.25552231073379517,-0.19246059656143188,-0.06771126617928758,-0.16183221340179443,-0.1400301456451416,-0.05246923347255006,-0.14416462182998657,-0.09857761859893799,-0.022968002085292483,-0.23342293500900269,-0.03573530912399292,-0.025549611498320246,-0.2548730969429016,-0.10022047162055969,-0.05453248550435319,-0.19300132989883423,-0.0759432315826416,-0.03880935018202081,-0.1803637146949768,-0.04379093647003174,-0.01694749337872281
HELP,0.0,0.0,0.0,-0.016800224781036377,-0.16558769345283508,-0.021157908049247,-0.08162468671798706,-0.3179366886615753,-0.02633707484307024,-0.13072842359542847,-0.40818963944911957,-0.03485581537785265,-0.15260642766952515,-0.47796663641929626,-0.033938507345339985,-0.22356539964675903,-0.23476818203926086,0.00718261368496087,-0.25888651609420776,-0.3337301015853882,-0.04313821604552004,-0.1739037036895752,-0.2818449139595032,-0.06296659147443506,-0.13550609350204468,-0.22828799486160278,-0.06612867003383371,-0.24651306867599487,-0.1564200222492218,-0.0017967702875125724,-0.27878230810165405,-0.2662632465362549,-0.059849384036681386,-0.17329645156860352,-0.2009911835193634,-0.06829670703115198,-0.1492125391960144,-0.1458176076412201,-0.05755408739747736,-0.25814956426620483,-0.07449156045913696,-0.019710530322811337,-0.27887946367263794,-0.16936522722244263,-0.07816079145374033,-0.18348735570907593,-0.11901724338531494,-0.06127430012526247,-0.17031985521316528,-0.07105821371078491,-0.032898491975686284,-0.26125121116638184,0.01849609613418579,-0.03897733872832987,-0.2747480273246765,-0.0700068473815918,-0.06995312756004068,-0.21034878492355347,-0.050914883613586426,-0.05091608202161524,-0.20028173923492432,-0.011141836643218994,-0.027424455416223736
HELP,0.0,0.0,0.0,-0.01745009422302246,-0.15062600374221802,-0.02028131109335618,-0.07141655683517456,-0.28080493211746216,-0.033201713083769846,-0.1217876672744751,-0.36444687843322754,-0.05209838968374925,-0.15130656957626343,-0.43999114632606506,-0.06304945048549371,-0.21490705013275146,-0.23853862285614014,0.015799868883107138,-0.256725013256073,-0.3224727511405945,-0.041222944824482965,-0.1774754524230957,-0.28293296694755554,-0.0682917236969729,-0.1332794427871704,-0.23423701524734497,-0.07399305698135095,-0.23878902196884155,-0.1661892533302307,0.006102088404361439,-0.2759722173213959,-0.2555598020553589,-0.05380819734790521,-0.16931664943695068,-0.2047746777534485,-0.06306245919921594,-0.13736945390701294,-0.15480515360832214,-0.05109423768379884,-0.25240927934646606,-0.08197849988937378,-0.013910319624926615,-0.27343595027923584,-0.1699170470237732,-0.07182878252723413,-0.1797047257423401,-0.13029509782791138,-0.05527390909054475,-0.16211974620819092,-0.08323842287063599,-0.025684783203985262,-0.2569449245929718,0.016657531261444092,-0.035524051605250406,-0.27423185110092163,-0.06752240657806396,-0.060724310545708704,-0.20840775966644287,-0.05803990364074707,-0.03802587833860116,-0.19527781009674072,-0.022137761116027832,-0.011319585113312769
HELP,0.0,0.0,0.0,-0.03091740608215332,-0.14485260844230652,-0.009365920335653755,-0.07998502254486084,-0.25413960218429565,-0.020899157398048374,-0.12398099899291992,-0.32728564739227295,-0.04015423113912675,-0.15836071968078613,-0.391681432723999,-0.052467187293473216,-0.2176554799079895,-0.22703957557678223,0.014789325758215455,-0.2564047574996948,-0.32024627923965454,-0.034478773721161815,-0.1811111569404602,-0.29045528173446655,-0.0555945498725805,-0.1405637264251709,-0.2429293394088745,-0.05918308103889558,-0.24367421865463257,-0.1587863266468048,-0.0007117816802519883,-0.2773502469062805,-0.26723864674568176,-0.054662642427388164,-0.17312610149383545,-0.2198610007762909,-0.061936409570876094,-0.14148592948913574,-0.16602271795272827,-0.05033343786806199,-0.25876253843307495,-0.08071976900100708,-0.02391974943191144,-0.27591991424560547,-0.18837273120880127,-0.07612339908689592,-0.1834954023361206,-0.1491757035255432,-0.05827654282063577,-0.16443324089050293,-0.09670603275299072,-0.029870563544932338,-0.26144224405288696,0.012190580368041992,-0.04784807319254014,-0.2755626440048218,-0.08899983763694763,-0.0734141668161783,-0.20835280418395996,-0.08138233423233032,-0.05012357363909814,-0.19176405668258667,-0.041074156761169434,-0.02346312383622262
HELP,0.0,0.0,0.0,-0.01058495044708252,-0.15500327944755554,-0.025962084466698343,-0.04283761978149414,-0.28274568915367126,-0.046831838721516306,-0.06479692459106445,-0.38268017768859863,-0.0739547050838496,-0.0779309868812561,-0.47059470415115356,-0.09437161304998654,-0.20818305015563965,-0.24836359918117523,0.012973207114157503,-0.2271023392677307,-0.34176716208457947,-0.04483200975704449,-0.1540735363960266,-0.3116370439529419,-0.07750425108719128,-0.1024358868598938,-0.2610860913991928,-0.08823038258600491,-0.23832887411117554,-0.1849125325679779,0.0025802348459933455,-0.2670338749885559,-0.30890247225761414,-0.059700205857041055,-0.16930913925170898,-0.2523857206106186,-0.07590148218918102,-0.12411898374557495,-0.18759264051914215,-0.06733339645910519,-0.25552690029144287,-0.10754130780696869,-0.017984511265638048,-0.25577473640441895,-0.21920685470104218,-0.07847655930567043,-0.16876626014709473,-0.16771820187568665,-0.07071140029478329,-0.14569467306137085,-0.10859973728656769,-0.04501829289841908,-0.25750166177749634,-0.01541668176651001,-0.04078440361666935,-0.258944034576416,-0.11617504060268402,-0.07070155062723416,-0.19750595092773438,-0.10327458381652832,-0.05310856916952389,-0.18274837732315063,-0.061708420515060425,-0.028680350566389734
HELP,0.0,0.0,0.0,-0.007885932922363281,-0.16245174407958984,-0.024048054272242325,-0.0646219253540039,-0.32101118564605713,-0.03169638445407941,-0.10838133096694946,-0.420509934425354,-0.04233103399903371,-0.12570810317993164,-0.4978494942188263,-0.04485786488086774,-0.20367449522018433,-0.24196775257587433,0.006316975543342096,-0.24105969071388245,-0.3333260715007782,-0.040934810096331375,-0.15931010246276855,-0.288803368806839,-0.061358527893133896,-0.1141897439956665,-0.23603878915309906,-0.06508557652861668,-0.22586840391159058,-0.16394555568695068,-0.0006468709050011512,-0.2643093466758728,-0.2666309177875519,-0.05626367559463574,-0.1595919132232666,-0.20964542031288147,-0.06641389583975865,-0.12608695030212402,-0.15424823760986328,-0.05615856652886464,-0.23808854818344116,-0.08000010251998901,-0.016035405600376862,-0.26341620087623596,-0.16171208024024963,-0.06990742092759206,-0.1712425947189331,-0.12284964323043823,-0.05490846713811948,-0.15230661630630493,-0.07753106951713562,-0.02756153760284974,-0.2437554895877838,0.018582135438919067,-0.03303478812605931,-0.2634989321231842,-0.0599406361579895,-0.058733923042126435,-0.20160359144210815,-0.05457580089569092,-0.03785647233755185,-0.1876961588859558,-0.020415306091308594,-0.012811431342669266
HELP,0.0,0.0,0.0,0.0005913376808166504,-0.16829967498779297,-0.03013839249757666,-0.054803311824798584,-0.33585110306739807,-0.03916108099070925,-0.106151282787323,-0.43267808854579926,-0.049211236213125176,-0.12072765827178955,-0.5098775774240494,-0.050181599830068535,-0.1994994878768921,-0.26889652013778687,0.00044153845959726823,-0.2446720004081726,-0.3549167811870575,-0.050197681908286995,-0.16113042831420898,-0.2985314130783081,-0.07049998131839175,-0.11495089530944824,-0.24272194504737854,-0.07350865242329974,-0.22672006487846375,-0.18858978152275085,-0.004241777148820347,-0.2761591374874115,-0.28849363327026367,-0.06771349397746462,-0.17025643587112427,-0.22507280111312866,-0.07915774223653216,-0.13227367401123047,-0.1711195707321167,-0.06691484389153857,-0.24096360802650452,-0.10411494970321655,-0.017447542895354218,-0.2740837335586548,-0.1856270134449005,-0.07739813861695666,-0.1758543848991394,-0.13832157850265503,-0.06115174156872172,-0.15205800533294678,-0.09505641460418701,-0.030187961210287995,-0.24486210942268372,-0.007918357849121094,-0.03272182357756037,-0.2696223258972168,-0.08197611570358276,-0.06168352303353686,-0.2017013430595398,-0.06905233860015869,-0.041261798267044014,-0.18441545963287354,-0.04170787334442139,-0.015008098010696358
HELP,0.0,0.0,0.0,0.0005526542663574219,-0.17149847745895386,-0.03043729494481795,-0.057962775230407715,-0.342928022146225,-0.035926474809343745,-0.11460334062576294,-0.44133394956588745,-0.04264129567116015,-0.13219916820526123,-0.5186743587255478,-0.04028020295470469,-0.19886597990989685,-0.27157434821128845,0.0036835341326195703,-0.2517261505126953,-0.36128324270248413,-0.04734196755259745,-0.16993385553359985,-0.30850091576576233,-0.06691491845219844,-0.12034469842910767,-0.2532074451446533,-0.06835263463824504,-0.22471025586128235,-0.18951386213302612,0.0006284020220164166,-0.2761964797973633,-0.2877701222896576,-0.06261264029114955,-0.17046421766281128,-0.22612246870994568,-0.07374774160950892,-0.1284160017967224,-0.17223435640335083,-0.06144622954695933,-0.23751980066299438,-0.10167402029037476,-0.011784269094164301,-0.2752944231033325,-0.18435722589492798,-0.07305748257010691,-0.177118718624115,-0.13818764686584473,-0.05731199178069346,-0.14822328090667725,-0.09426611661911011,-0.026365707248146464,-0.24239009618759155,-0.002672851085662842,-0.026289968371088435,-0.27043071389198303,-0.08175116777420044,-0.05879052969783061,-0.20552459359169006,-0.06815296411514282,-0.040930463552172114,-0.18842560052871704,-0.03665882349014282,-0.016157957344944407
HELP,0.0,0.0,0.0,-0.0004279613494873047,-0.1663718819618225,-0.029095256255232016,-0.06461244821548462,-0.3402833044528961,-0.03431154742952458,-0.12512457370758057,-0.4375324249267578,-0.04061207503195874,-0.14745938777923584,-0.5128026008605957,-0.03786113068576924,-0.20632082223892212,-0.2673034071922302,-0.003343014066331307,-0.2630831003189087,-0.3536687195301056,-0.05444738224264256,-0.17823642492294312,-0.30346864461898804,-0.07060937538858525,-0.12843108177185059,-0.249919593334198,-0.06938542381044499,-0.23210692405700684,-0.17720210552215576,-0.00695685764890186,-0.28066080808639526,-0.26975423097610474,-0.07126427397247426,-0.16754251718521118,-0.2137172818183899,-0.07969879314418904,-0.1272403597831726,-0.16425496339797974,-0.06565772697445027,-0.2443827986717224,-0.08397179841995239,-0.01929506242390744,-0.2818339169025421,-0.16255778074264526,-0.0842193807673084,-0.17748293280601501,-0.12344509363174438,-0.0674547846626865,-0.148348867893219,-0.08355295658111572,-0.035412396789752165,-0.2480682134628296,0.01917630434036255,-0.03302166938897244,-0.27824780344963074,-0.058488309383392334,-0.06903267607208363,-0.2072652280330658,-0.05068707466125488,-0.051190152318440596,-0.1854531466960907,-0.022033989429473877,-0.025874813572727362
HELP,0.0,0.0,0.0,-0.014667332172393799,-0.16136997938156128,-0.022992537999584783,-0.07773017883300781,-0.3095923364162445,-0.033232902819349874,-0.12876248359680176,-0.39894065260887146,-0.048649681443407644,-0.15059155225753784,-0.479818731546402,-0.05681932129903089,-0.2220764458179474,-0.2392069697380066,0.010234483806357275,-0.26564207673072815,-0.32364141941070557,-0.04037327849312078,-0.1848192811012268,-0.2791738510131836,-0.06561381154699575,-0.13239461183547974,-0.22464245557785034,-0.07223899447365056,-0.2450125515460968,-0.1575256586074829,0.0008480125665073501,-0.2937312424182892,-0.25303226709365845,-0.05639687710447561,-0.18865346908569336,-0.20164793729782104,-0.06732137286110174,-0.1392306685447693,-0.14945310354232788,-0.056522344881727804,-0.25704053044319153,-0.06785601377487183,-0.017584617892339338,-0.28747835755348206,-0.15240037441253662,-0.07091425889177572,-0.19673365354537964,-0.11568081378936768,-0.05634511419577848,-0.16736936569213867,-0.07013595104217529,-0.029255632022454847,-0.2576983571052551,0.03431349992752075,-0.038226881707146276,-0.283612459897995,-0.0480538010597229,-0.06376658909960042,-0.2200423777103424,-0.04459655284881592,-0.04276677750988256,-0.19871753454208374,-0.012479841709136963,-0.017804741570785154
HELP,0.0,0.0,0.0,-0.016667187213897705,-0.16402655839920044,-0.027750380745771963,-0.06342381238937378,-0.3054981231689453,-0.04364130686843737,-0.116507887840271,-0.3977173864841461,-0.06412669312084063,-0.13896948099136353,-0.48456043004989624,-0.07673260610425814,-0.21000421047210693,-0.2566065788269043,0.013797347956653994,-0.24936261773109436,-0.3417728543281555,-0.04073222022378786,-0.17165404558181763,-0.2953757643699646,-0.06904401671016558,-0.12216782569885254,-0.24226003885269165,-0.07690110843503817,-0.23719489574432373,-0.1820717453956604,0.0070781089005436115,-0.28323113918304443,-0.2794308662414551,-0.05333744402850016,-0.18014848232269287,-0.22530099749565125,-0.06755597185218676,-0.13654345273971558,-0.17300814390182495,-0.05860818963373049,-0.2525039315223694,-0.09474200010299683,-0.009517254716399748,-0.2838265895843506,-0.18363195657730103,-0.06822679232681139,-0.18769890069961548,-0.14532995223999023,-0.053532354942205984,-0.15472161769866943,-0.10160505771636963,-0.023880923575404722,-0.25497424602508545,0.008800268173217773,-0.028410666099432547,-0.28188785910606384,-0.08021819591522217,-0.05737682472789629,-0.2138964831829071,-0.07594019174575806,-0.03573555540168627,-0.1894521713256836,-0.04657566547393799,-0.008345757088306982
HELP,0.0,0.0,0.0,-0.0077555179595947266,-0.16183900833129883,-0.023573210663585087,-0.06934040784835815,-0.332611083984375,-0.02660493386485996,-0.12114697694778442,-0.429239958524704,-0.03284224329092922,-0.14013975858688354,-0.506633996963501,-0.03235039693811359,-0.20664313435554504,-0.2634032964706421,0.013598694265397171,-0.2556416690349579,-0.3414117693901062,-0.034026088393716236,-0.17833226919174194,-0.2941681444644928,-0.05759393257596912,-0.12626296281814575,-0.243677020072937,-0.06295409259894313,-0.2305622100830078,-0.17932766675949097,0.006718157124282698,-0.2795354127883911,-0.26410770416259766,-0.048668595231561085,-0.17992347478866577,-0.20638984441757202,-0.06045824868181171,-0.13330936431884766,-0.15665870904922485,-0.05087297243574085,-0.2420676350593567,-0.08946496248245239,-0.009545427016405483,-0.2826680541038513,-0.15624243021011353,-0.06287712065079631,-0.1912403106689453,-0.11600112915039062,-0.048924794621257206,-0.1565779447555542,-0.07915693521499634,-0.021826975248245617,-0.24470722675323486,0.0117872953414917,-0.027983149714259525,-0.2774422764778137,-0.05500227212905884,-0.05409853366711559,-0.21387505531311035,-0.044203877449035645,-0.034968676246194264,-0.1880219578742981,-0.020009279251098633,-0.010856872625140568
HELP,0.0,0.0,0.0,0.008936405181884766,-0.1591355800628662,-0.025176663475008354,-0.05953347682952881,-0.33267104625701904,-0.024776228295536384,-0.12137848138809204,-0.42811769247055054,-0.025810437800259933,-0.14326709508895874,-0.49834996461868286,-0.01928770035681282,-0.19446855783462524,-0.2545871138572693,0.008483547194032326,-0.269878089427948,-0.31995099782943726,-0.03766470268544708,-0.18655604124069214,-0.2680214047431946,-0.05842462793168579,-0.13003039360046387,-0.2162911295890808,-0.06211090699014221,-0.21688246726989746,-0.16851353645324707,0.005002825463293448,-0.27906620502471924,-0.23229891061782837,-0.05248268187222038,-0.1730652153491974,-0.1766042709350586,-0.06376926466998611,-0.12532860040664673,-0.13456511497497559,-0.05336946860131775,-0.22144761681556702,-0.08826100826263428,-0.007606536207617864,-0.2645566463470459,-0.1264503002166748,-0.061776174755664215,-0.17359334230422974,-0.08879148960113525,-0.048560346068711624,-0.13974767923355103,-0.06051284074783325,-0.02137004450139557,-0.21592020988464355,-0.00782310962677002,-0.02229913003918682,-0.25250744819641113,-0.03795814514160156,-0.046322556735844955,-0.1935829222202301,-0.01996934413909912,-0.02875536732551609,-0.17004680633544922,-0.002292037010192871,-0.006373523792149172
HELP,0.0,0.0,0.0,0.017542600631713867,-0.1672837734222412,-0.03531111804318243,-0.040712714195251465,-0.3606926202774048,-0.04138681320023352,-0.10006093978881836,-0.4735376238822937,-0.047685750103710234,-0.12196004390716553,-0.5595343112945557,-0.045857504285095274,-0.18353790044784546,-0.29466694593429565,0.0014530247588027123,-0.2419576644897461,-0.3744497299194336,-0.046876788414238035,-0.15831750631332397,-0.33015429973602295,-0.06894885031056219,-0.10230255126953125,-0.27796828746795654,-0.0736184942491036,-0.21455222368240356,-0.19952231645584106,0.0008186528154965345,-0.2667132019996643,-0.285608172416687,-0.05826928494047934,-0.15376654267311096,-0.23656296730041504,-0.07080947635245138,-0.10007220506668091,-0.18564945459365845,-0.06130687174868399,-0.2287382185459137,-0.10358363389968872,-0.00969874979477936,-0.26672500371932983,-0.16913366317749023,-0.06874740151238257,-0.16274544596672058,-0.13844549655914307,-0.056947976625679075,-0.12018340826034546,-0.1013137698173523,-0.029881254113433897,-0.23113900423049927,-0.0050514936447143555,-0.02289124046933466,-0.2576080858707428,-0.06463289260864258,-0.05593248111676985,-0.18662264943122864,-0.05689209699630737,-0.04220856008601004,-0.15632596611976624,-0.031429290771484375,-0.021158701083777487
HELP,0.0,0.0,0.0,0.006035506725311279,-0.15652918815612793,-0.026046085888026482,-0.053304195404052734,-0.32935649156570435,-0.0317936481623633,-0.11431121826171875,-0.4372684359550476,-0.04091227219390703,-0.14509588479995728,-0.5195243656635284,-0.04364473164963556,-0.1900390088558197,-0.2611716389656067,0.0029800701705084975,-0.25750279426574707,-0.34499579668045044,-0.039821861097095734,-0.17886191606521606,-0.31467509269714355,-0.06228205726432634,-0.12464708089828491,-0.2627792954444885,-0.06820847258853746,-0.2165515124797821,-0.17312520742416382,-0.001343808387844092,-0.27983173727989197,-0.25907379388809204,-0.04734809116411043,-0.17629104852676392,-0.22641700506210327,-0.05874480099367929,-0.12219947576522827,-0.17745375633239746,-0.0533012689738257,-0.22915971279144287,-0.08265084028244019,-0.013678920240579373,-0.27930948138237,-0.1536598801612854,-0.0592708455114348,-0.18299847841262817,-0.13647878170013428,-0.04645842478561235,-0.13405972719192505,-0.09869462251663208,-0.023552339309333092,-0.23220491409301758,0.015258848667144775,-0.02857347928869558,-0.2757945656776428,-0.049404263496398926,-0.05476403401183916,-0.21165016293525696,-0.06395167112350464,-0.03920028150963617,-0.17163413763046265,-0.04876023530960083,-0.019123933994649178
HELP,0.0,0.0,0.0,-0.030858516693115234,-0.14427685737609863,-0.010477856985573908,-0.080008864402771,-0.2446608543395996,-0.023458866655175825,-0.12725692987442017,-0.31582707166671753,-0.044731360181515356,-0.16322088241577148,-0.3802909851074219,-0.05912352006072297,-0.2270113229751587,-0.2502172589302063,0.01805936333602176,-0.2551495432853699,-0.33496737480163574,-0.033290077253525396,-0.18121755123138428,-0.29681938886642456,-0.06263776893848672,-0.13232845067977905,-0.25066137313842773,-0.07285245533222451,-0.2547174096107483,-0.17739003896713257,0.0011898709728370704,-0.27924981713294983,-0.2761441469192505,-0.051573720081989904,-0.18111062049865723,-0.22851347923278809,-0.06263259078497185,-0.13569426536560059,-0.18606644868850708,-0.05437522034281983,-0.26810988783836365,-0.09182149171829224,-0.024209119632189413,-0.2762892246246338,-0.18218892812728882,-0.07292287076944604,-0.19096678495407104,-0.14889788627624512,-0.05854731078380837,-0.1610114574432373,-0.11351341009140015,-0.03368493567342057,-0.26523691415786743,0.008017241954803467,-0.05134124706620469,-0.2752833366394043,-0.07978421449661255,-0.0751008468412806,-0.21103620529174805,-0.07378149032592773,-0.05340977410907044,-0.18767166137695312,-0.0472719669342041,-0.02822872462803616
HELP,0.0,0.0,0.0,-0.009273290634155273,-0.15771007537841797,-0.024675578536346165,-0.0664207935333252,-0.31790637969970703,-0.03408154724712631,-0.11116349697113037,-0.41663306951522827,-0.04656693963880798,-0.12900233268737793,-0.49451154470443726,-0.0512079882490184,-0.20964127779006958,-0.25297194719314575,0.003514110384628566,-0.24791991710662842,-0.3423534035682678,-0.04545874773140213,-0.16910386085510254,-0.28609052300453186,-0.06920871390576622,-0.12318485975265503,-0.23051822185516357,-0.07570377989287636,-0.2355806827545166,-0.17323511838912964,-0.003959751879676787,-0.2719224691390991,-0.2730597257614136,-0.058494771556809155,-0.1715831756591797,-0.20911407470703125,-0.06796802087302467,-0.13191592693328857,-0.15331822633743286,-0.05852144836063644,-0.2515486478805542,-0.08555477857589722,-0.02023513680870792,-0.2762824296951294,-0.16727817058563232,-0.07214495046611091,-0.18844807147979736,-0.12208479642868042,-0.05664692326064369,-0.16453474760055542,-0.07485908269882202,-0.030615673126533238,-0.25858354568481445,0.014628171920776367,-0.03858158616895935,-0.2790337800979614,-0.0649176836013794,-0.0639667461680915,-0.21903324127197266,-0.053566038608551025,-0.04374009250278732,-0.2041814923286438,-0.01888144016265869,-0.020241514505698888
HELP,0.0,0.0,0.0,-0.01624852418899536,-0.16918283700942993,-0.012236365273452066,-0.07563066482543945,-0.3015627861022949,-0.00878978070602443,-0.13524138927459717,-0.38389337062835693,-0.01011200451091554,-0.15437448024749756,-0.4496014714241028,-0.0077751834577384216,-0.1867850422859192,-0.2502426505088806,0.04616478442414973,-0.26585817337036133,-0.27418726682662964,0.020005954273187854,-0.21591490507125854,-0.23051339387893677,-0.0017537542552190644,-0.16402024030685425,-0.18703001737594604,-0.00877815593764808,-0.2009751796722412,-0.18600445985794067,0.04480263202651713,-0.2717268764972687,-0.20157623291015625,0.013862646028542258,-0.21081304550170898,-0.1596328616142273,-0.007030652992284558,-0.16192567348480225,-0.12300270795822144,-0.008922635733938478,-0.20754528045654297,-0.12603890895843506,0.03586240842207644,-0.2632395625114441,-0.1366294026374817,0.009017390974008777,-0.2102310061454773,-0.1051519513130188,0.0069717325569627064,-0.1665007472038269,-0.07917457818984985,0.01833909734352801,-0.20298928022384644,-0.07009512186050415,0.025158304564797618,-0.25695568323135376,-0.06961971521377563,0.017266360886537768,-0.23107773065567017,-0.04845857620239258,0.025450788282000758,-0.20772135257720947,-0.03579229116439819,0.03910271807774279
HELP,0.0,0.0,0.0,-0.004967451095581055,-0.15309888124465942,-0.02726605043062591,-0.06522667407989502,-0.31174588203430176,-0.036352914499730105,-0.11572623252868652,-0.4142521321773529,-0.04814366318532848,-0.13341987133026123,-0.4952598214149475,-0.051761311220616335,-0.21186351776123047,-0.25600939989089966,0.0053471892861125525,-0.25788944959640503,-0.3289419114589691,-0.044307057487458223,-0.1775398850440979,-0.27770084142684937,-0.0668569288427534,-0.1260824203491211,-0.22825175523757935,-0.07089524783441448,-0.23898178339004517,-0.17092126607894897,0.0014587563018721994,-0.28024929761886597,-0.2484453320503235,-0.0515158034140768,-0.17568594217300415,-0.19465512037277222,-0.05945862524458789,-0.13494157791137695,-0.15506064891815186,-0.04853013597676181,-0.2531730830669403,-0.07844001054763794,-0.011875316242367262,-0.2817964553833008,-0.14274901151657104,-0.0654618672306242,-0.18806207180023193,-0.10632908344268799,-0.04749162189909839,-0.16057246923446655,-0.07299232482910156,-0.018595588135212893,-0.25670039653778076,0.024738430976867676,-0.027233076023549074,-0.2814081907272339,-0.041809141635894775,-0.05522267215201282,-0.21590620279312134,-0.03313189744949341,-0.0342280834192934,-0.19659703969955444,-0.008348345756530762,-0.008408979254454607
HELP,0.0,0.0,0.0,-0.007869362831115723,-0.17447900772094727,-0.02387644702707803,-0.061237990856170654,-0.33396223187446594,-0.03323291408037221,-0.11263662576675415,-0.4242231845855713,-0.04715535583113706,-0.1301468014717102,-0.5068045258522034,-0.05338646264885938,-0.20447641611099243,-0.2689204216003418,0.011088000813970211,-0.2517523467540741,-0.3535234034061432,-0.03733963312720334,-0.16967815160751343,-0.30129748582839966,-0.05674111636494672,-0.12171411514282227,-0.24334716796875,-0.05907774137472188,-0.23241564631462097,-0.18858766555786133,0.003421122644567731,-0.2826612591743469,-0.27642616629600525,-0.054471807350864765,-0.1761000156402588,-0.2184659242630005,-0.06500669362162625,-0.13394838571548462,-0.16726261377334595,-0.054028356244316456,-0.2489476203918457,-0.09754031896591187,-0.012965087575366852,-0.28701794147491455,-0.1771540641784668,-0.0698273831806091,-0.19008946418762207,-0.13615846633911133,-0.053789252211799976,-0.16078436374664307,-0.08973109722137451,-0.024535730277648327,-0.25653573870658875,0.009841561317443848,-0.0309940183362869,-0.2933405339717865,-0.06578046083450317,-0.05953573228930509,-0.223613440990448,-0.06543517112731934,-0.03727826269482648,-0.19827800989151,-0.040300965309143066,-0.010103943554213402
HELP,0.0,0.0,0.0,0.003622293472290039,-0.17070764303207397,-0.026596826102718296,-0.04577690362930298,-0.33638179302215576,-0.033989927332982006,-0.09361082315444946,-0.4326651990413666,-0.04382199661074537,-0.10791391134262085,-0.5119880437850952,-0.04483757780133146,-0.19749760627746582,-0.27852845191955566,0.005359185792372045,-0.2352479100227356,-0.3709137439727783,-0.04321894289194006,-0.1536819338798523,-0.3106275200843811,-0.06148514018593687,-0.1070600152015686,-0.2534237504005432,-0.06333980203805822,-0.22743135690689087,-0.1992245614528656,0.0006534534533102487,-0.2668319344520569,-0.2990264892578125,-0.059136732082947674,-0.16081517934799194,-0.22737151384353638,-0.06695603818832296,-0.12214446067810059,-0.17208656668663025,-0.05297728494940657,-0.24609696865081787,-0.1115836501121521,-0.012830833505972805,-0.26809388399124146,-0.19311758875846863,-0.07045352698503393,-0.17443490028381348,-0.1399938464164734,-0.05371703074513334,-0.15375840663909912,-0.09375900030136108,-0.02389557340381998,-0.2557772099971771,-0.008793294429779053,-0.02787705191610712,-0.2700205445289612,-0.08920556306838989,-0.056365976642950955,-0.20413178205490112,-0.07219153642654419,-0.03575115145383734,-0.19132232666015625,-0.03828555345535278,-0.010113919686659756
HELP,0.0,0.0,0.0,0.006390690803527832,-0.15389251708984375,-0.02655180699076709,-0.05446547269821167,-0.31641796231269836,-0.027424065087700455,-0.11554890871047974,-0.4060238003730774,-0.029033602838183015,-0.13384205102920532,-0.47926634550094604,-0.023854134295845597,-0.1937549114227295,-0.26261651515960693,0.01109053411636296,-0.2577226459980011,-0.31331294775009155,-0.030999729101324647,-0.1848616600036621,-0.2575777769088745,-0.050642132450605004,-0.13366174697875977,-0.20286285877227783,-0.054439242620730965,-0.21761870384216309,-0.18684029579162598,0.0097901088476533,-0.2747006416320801,-0.2377343773841858,-0.042793951620126336,-0.1848246455192566,-0.17721998691558838,-0.05571009187843856,-0.14147627353668213,-0.1304040551185608,-0.04771562262322959,-0.22449636459350586,-0.11818397045135498,-0.0004675079078992894,-0.26926347613334656,-0.1464412808418274,-0.05078896476771888,-0.19016963243484497,-0.10316002368927002,-0.043838403810525506,-0.15572410821914673,-0.07240664958953857,-0.021746344555879205,-0.21876248717308044,-0.048899173736572266,-0.012832079705560773,-0.25888848304748535,-0.0679863691329956,-0.038324653793836205,-0.20565536618232727,-0.041587114334106445,-0.027560963918233483,-0.1784253716468811,-0.02367079257965088,-0.009629391756618588
HELP,0.0,0.0,0.0,3.814697265625e-06,-0.154974102973938,-0.028444739173835387,-0.06458675861358643,-0.30948758125305176,-0.031108498688524833,-0.12694686651229858,-0.3998147249221802,-0.035052964579051604,-0.1504993438720703,-0.47349220514297485,-0.03244291443724023,-0.1980648636817932,-0.2483464479446411,0.013946760330611596,-0.2717389166355133,-0.29248046875,-0.029142014797514548,-0.1985977292060852,-0.24570739269256592,-0.05138554621834146,-0.14133751392364502,-0.19870054721832275,-0.056466562788671126,-0.2183045744895935,-0.16390907764434814,0.013630829636269937,-0.2820524573326111,-0.20389360189437866,-0.03877334121960985,-0.19109737873077393,-0.1561739444732666,-0.0544689280201851,-0.139384925365448,-0.12065136432647705,-0.04875982750553476,-0.22111952304840088,-0.08698862791061401,0.0038416822220028735,-0.27429330348968506,-0.11126577854156494,-0.047539135556405654,-0.1955278515815735,-0.0791810154914856,-0.04327765304941522,-0.1515953540802002,-0.05741775035858154,-0.02265038911599504,-0.20975962281227112,-0.015291333198547363,-0.008183453347271552,-0.2574803829193115,-0.027807652950286865,-0.036511195938771834,-0.20783847570419312,-0.00990283489227295,-0.02813016075987207,-0.17559868097305298,0.0017547607421875,-0.0110622226481496
HELP,0.0,0.0,0.0,0.027000844478607178,-0.1583300232887268,-0.034115224763752394,-0.023822367191314697,-0.3465997576713562,-0.04463503850996631,-0.07719284296035767,-0.45569756627082825,-0.05531373961269992,-0.0959671139717102,-0.5403395295143127,-0.058014630958439284,-0.16815423965454102,-0.29505759477615356,-0.006818301197142773,-0.21913835406303406,-0.3778619170188904,-0.05647677524387973,-0.1360567808151245,-0.33008646965026855,-0.07741032136976855,-0.08615803718566895,-0.2772035002708435,-0.08123720033466952,-0.1991438865661621,-0.21069711446762085,-0.008619512118400507,-0.24572789669036865,-0.30396848917007446,-0.06440120531618732,-0.13947343826293945,-0.25146621465682983,-0.07248263402283328,-0.09723663330078125,-0.20115935802459717,-0.06079849196970599,-0.21529817581176758,-0.11858749389648438,-0.0197044961750521,-0.23921048641204834,-0.19092154502868652,-0.07407939775288241,-0.1455785036087036,-0.1534598469734192,-0.05797477407753604,-0.11922171711921692,-0.11406087875366211,-0.030486296549440794,-0.22260650992393494,-0.018199026584625244,-0.03347891537845271,-0.23432064056396484,-0.08255642652511597,-0.0602733713239445,-0.16902202367782593,-0.07794612646102905,-0.04249089924991267,-0.15256696939468384,-0.0574076771736145,-0.020650723636151724
HELP,0.0,0.0,0.0,-0.005404353141784668,-0.14979106187820435,-0.019520124760674662,-0.06574153900146484,-0.3044382333755493,-0.023709994149612612,-0.1171795129776001,-0.3976193368434906,-0.03242078457515163,-0.13991707563400269,-0.47009024024009705,-0.034619510513948626,-0.20738887786865234,-0.2302466630935669,0.00603645959381538,-0.2579987049102783,-0.30816972255706787,-0.042287905109333224,-0.17722105979919434,-0.2675817608833313,-0.06549469043056888,-0.12228089570999146,-0.21517622470855713,-0.06999731470386905,-0.232649564743042,-0.14888113737106323,-0.002734133615376777,-0.28374195098876953,-0.2403632402420044,-0.053796246987985796,-0.18222671747207642,-0.19137990474700928,-0.0633041601304285,-0.13575994968414307,-0.14063996076583862,-0.05452705953757686,-0.24613016843795776,-0.059161484241485596,-0.019734809515284724,-0.28771334886550903,-0.13543975353240967,-0.07156185467283649,-0.19439655542373657,-0.10419249534606934,-0.055547230285810656,-0.15842610597610474,-0.06508123874664307,-0.028592830863999552,-0.25119438767433167,0.045190632343292236,-0.03819810633103771,-0.2892796993255615,-0.032896995544433594,-0.06626029719154758,-0.2235046625137329,-0.030491411685943604,-0.045552458954261965,-0.19364920258522034,-0.0027257800102233887,-0.020975826648282236
HELP,0.0,0.0,0.0,-0.020222961902618408,-0.15258091688156128,-0.020897775545790864,-0.05676907300949097,-0.2795677185058594,-0.037968093186691476,-0.10306888818740845,-0.3657744824886322,-0.06080032292015858,-0.14244526624679565,-0.43872445821762085,-0.07728638279445477,-0.20879584550857544,-0.27958330512046814,0.008953272707685755,-0.24929875135421753,-0.3665655553340912,-0.03990434634692974,-0.17797356843948364,-0.32466864585876465,-0.06641387718923397,-0.1310061812400818,-0.2675192058086395,-0.07466770488031216,-0.2412705421447754,-0.20810788869857788,-0.001205559128038658,-0.28204458951950073,-0.30508777499198914,-0.05149127694971867,-0.18371611833572388,-0.25021013617515564,-0.06244395825274296,-0.13804954290390015,-0.1930471956729889,-0.054525514721945,-0.2614574134349823,-0.12241977453231812,-0.02002837102122612,-0.2796633541584015,-0.21180421113967896,-0.06842730718858547,-0.1947534680366516,-0.16885200142860413,-0.05647190439708538,-0.1652836799621582,-0.11906516551971436,-0.03288785147674389,-0.26994433999061584,-0.02089601755142212,-0.04081021028764553,-0.29261666536331177,-0.10877025127410889,-0.06400883722312756,-0.2302244007587433,-0.101065993309021,-0.04318406957395382,-0.2089744508266449,-0.06667214632034302,-0.018798473879769517
HELP,0.0,0.0,0.0,0.0020322203636169434,-0.17165607213974,-0.02174797703690956,-0.04335665702819824,-0.33145415782928467,-0.030130824569539527,-0.08381390571594238,-0.4277994930744171,-0.04353820768363903,-0.0923510193824768,-0.5101134181022644,-0.04960856077440212,-0.19201481342315674,-0.2793702781200409,0.012170845147295495,-0.228292316198349,-0.3742319643497467,-0.03664140639074276,-0.15207844972610474,-0.31636589765548706,-0.058044991020040015,-0.10826432704925537,-0.25464385747909546,-0.0622075298167033,-0.2220459282398224,-0.20485371351242065,0.0030897652898715933,-0.2598062753677368,-0.3124145269393921,-0.05410743368037174,-0.16093981266021729,-0.23926180601119995,-0.06345917892821262,-0.12569499015808105,-0.17609065771102905,-0.051481215778665046,-0.24316644668579102,-0.11947622895240784,-0.014917879860774974,-0.2654179036617279,-0.21282246708869934,-0.07028391820557545,-0.1764758825302124,-0.15685588121414185,-0.05504675445325802,-0.15828180313110352,-0.10386219620704651,-0.027091974887923698,-0.2557283341884613,-0.017814159393310547,-0.03456631166108082,-0.2727336883544922,-0.1072203516960144,-0.06216734511025379,-0.20776256918907166,-0.08972233533859253,-0.041048905376271705,-0.19404220581054688,-0.05108487606048584,-0.015688114363626937
HELP,0.0,0.0,0.0,0.012889206409454346,-0.15959548950195312,-0.02660965696185258,-0.03735697269439697,-0.33672797679901123,-0.02922125309913781,-0.08655810356140137,-0.4343246817588806,-0.03389189169018891,-0.09603458642959595,-0.5051582604646683,-0.031328847261363535,-0.1749567985534668,-0.2740651071071625,0.008315637146836252,-0.23653662204742432,-0.353666216135025,-0.038924792411023645,-0.16179168224334717,-0.29185590147972107,-0.06145488992541459,-0.11260730028152466,-0.23270606994628906,-0.06682562232225564,-0.20249006152153015,-0.19720637798309326,0.003872431020965905,-0.2555414140224457,-0.27974754571914673,-0.05428725257723954,-0.1579214334487915,-0.20647448301315308,-0.06703105718105462,-0.11366021633148193,-0.15275788307189941,-0.05741235017984536,-0.21538817882537842,-0.12018203735351562,-0.009831538053447275,-0.25279808044433594,-0.17621558904647827,-0.06285572201221612,-0.17122697830200195,-0.12269699573516846,-0.05111980214923051,-0.14305907487869263,-0.08388471603393555,-0.02544034980445531,-0.2206195592880249,-0.03658103942871094,-0.026056095587307482,-0.2505171597003937,-0.08275419473648071,-0.04933289960234788,-0.19636180996894836,-0.059225499629974365,-0.03282919302790788,-0.1769634485244751,-0.03560364246368408,-0.01165400780945447
HELP,0.0,0.0,0.0,0.017350733280181885,-0.16674739122390747,-0.028599815419340757,-0.033609747886657715,-0.35765185952186584,-0.03149564189317289,-0.08179336786270142,-0.4646359086036682,-0.035525105869794515,-0.09622621536254883,-0.5411908030509949,-0.030795950418735174,-0.1813579499721527,-0.2988067865371704,0.005776764383142563,-0.22471368312835693,-0.3876684010028839,-0.04272338745596471,-0.1453181505203247,-0.32608163356781006,-0.06229868156316343,-0.09911894798278809,-0.2691345810890198,-0.06515902650954786,-0.2126757800579071,-0.21461725234985352,0.0015406253752985322,-0.24857479333877563,-0.31678324937820435,-0.05934873593452039,-0.1442081332206726,-0.24225842952728271,-0.06940833104255262,-0.10669994354248047,-0.1863250732421875,-0.057274837023044256,-0.2303241491317749,-0.1230059266090393,-0.01225033027532163,-0.24906176328659058,-0.20375913381576538,-0.07182229680421415,-0.15713298320770264,-0.14758050441741943,-0.05734606457355085,-0.13615918159484863,-0.10521423816680908,-0.028787115564966825,-0.23981651663780212,-0.02186906337738037,-0.02803981488051477,-0.2526060938835144,-0.09557795524597168,-0.05870100853445592,-0.18936920166015625,-0.07358825206756592,-0.041734583652043966,-0.1778048872947693,-0.04378104209899902,-0.01910680530073705
HELP,0.0,0.0,0.0,0.018444180488586426,-0.15024924278259277,-0.03125908793089138,-0.03082805871963501,-0.3215581178665161,-0.037161400626871455,-0.08937323093414307,-0.42173510789871216,-0.043831812303039897,-0.1124231219291687,-0.49825769662857056,-0.043616967360947,-0.18212679028511047,-0.254963755607605,-0.0011864633685831905,-0.23494994640350342,-0.3297111988067627,-0.04633556128618466,-0.14722305536270142,-0.2787495255470276,-0.0694430676209663,-0.09682542085647583,-0.21938961744308472,-0.07594425053474652,-0.21097028255462646,-0.16040122509002686,-0.0029963586400185704,-0.2608035206794739,-0.239180326461792,-0.05792533801076161,-0.14941954612731934,-0.18971502780914307,-0.07288268775818096,-0.09874635934829712,-0.13753193616867065,-0.06781977237341152,-0.22085681557655334,-0.07159489393234253,-0.012910131450269091,-0.2552757263183594,-0.13221430778503418,-0.06963841439363705,-0.1554853320121765,-0.10133808851242065,-0.06157525451061474,-0.11545532941818237,-0.0611957311630249,-0.03880230532166706,-0.21968716382980347,0.019095420837402344,-0.024763897146556246,-0.24823889136314392,-0.03842967748641968,-0.05628600911376225,-0.18152549862861633,-0.031615257263183594,-0.04285749615308987,-0.1516985297203064,-0.00559920072555542,-0.02337596760270344
HURT,0.0,0.0,0.0,-0.1071898341178894,-0.05132007598876953,-0.08145376903951274,-0.20810282230377197,-0.08395981788635254,-0.05506611106932269,-0.29039478302001953,-0.049692392349243164,-0.0028190424574177086,-0.3392588198184967,-0.03822678327560425,0.06465736167490377,-0.21360760927200317,-0.29921722412109375,0.022233599293826956,-0.3410826325416565,-0.2616894245147705,0.021424887198804754,-0.42577439546585083,-0.21918761730194092,0.0103643950632204,-0.485797643661499,-0.19429033994674683,0.005704701840727466,-0.20441412925720215,-0.21559852361679077,0.07560105012714757,-0.3146662712097168,-0.132185161113739,0.05955537917077436,-0.267209529876709,-0.0819135308265686,0.03525705398976697,-0.2074143886566162,-0.08211719989776611,0.033463412392734426,-0.20472866296768188,-0.14157050848007202,0.11678200351059331,-0.2986268997192383,-0.060650408267974854,0.07895992087185277,-0.24424296617507935,-0.017032265663146973,0.03356612609684362,-0.19779139757156372,-0.029534220695495605,0.024103624243139166,-0.19745272397994995,-0.08785659074783325,0.15307207541525258,-0.26854509115219116,-0.022501111030578613,0.10766336457788839,-0.23146593570709229,0.010042428970336914,0.0723334191924323,-0.18618780374526978,0.00898045301437378,0.06489112364113225
HURT,0.0,0.0,0.0,-0.04735690355300903,-0.13157200813293457,-0.042823070318021905,-0.13785523176193237,-0.22188961505889893,-0.04225636053136839,-0.24250489473342896,-0.20644402503967285,-0.03752796876482023,-0.30331724882125854,-0.15574443340301514,-0.024459270418205392,-0.2083330750465393,-0.2583546042442322,0.0203514493698691,-0.30233561992645264,-0.31072136759757996,0.006926851689300406,-0.3572210669517517,-0.32842952013015747,-0.0007231954439106403,-0.4154922366142273,-0.34546616673469543,-0.009896328330555093,-0.224623441696167,-0.168373703956604,0.022164652466258872,-0.2808001637458801,-0.18807125091552734,-0.005453921977945697,-0.2062469720840454,-0.15467530488967896,-0.009994163767018449,-0.19531595706939697,-0.15274399518966675,-0.004947880872109067,-0.22820228338241577,-0.08027970790863037,0.014194690964600909,-0.281563937664032,-0.09711575508117676,-0.03395252081803335,-0.19500643014907837,-0.07805502414703369,-0.02731005068174852,-0.18871694803237915,-0.07647925615310669,-0.010787168175497186,-0.22384893894195557,0.011848926544189453,0.0020844876928691747,-0.2630864381790161,-0.019398808479309082,-0.03088203597120298,-0.20381641387939453,-0.014629960060119629,-0.019580855623402726,-0.1949036717414856,-0.0009250640869140625,-0.005046805024662149
HURT,0.0,0.0,0.0,-0.017205476760864258,-0.10729587078094482,-0.020482737440858045,-0.11965274810791016,-0.22094714641571045,-0.019858101252708593,-0.23046481609344482,-0.21839070320129395,-0.020602015648279348,-0.28771746158599854,-0.15310430526733398,-0.0191303825567104,-0.20967644453048706,-0.2438957691192627,0.008680430371072134,-0.28195029497146606,-0.30065903067588806,-0.0039061865399219187,-0.33576467633247375,-0.33142855763435364,-0.006220636759195486,-0.3845442533493042,-0.3514364957809448,-0.013378885444495836,-0.2335515022277832,-0.15350788831710815,-0.00045256533567794577,-0.2651071548461914,-0.20277869701385498,-0.030953561757002035,-0.17073214054107666,-0.15740489959716797,-0.025810459498558203,-0.1560657024383545,-0.13170558214187622,-0.012947654221449056,-0.2369939088821411,-0.07375776767730713,-0.014440682586524645,-0.2662327289581299,-0.10781365633010864,-0.0634647885898687,-0.16917550563812256,-0.08802062273025513,-0.041628686581049124,-0.15580391883850098,-0.05854523181915283,-0.016904042903576055,-0.23356634378433228,0.018474459648132324,-0.029641881454978147,-0.260580837726593,-0.028399944305419922,-0.0679830888847448,-0.19352322816848755,-0.019694805145263672,-0.05006653988758103,-0.18310385942459106,0.008646488189697266,-0.030897896606717268
HURT,0.0,0.0,0.0,-0.02561187744140625,-0.11041373014450073,-0.025914229055729265,-0.1252034306526184,-0.22178363800048828,-0.029970887651529665,-0.2323756217956543,-0.2102111577987671,-0.03423579928823983,-0.29060161113739014,-0.142963707447052,-0.035984089201178904,-0.21175682544708252,-0.22339218854904175,0.0005331459582293974,-0.2886820435523987,-0.2792036533355713,-0.013324065668371077,-0.3440003991127014,-0.3119819164276123,-0.014738626381245012,-0.3954460620880127,-0.33179789781570435,-0.019786759814110155,-0.23166567087173462,-0.13100570440292358,-0.006021657096084709,-0.2709352374076843,-0.18631958961486816,-0.0333758122975496,-0.17298036813735962,-0.14846962690353394,-0.02563488630005395,-0.15928828716278076,-0.11735624074935913,-0.011099903447416182,-0.23258250951766968,-0.05299830436706543,-0.01760200743922269,-0.2663838267326355,-0.09317541122436523,-0.06385890168496644,-0.1685338020324707,-0.0799325704574585,-0.04102829245277917,-0.1569245457649231,-0.04386359453201294,-0.01545533684441125,-0.2250598669052124,0.035594940185546875,-0.030748290544238444,-0.2634366750717163,-0.013862669467926025,-0.06562434655972993,-0.19963610172271729,-0.015034973621368408,-0.04542757344790971,-0.18591642379760742,0.017773866653442383,-0.024594876518335695
HURT,0.0,0.0,0.0,-0.050287723541259766,-0.12528467178344727,-0.046188551591029636,-0.14667439460754395,-0.21752798557281494,-0.035927116529336445,-0.24725264310836792,-0.19489485025405884,-0.018387302414765827,-0.29848575592041016,-0.13669109344482422,0.007506874731490143,-0.19058865308761597,-0.2599326968193054,0.024226801811465748,-0.2942809462547302,-0.28976893424987793,0.011535245335409172,-0.34884291887283325,-0.2929011583328247,0.004611517178574331,-0.4066706895828247,-0.3010355532169342,-0.0020685041167496365,-0.20303183794021606,-0.1715911626815796,0.03302541036785556,-0.26965898275375366,-0.18053430318832397,-0.0005975686439967376,-0.197171151638031,-0.15758031606674194,-0.013622710139742367,-0.1733628511428833,-0.1518988013267517,-0.009478092783382408,-0.20700854063034058,-0.0858728289604187,0.03264046494544459,-0.26705384254455566,-0.08843928575515747,-0.023834554136982433,-0.17895632982254028,-0.07258468866348267,-0.026931991459122173,-0.16007626056671143,-0.06858181953430176,-0.010648236268451683,-0.20185476541519165,0.0038204193115234375,0.02942726050198985,-0.2547857165336609,-0.010132193565368652,-0.0102699945059328,-0.1951935887336731,-0.00586092472076416,-0.004406277680089943,-0.17364126443862915,0.007229328155517578,0.010602170943030842
HURT,0.0,0.0,0.0,-0.08520454168319702,-0.11379724740982056,-0.051659530046123336,-0.17578870058059692,-0.19120341539382935,-0.03328323924793608,-0.2685834765434265,-0.17964738607406616,-0.004873684624868702,-0.3141758441925049,-0.13681215047836304,0.03385962730393999,-0.17980211973190308,-0.2970658540725708,0.056771868822437455,-0.2926029562950134,-0.3091142177581787,0.059184813854557206,-0.3661036789417267,-0.3065575957298279,0.04980592241631143,-0.4235316812992096,-0.3075927793979645,0.040403181669574906,-0.1927223801612854,-0.19859206676483154,0.07716755008445375,-0.29218149185180664,-0.1942378282546997,0.05501701867328279,-0.24572628736495972,-0.16431879997253418,0.02783233111844652,-0.1983603835105896,-0.15389561653137207,0.023009525594574143,-0.19868481159210205,-0.10806465148925781,0.08704967981324785,-0.28283876180648804,-0.10136854648590088,0.04494455268726938,-0.2229202389717102,-0.07422536611557007,0.01690117640541189,-0.1834234595298767,-0.07335484027862549,0.01635398527727716,-0.19340121746063232,-0.025390684604644775,0.09323481654868715,-0.2610360383987427,-0.022676527500152588,0.05682550182686441,-0.21786844730377197,-0.00852292776107788,0.04249204507217996,-0.1776750683784485,-0.006661534309387207,0.044130204228025605
HURT,0.0,0.0,0.0,-0.08390158414840698,-0.11231184005737305,-0.05056866940162763,-0.17631888389587402,-0.19126558303833008,-0.03399595927498922,-0.2705930471420288,-0.17607134580612183,-0.007445663512271494,-0.3153800368309021,-0.1278439164161682,0.02884450618125811,-0.18671554327011108,-0.28803035616874695,0.051354166753071695,-0.2984803318977356,-0.3021441102027893,0.05285539541341677,-0.3693520128726959,-0.30005568265914917,0.04363872919179812,-0.42688339948654175,-0.3037845194339752,0.03412728074886218,-0.19896197319030762,-0.19318121671676636,0.07076349545218363,-0.29539573192596436,-0.18175357580184937,0.04801736835338488,-0.24600666761398315,-0.15208697319030762,0.023299594111222177,-0.2000366449356079,-0.14619451761245728,0.019379622004407793,-0.20387601852416992,-0.10348325967788696,0.08017686445214167,-0.2871854305267334,-0.08692193031311035,0.03777991298534289,-0.2227950096130371,-0.06351333856582642,0.013326953798014074,-0.1817488670349121,-0.06921148300170898,0.014436422548669725,-0.1979936957359314,-0.02077305316925049,0.08593286264635935,-0.26353776454925537,-0.011768937110900879,0.04844548616506472,-0.2161995768547058,-0.00026291608810424805,0.03546772587992564,-0.174979567527771,-0.004681885242462158,0.03786448825098887
HURT,0.0,0.0,0.0,-0.04160571098327637,-0.13081610202789307,-0.03665822836498478,-0.13511985540390015,-0.22684729099273682,-0.032854200330774574,-0.2412111759185791,-0.2145615816116333,-0.025997796085874825,-0.2977851629257202,-0.15125912427902222,-0.0127549217913554,-0.1923796534538269,-0.2509235739707947,0.018510499047835083,-0.2884622812271118,-0.3018535375595093,0.006225734493483515,-0.3392595648765564,-0.31528738141059875,-0.0002976847071920474,-0.39674341678619385,-0.328874409198761,-0.009067297903101235,-0.20905905961990356,-0.16456621885299683,0.01816064586003563,-0.2663336992263794,-0.1903623342514038,-0.013788945031564026,-0.19001299142837524,-0.16292732954025269,-0.021701795038978844,-0.17441368103027344,-0.1525089144706726,-0.018049440336625366,-0.21410763263702393,-0.07997751235961914,0.010049048821230144,-0.2685425281524658,-0.09670567512512207,-0.0426875846360133,-0.17954963445663452,-0.08311444520950317,-0.03769347908834675,-0.16579467058181763,-0.07250326871871948,-0.020352811542551308,-0.21269255876541138,0.010342001914978027,-0.0008287286518395831,-0.2603533864021301,-0.02382141351699829,-0.03724059927205303,-0.20058000087738037,-0.02442646026611328,-0.02621535117665985,-0.1835678219795227,-0.007466435432434082,-0.010786040676038056
HURT,0.0,0.0,0.0,-0.04408109188079834,-0.13898640871047974,-0.02974322197415802,-0.14489847421646118,-0.2348272204399109,-0.0319313233850238,-0.2460240125656128,-0.22340446710586548,-0.03558595237710449,-0.308218777179718,-0.1651906967163086,-0.03605464232542488,-0.2152380347251892,-0.2011423110961914,0.019550027871346742,-0.29945939779281616,-0.24956142902374268,0.005954050073242456,-0.3514750003814697,-0.2808800935745239,0.0029075288547488753,-0.4037438929080963,-0.2976810336112976,-0.0015346096262049969,-0.2259817123413086,-0.11966043710708618,0.01511892917177704,-0.2800201177597046,-0.176832377910614,-0.017526730349445074,-0.19236809015274048,-0.1495448350906372,-0.016614958098315924,-0.1786971092224121,-0.11829209327697754,-0.004132541747921437,-0.22684448957443237,-0.04626655578613281,0.0027684057930770223,-0.27305227518081665,-0.10036319494247437,-0.05280161408164474,-0.17719364166259766,-0.08511519432067871,-0.04113832992889854,-0.16807299852371216,-0.04624515771865845,-0.017370163848781317,-0.22331076860427856,0.034352898597717285,-0.011132587133133143,-0.270252525806427,-0.03054910898208618,-0.047347122257733076,-0.21109533309936523,-0.03179013729095459,-0.03258319703319046,-0.2005874514579773,0.0068566203117370605,-0.014349114535534113
HURT,0.0,0.0,0.0,-0.05026298761367798,-0.12316650152206421,-0.02582598376809031,-0.14855796098709106,-0.20942986011505127,-0.035592083742603364,-0.24087607860565186,-0.2050166130065918,-0.04903556864498526,-0.30019742250442505,-0.1372525691986084,-0.061515287419542375,-0.2239096760749817,-0.15306788682937622,0.009657765815273223,-0.30543214082717896,-0.20067083835601807,-0.008327282888576093,-0.36207664012908936,-0.23795104026794434,-0.012193954473122659,-0.414857417345047,-0.2570338249206543,-0.015989628543838563,-0.2346823811531067,-0.07407593727111816,0.0019317045409756872,-0.2894243001937866,-0.1465822458267212,-0.0367734589779225,-0.1958104968070984,-0.13094836473464966,-0.036397282888874116,-0.1741148829460144,-0.08667641878128052,-0.021465423440321985,-0.2346324920654297,-0.007144749164581299,-0.011864432988449636,-0.2798430919647217,-0.07978516817092896,-0.06712554108141333,-0.18382471799850464,-0.07446974515914917,-0.05129591088531882,-0.1682581901550293,-0.0234605073928833,-0.023706161340459886,-0.22678130865097046,0.06842267513275146,-0.026946329435094896,-0.27071064710617065,-0.009802699089050293,-0.06383251856802374,-0.21020609140396118,-0.021535634994506836,-0.04772553678391844,-0.1931474208831787,0.021473169326782227,-0.027008411397918763
HURT,0.0,0.0,0.0,-0.04767632484436035,-0.11441737413406372,-0.03923316489906625,-0.14847397804260254,-0.1962202787399292,-0.04880057092757539,-0.24503278732299805,-0.1726728081703186,-0.05743609186263399,-0.30370038747787476,-0.10880035161972046,-0.061747210137561126,-0.21538877487182617,-0.14586418867111206,0.0005914780404268072,-0.3043075203895569,-0.1812664270401001,-0.024202279783800407,-0.3556217551231384,-0.20680952072143555,-0.0295426287129672,-0.41025274991989136,-0.2208106517791748,-0.03272228877992944,-0.2224603295326233,-0.06344377994537354,0.0008024000190047786,-0.28004056215286255,-0.10961180925369263,-0.041629733555033965,-0.18785059452056885,-0.1022576093673706,-0.03932351063938455,-0.1729271411895752,-0.07257956266403198,-0.023408049754813476,-0.22068095207214355,0.007135152816772461,-0.007355106100455089,-0.268638014793396,-0.037749648094177246,-0.06866055916996316,-0.17554134130477905,-0.042863547801971436,-0.05190533217044191,-0.16343271732330322,-0.00559389591217041,-0.02285177450628595,-0.21176987886428833,0.08212250471115112,-0.01773644428701715,-0.2596142292022705,0.025195538997650146,-0.05811781253667192,-0.20140737295150757,0.010504841804504395,-0.042053224556163116,-0.18564844131469727,0.04981040954589844,-0.02025869864971952
HURT,0.0,0.0,0.0,-0.05519014596939087,-0.11243551969528198,-0.0490997354237237,-0.15462583303451538,-0.1967354416847229,-0.04757456804792071,-0.2551509141921997,-0.15030837059020996,-0.03850783358494425,-0.3124869465827942,-0.08975082635879517,-0.02239414069036627,-0.2027011513710022,-0.23109441995620728,0.005665220346500632,-0.3100182116031647,-0.23622536659240723,-0.016158807530800345,-0.3641369342803955,-0.22999519109725952,-0.026015037178794387,-0.42293497920036316,-0.22646015882492065,-0.03255680526773119,-0.21225965023040771,-0.1389617919921875,0.015135335296591279,-0.2835010886192322,-0.14382898807525635,-0.027248249828616622,-0.2089526653289795,-0.13087689876556396,-0.03963861565271998,-0.1817847490310669,-0.12460237741470337,-0.03250022928396845,-0.2143789529800415,-0.05368095636367798,0.016373673945864198,-0.2776339054107666,-0.04911285638809204,-0.04407084311525011,-0.18762284517288208,-0.04882913827896118,-0.04046042214314127,-0.1644883155822754,-0.04494166374206543,-0.018065582468906882,-0.20332980155944824,0.032607972621917725,0.014761405557592866,-0.2600867748260498,0.0193558931350708,-0.025608606144587043,-0.2017764449119568,0.01685279607772827,-0.014524051427642348,-0.1788386106491089,0.03534728288650513,0.005746210951556918
HURT,0.0,0.0,0.0,-0.05921173095703125,-0.11311691999435425,-0.06024405349107553,-0.15977054834365845,-0.19394409656524658,-0.05127672094913294,-0.2610635757446289,-0.16408538818359375,-0.0295847485593157,-0.3189869523048401,-0.11926263570785522,0.0028145896450979535,-0.20233005285263062,-0.25084635615348816,0.019811894855777723,-0.31130239367485046,-0.25363463163375854,0.00808039970634411,-0.37570279836654663,-0.2387034296989441,0.0001333235652083431,-0.43488290905952454,-0.2331508994102478,-0.0065143773152129825,-0.21023285388946533,-0.15697640180587769,0.03902624931124876,-0.28983473777770996,-0.15082669258117676,0.012049969396869642,-0.22359365224838257,-0.12786108255386353,0.0015555417578099195,-0.1956249475479126,-0.13251519203186035,0.007312662079314691,-0.21065646409988403,-0.0689200758934021,0.04705070715336035,-0.2783951759338379,-0.05985057353973389,-0.0034167071624295886,-0.198830246925354,-0.04712998867034912,-0.009069235884268778,-0.18332380056381226,-0.05816447734832764,0.0041468405344886605,-0.20257723331451416,0.016923248767852783,0.050726659707109434,-0.2557520270347595,0.01614171266555786,0.011024023517350656,-0.19731706380844116,0.02198559045791626,0.01199688401011656,-0.17732036113739014,0.024674654006958008,0.02356011804131697
HURT,0.0,0.0,0.0,-0.09620136022567749,-0.13052672147750854,-0.0680608347624343,-0.20644378662109375,-0.19606196880340576,-0.05470439126787596,-0.30536291003227234,-0.15926605463027954,-0.02967337226567679,-0.3438703417778015,-0.08285832405090332,0.005171080249567694,-0.22286003828048706,-0.2940923571586609,0.05462475785913057,-0.3437435030937195,-0.29357051849365234,0.059741324874778456,-0.4231894612312317,-0.27352434396743774,0.051125104668756194,-0.4790933430194855,-0.25344905257225037,0.04264086404742784,-0.23234474658966064,-0.1895429491996765,0.0809368967443902,-0.3386364281177521,-0.15535706281661987,0.06873415702881402,-0.2892736792564392,-0.12776201963424683,0.04741661915483064,-0.23757046461105347,-0.12948960065841675,0.04284472310843057,-0.22644400596618652,-0.08894121646881104,0.09280713194908685,-0.31426575779914856,-0.05437594652175903,0.05069558987321443,-0.2510759234428406,-0.04426157474517822,0.010593289639075465,-0.20258879661560059,-0.055853068828582764,0.0012029135965008209,-0.2083064317703247,-0.0012950897216796875,0.09907606536449975,-0.280335396528244,0.004499554634094238,0.052328801843543715,-0.23884248733520508,0.008402347564697266,0.02270976187588758,-0.19026321172714233,0.00808805227279663,0.012977250050028033
HURT,0.0,0.0,0.0,-0.07233494520187378,-0.149197518825531,-0.027531327062068733,-0.19324350357055664,-0.22486504912376404,-0.0331381683580263,-0.2997881770133972,-0.18918243050575256,-0.04136616116088465,-0.3606894314289093,-0.10826283693313599,-0.047591039293227944,-0.26881200075149536,-0.17733275890350342,0.018467078603090492,-0.36171549558639526,-0.21742230653762817,0.006792747101964203,-0.42206627130508423,-0.243524432182312,-0.0006074691999389259,-0.4800584614276886,-0.251459002494812,-0.010597154811738285,-0.27084988355636597,-0.08729618787765503,0.00963175917345449,-0.33757951855659485,-0.13442569971084595,-0.017345187567888054,-0.24456524848937988,-0.1287052035331726,-0.019057006888805184,-0.22248989343643188,-0.11328905820846558,-0.011853301279960426,-0.26092028617858887,-0.004685342311859131,-0.005943884921042475,-0.3242107927799225,-0.05016547441482544,-0.05514126395505503,-0.22031062841415405,-0.0605236291885376,-0.041160789632020744,-0.1998732089996338,-0.03425318002700806,-0.018633977823673042,-0.24336951971054077,0.08165484666824341,-0.023612025507508072,-0.31121325492858887,0.023606479167938232,-0.0559604664675577,-0.24264228343963623,0.003316521644592285,-0.035986875497518334,-0.21486502885818481,0.030051589012145996,-0.015708812826095375
HURT,0.0,0.0,0.0,-0.07341128587722778,-0.12906336784362793,-0.02126606551409793,-0.17765319347381592,-0.20087912678718567,-0.0322542879492147,-0.27054715156555176,-0.1953941285610199,-0.051159622123847726,-0.3257228434085846,-0.11503255367279053,-0.0696760993212564,-0.26152366399765015,-0.1327689290046692,0.027653811523308036,-0.34882211685180664,-0.17535680532455444,0.005100204167504785,-0.40909671783447266,-0.21460115909576416,-0.0031640501454575087,-0.45807281136512756,-0.23507580161094666,-0.008080940669785264,-0.2645651698112488,-0.05216407775878906,0.015693226853002784,-0.3304443657398224,-0.11990845203399658,-0.02986769003273082,-0.2338390350341797,-0.12489408254623413,-0.0322167407482965,-0.20448219776153564,-0.09200191497802734,-0.01563639563919139,-0.2579827308654785,0.020079731941223145,-0.0039851902745766665,-0.30951809883117676,-0.056590735912323,-0.06577355225981307,-0.21139824390411377,-0.06878423690795898,-0.05041337569655013,-0.1848311424255371,-0.023860692977905273,-0.01931824532748294,-0.24208766222000122,0.10246235132217407,-0.024987453570972207,-0.29075223207473755,0.01709604263305664,-0.0639913584798677,-0.2298603057861328,-0.006587207317352295,-0.046276157698045495,-0.2058456540107727,0.030259013175964355,-0.02209757452310157
HURT,0.0,0.0,0.0,-0.0704413652420044,-0.11760604381561279,-0.025138156715115656,-0.1726529598236084,-0.1989057958126068,-0.040256060886463274,-0.2668362855911255,-0.2011568546295166,-0.06264289491184627,-0.3227185606956482,-0.12431454658508301,-0.08418416999586498,-0.25561362504959106,-0.12622588872909546,0.022095126804629217,-0.33734092116355896,-0.17520439624786377,-0.00809593241967832,-0.39209914207458496,-0.2155209183692932,-0.020146506133755793,-0.44145745038986206,-0.2411910593509674,-0.026436144712647547,-0.2621116638183594,-0.04697597026824951,0.011984509189346682,-0.32167816162109375,-0.11286133527755737,-0.038424447405418505,-0.22272413969039917,-0.11539709568023682,-0.040437054115614046,-0.1975313425064087,-0.08612608909606934,-0.023737741860827555,-0.2579951882362366,0.02546292543411255,-0.006417834426542868,-0.306666761636734,-0.05308431386947632,-0.07302059255846416,-0.2077394723892212,-0.06122308969497681,-0.05385325499185001,-0.18057137727737427,-0.018107950687408447,-0.01978991762109672,-0.2434852123260498,0.10887044668197632,-0.0264432823688594,-0.28846675157546997,0.011743247509002686,-0.07000957452066814,-0.22465944290161133,-0.008345603942871094,-0.051296301412662615,-0.20022714138031006,0.0310937762260437,-0.0251020828665105
HURT,0.0,0.0,0.0,-0.03892958164215088,-0.11263298988342285,-0.027575151675137022,-0.14038705825805664,-0.20126551389694214,-0.03402988766947601,-0.2394273281097412,-0.1840991973876953,-0.043375571870001295,-0.29277095198631287,-0.11357444524765015,-0.05164742624083374,-0.19316715002059937,-0.15099388360977173,0.014593256025818846,-0.27666422724723816,-0.19725078344345093,-0.001975201914774516,-0.3301818370819092,-0.23143720626831055,-0.00509578190440152,-0.38054120540618896,-0.2512360215187073,-0.008806267433556059,-0.21251660585403442,-0.07207882404327393,0.009401616960076353,-0.28328830003738403,-0.11980539560317993,-0.03393829023161743,-0.19684255123138428,-0.11557817459106445,-0.03808724289456222,-0.1654706597328186,-0.08045178651809692,-0.02480183323541496,-0.21966421604156494,-0.003190755844116211,-0.0018953421681544569,-0.27933037281036377,-0.05679154396057129,-0.060452216916473844,-0.18594038486480713,-0.05857306718826294,-0.04735716586628769,-0.1556125283241272,-0.013164162635803223,-0.020311498694809416,-0.2202485203742981,0.07617455720901489,-0.014250613429339865,-0.27229923009872437,0.008657872676849365,-0.05451938664236877,-0.21187984943389893,-0.0009690523147583008,-0.04199929689684723,-0.18675392866134644,0.038169682025909424,-0.023003106617125013
HURT,0.0,0.0,0.0,-0.030092358589172363,-0.11319071054458618,-0.03127074358369697,-0.13621878623962402,-0.20016425848007202,-0.03433657181765426,-0.24014776945114136,-0.17940163612365723,-0.03704389301444877,-0.2917308807373047,-0.11179298162460327,-0.03817190346624244,-0.19126778841018677,-0.1785936951637268,0.0068375191154004256,-0.2684746980667114,-0.22412562370300293,-0.009296349485772737,-0.31764617562294006,-0.25010859966278076,-0.01499472302700866,-0.3688371181488037,-0.264182448387146,-0.02156646852697719,-0.20742404460906982,-0.09370863437652588,0.006676212648493163,-0.2699797749519348,-0.12785714864730835,-0.029933911984223016,-0.18957161903381348,-0.1166948676109314,-0.03359240782763351,-0.16197115182876587,-0.08920270204544067,-0.0241234984746157,-0.20996695756912231,-0.017610132694244385,0.0007871719394856314,-0.26288002729415894,-0.04889863729476929,-0.053533354078787454,-0.1729034185409546,-0.05194765329360962,-0.039991998349684366,-0.14353477954864502,-0.02086007595062256,-0.015375619058865198,-0.20566153526306152,0.06453084945678711,-0.006368887846726068,-0.2569255828857422,0.011412203311920166,-0.043570571815031656,-0.20336824655532837,0.0072953104972839355,-0.02959736367072452,-0.1838352084159851,0.04333817958831787,-0.011043365349429735
HURT,0.0,0.0,0.0,-0.018834292888641357,-0.11388170719146729,-0.05793230246986525,-0.11939465999603271,-0.22338461875915527,-0.05725405376638548,-0.23465704917907715,-0.20623934268951416,-0.044435404355184005,-0.2983388900756836,-0.15316927433013916,-0.024628454933420585,-0.16803127527236938,-0.2851722240447998,-0.010906566979841159,-0.2683562636375427,-0.3241189122200012,-0.03838049259270804,-0.327902615070343,-0.33154547214508057,-0.0538803712674536,-0.39031869173049927,-0.34313905239105225,-0.06580714892830031,-0.19070881605148315,-0.19142770767211914,0.003136772548302247,-0.26956942677497864,-0.21608424186706543,-0.04304352786625998,-0.18818533420562744,-0.1727888584136963,-0.05465944122757094,-0.1538069248199463,-0.15683728456497192,-0.04696897428716795,-0.2071724832057953,-0.10093379020690918,0.008675230552896096,-0.27428776025772095,-0.11670327186584473,-0.05610170226778166,-0.17742633819580078,-0.0879935622215271,-0.049054265136376785,-0.14671510457992554,-0.07638275623321533,-0.024411492163793014,-0.2118450403213501,-0.007287561893463135,0.010980469991906716,-0.26398253440856934,-0.03365439176559448,-0.03730246063555853,-0.1981223225593567,-0.020299077033996582,-0.02731321204687731,-0.16974693536758423,-0.0011191368103027344,-0.006966337675706313
HURT,0.0,0.0,0.0,-0.043456852436065674,-0.11463290452957153,-0.0715046380433364,-0.1404147744178772,-0.21931827068328857,-0.0743575622114463,-0.24911615252494812,-0.19519484043121338,-0.06157058894365264,-0.3113254904747009,-0.14076393842697144,-0.03582924648850394,-0.1941606104373932,-0.29287493228912354,-0.015662251484684475,-0.30397307872772217,-0.323852002620697,-0.046003193107537754,-0.362975537776947,-0.3262740969657898,-0.06234910011022521,-0.4293539226055145,-0.3377932906150818,-0.07405848845570517,-0.2146969437599182,-0.19395792484283447,0.002388281769015066,-0.2824046313762665,-0.21136504411697388,-0.03383320241897536,-0.19411048293113708,-0.1703992486000061,-0.03540158688753081,-0.177931547164917,-0.1726720929145813,-0.024711806771449574,-0.22575196623802185,-0.09904968738555908,0.008109154666669838,-0.2935619354248047,-0.1146080493927002,-0.05039262443511916,-0.19267010688781738,-0.08184194564819336,-0.041079715338639744,-0.181036114692688,-0.0871630311012268,-0.018266972598723896,-0.225655198097229,-0.0008750557899475098,0.007821755970724098,-0.27707037329673767,-0.022317469120025635,-0.03590117811887694,-0.20741072297096252,-0.012356042861938477,-0.025804477256826885,-0.19115126132965088,-0.005232036113739014,-0.008139647056452759
HURT,0.0,0.0,0.0,-0.06706970930099487,-0.10068535804748535,-0.08246380792314767,-0.17409908771514893,-0.19579166173934937,-0.08079236702377557,-0.2818944752216339,-0.16763293743133545,-0.05991978527362107,-0.34643417596817017,-0.10882002115249634,-0.02507113994414567,-0.22158583998680115,-0.2881087064743042,-0.0009348376499360711,-0.3437299430370331,-0.3000420331954956,-0.020466154006669512,-0.41363078355789185,-0.28897881507873535,-0.0354610975211358,-0.48180121183395386,-0.2872195243835449,-0.0466220560794568,-0.23507818579673767,-0.18262642621994019,0.029147349732568273,-0.3181636929512024,-0.16599053144454956,-0.0006291119227057607,-0.24533501267433167,-0.13444006443023682,-0.010401134875962725,-0.22068411111831665,-0.1461464762687683,-0.004562622432956687,-0.2402239441871643,-0.0831301212310791,0.04561729027574302,-0.31461048126220703,-0.06979018449783325,-0.006590320759812585,-0.2284391224384308,-0.05058997869491577,-0.014101849434325686,-0.2098722755908966,-0.07045572996139526,-0.001956511319974652,-0.2345796823501587,0.008565306663513184,0.05534095733111144,-0.28818488121032715,0.012362957000732422,0.012324379260292062,-0.2265569269657135,0.01614624261856079,0.009832743058552751,-0.20230633020401,0.008367061614990234,0.01994221514706851
HURT,0.0,0.0,0.0,-0.074249267578125,-0.11287057399749756,-0.06277887252451819,-0.18988019227981567,-0.20203715562820435,-0.05442054298998755,-0.3025020658969879,-0.17219316959381104,-0.0335272747028057,-0.35678473114967346,-0.09274417161941528,-0.0010619458911378388,-0.23413103818893433,-0.28422969579696655,0.026349072257858097,-0.3568313419818878,-0.29343563318252563,0.015255342150908291,-0.42669957876205444,-0.281913697719574,0.005116503598969757,-0.4930950403213501,-0.27704256772994995,-0.004356641409117401,-0.24599385261535645,-0.18224257230758667,0.04423754932997781,-0.3313063979148865,-0.17748725414276123,0.015362476843279183,-0.2579236626625061,-0.14896094799041748,0.003542687191497862,-0.232889324426651,-0.15048354864120483,0.008470137516837895,-0.24860110878944397,-0.08308809995651245,0.050054232503157436,-0.3270447254180908,-0.07812231779098511,-0.003083211223724902,-0.23713937401771545,-0.060178160667419434,-0.01049530514808339,-0.21407490968704224,-0.06261175870895386,0.00241891798270899,-0.24067184329032898,0.01321476697921753,0.050829670305233776,-0.30134835839271545,0.010365128517150879,0.008719431149643242,-0.23766547441482544,0.009608089923858643,0.008449898945968926,-0.20861482620239258,0.01182091236114502,0.019697817887049496
HURT,0.0,0.0,0.0,-0.05983543395996094,-0.13290834426879883,-0.024677808672066703,-0.16880196332931519,-0.21361961960792542,-0.03764421986031152,-0.26943811774253845,-0.20685845613479614,-0.05693360538768388,-0.322078675031662,-0.12101095914840698,-0.07615243019151308,-0.2565115988254547,-0.13960111141204834,0.015056321121875271,-0.34374919533729553,-0.17935973405838013,-0.009990375764544979,-0.40399670600891113,-0.21231424808502197,-0.018026375487323776,-0.4590000808238983,-0.22843623161315918,-0.02397964270400621,-0.25915101170539856,-0.05422860383987427,0.0042101989538707585,-0.32357552647590637,-0.1262233853340149,-0.04527151332783319,-0.21907997131347656,-0.12985217571258545,-0.047007543310400024,-0.19217777252197266,-0.09318619966506958,-0.03009163336443521,-0.24921005964279175,0.018778562545776367,-0.013391044266398922,-0.2986904978752136,-0.05954653024673462,-0.08117558182763673,-0.1946786642074585,-0.07233989238739014,-0.06448242188977815,-0.17025864124298096,-0.02673041820526123,-0.031972599491354003,-0.22959965467453003,0.09720486402511597,-0.031671223506208435,-0.27730804681777954,0.009331345558166504,-0.07596766324328996,-0.2110658586025238,-0.014577507972717285,-0.05793896810698129,-0.18798547983169556,0.024679481983184814,-0.03285841764497377
HURT,0.0,0.0,0.0,-0.03768116235733032,-0.11354827880859375,-0.03193104683661829,-0.15288668870925903,-0.21575018763542175,-0.04245315908694636,-0.2620459496974945,-0.18747252225875854,-0.05496216609382998,-0.3215706944465637,-0.11029142141342163,-0.06583594202304255,-0.24576544761657715,-0.17569494247436523,3.742871201950493e-05,-0.3350544571876526,-0.2144823670387268,-0.02379000230932604,-0.39751678705215454,-0.24143636226654053,-0.029024649851564277,-0.4545702487230301,-0.25183016061782837,-0.03384883745813738,-0.2560134530067444,-0.07810342311859131,-0.0061559746717847474,-0.31170839071273804,-0.12998038530349731,-0.05069922327304255,-0.207322359085083,-0.12464761734008789,-0.049382225119117606,-0.186725914478302,-0.09161734580993652,-0.03317973434234034,-0.24948963522911072,0.00010985136032104492,-0.018344400890711654,-0.29740703105926514,-0.047647833824157715,-0.08122318654561411,-0.19141340255737305,-0.05440628528594971,-0.059297096424344886,-0.1712377667427063,-0.014535486698150635,-0.027162384681943763,-0.23118430376052856,0.08566433191299438,-0.03199854909682642,-0.2798249423503876,0.023870527744293213,-0.0760131892492808,-0.21100559830665588,0.009199142456054688,-0.05547186031246554,-0.19058185815811157,0.0444522500038147,-0.02970770417952906
HURT,0.0,0.0,0.0,-0.017411410808563232,-0.11250528693199158,-0.04069380241395493,-0.14409741759300232,-0.20984578132629395,-0.04650414514304657,-0.2725878357887268,-0.1691075563430786,-0.047134903845801546,-0.322509229183197,-0.07262766361236572,-0.04371181282164116,-0.23204663395881653,-0.23010167479515076,-0.015692304474725915,-0.33253559470176697,-0.25831174850463867,-0.04281055333973427,-0.3972732424736023,-0.269984632730484,-0.05593638646365662,-0.46193262934684753,-0.273448646068573,-0.06904143991829415,-0.24619242548942566,-0.12148433923721313,-0.014472578307106687,-0.3046318292617798,-0.14950251579284668,-0.06114724057675858,-0.19976115226745605,-0.1329948902130127,-0.06207053142549057,-0.17275398969650269,-0.10565859079360962,-0.049327691671862794,-0.24222314357757568,-0.02855139970779419,-0.01890259387852211,-0.2937470078468323,-0.045156121253967285,-0.0815692484653141,-0.1858852207660675,-0.054544150829315186,-0.057900609103455736,-0.15746796131134033,-0.0299837589263916,-0.026501759541645242,-0.22704237699508667,0.07131397724151611,-0.025346306738867952,-0.2740536630153656,0.03229445219039917,-0.07007512601973076,-0.20317670702934265,0.0237654447555542,-0.04881603049994965,-0.1834833025932312,0.05150705575942993,-0.023808847767725183
HURT,0.0,0.0,0.0,-0.02629530429840088,-0.11607646942138672,-0.06010830231241471,-0.14998507499694824,-0.2205606997013092,-0.055162230657856526,-0.2749846875667572,-0.19114696979522705,-0.037059204804222645,-0.3346365690231323,-0.11876404285430908,-0.007341776660155119,-0.21893766522407532,-0.2740171551704407,-0.01436730396233088,-0.3337457478046417,-0.3048931360244751,-0.049606556224148335,-0.3907209634780884,-0.31024324893951416,-0.06643447481326348,-0.46040117740631104,-0.32253021001815796,-0.0791500901453901,-0.23248612880706787,-0.16732603311538696,-0.0038299678475368637,-0.29500266909599304,-0.18495848774909973,-0.054681802319805684,-0.1934790015220642,-0.15584304928779602,-0.060318688082020344,-0.17790257930755615,-0.14752286672592163,-0.05021907963089234,-0.23770275712013245,-0.0683245062828064,-0.0041101669543195385,-0.2935672402381897,-0.07113128900527954,-0.07382643424205071,-0.1825914978981018,-0.060463786125183105,-0.06168532200388199,-0.17311814427375793,-0.06022751331329346,-0.035941464977781834,-0.2320556938648224,0.030876874923706055,-0.008784489857475819,-0.2756446599960327,0.017191827297210693,-0.05490558050803429,-0.20174017548561096,0.015241026878356934,-0.04036785491041428,-0.1874193549156189,0.029875218868255615,-0.019492855446856083
HURT,0.0,0.0,0.0,-0.06144171953201294,-0.12142571806907654,-0.05880519027179787,-0.17620837688446045,-0.211317241191864,-0.06102493802374909,-0.2923847436904907,-0.1693078577518463,-0.05483088666862557,-0.35346919298171997,-0.09160840511322021,-0.038394969201746676,-0.2512744665145874,-0.24687880277633667,0.0039484102622537876,-0.36232200264930725,-0.2824487090110779,-0.01817403758234093,-0.4210546761751175,-0.2899898886680603,-0.028121780849161837,-0.48944130539894104,-0.29720890522003174,-0.0378131384617717,-0.2615043818950653,-0.1415116786956787,0.010811143309709337,-0.32689014077186584,-0.14914977550506592,-0.030313812441292498,-0.23343399167060852,-0.1316196620464325,-0.03711562255686829,-0.22026699781417847,-0.12845546007156372,-0.029355500138464663,-0.2576797306537628,-0.04212045669555664,0.006698289641079214,-0.31849899888038635,-0.043734192848205566,-0.058312028891506884,-0.2125793695449829,-0.04650849103927612,-0.052974939591351244,-0.20327675342559814,-0.045580387115478516,-0.031732958055201266,-0.24197137355804443,0.05946958065032959,-0.0019655081099898553,-0.2936094403266907,0.034440815448760986,-0.04742748314804146,-0.2225719690322876,0.02010059356689453,-0.03657419631547043,-0.2048400640487671,0.03203403949737549,-0.018385472021165583
HURT,0.0,0.0,0.0,-0.06648051738739014,-0.11805713176727295,-0.02144328479052149,-0.1795756220817566,-0.20149731636047363,-0.03859365519464575,-0.2761169672012329,-0.18652820587158203,-0.06300471138537489,-0.327355295419693,-0.09630507230758667,-0.08789716076434217,-0.27641138434410095,-0.13005027174949646,0.011576734740728511,-0.35248714685440063,-0.19116318225860596,-0.011593593958323822,-0.4100601077079773,-0.239243745803833,-0.019843851889973507,-0.46241042017936707,-0.26813340187072754,-0.027500837783819065,-0.2835027277469635,-0.03898119926452637,-0.0026899005505498508,-0.3289828896522522,-0.12480813264846802,-0.04579976734102331,-0.22176524996757507,-0.11482852697372437,-0.04620873716056906,-0.19995909929275513,-0.0717841386795044,-0.03173816364586912,-0.2722323536872864,0.0347936749458313,-0.022299438457494603,-0.30880600214004517,-0.05079388618469238,-0.08315216165364347,-0.2055608630180359,-0.05537140369415283,-0.06472600411952101,-0.1888587474822998,-0.0046825408935546875,-0.03475083198726736,-0.24921005964279175,0.11232227087020874,-0.04252191793501936,-0.2906464636325836,0.01868504285812378,-0.0821227223831471,-0.22322127223014832,-0.004108250141143799,-0.060880144800549374,-0.20283615589141846,0.03391760587692261,-0.03581108313382231
HURT,0.0,0.0,0.0,-0.06631916761398315,-0.11580824851989746,-0.031287066733369784,-0.17037498950958252,-0.19703015685081482,-0.05104486653758045,-0.2678051292896271,-0.19265997409820557,-0.07564719775868411,-0.3244398832321167,-0.10706007480621338,-0.09848224381161685,-0.26135990023612976,-0.11244547367095947,0.010095613913705392,-0.34163200855255127,-0.16852453351020813,-0.023269103934893565,-0.3964453339576721,-0.21438711881637573,-0.03581625605178829,-0.4487408995628357,-0.24635499715805054,-0.04311311626983638,-0.26654917001724243,-0.027847647666931152,0.00037835790831763916,-0.32524198293685913,-0.10584771633148193,-0.0530852974410152,-0.22141572833061218,-0.10913652181625366,-0.0552045815641975,-0.20168650150299072,-0.07243162393569946,-0.038861140703687624,-0.2581263780593872,0.042672574520111084,-0.017732298096547083,-0.3018696904182434,-0.04638701677322388,-0.08941489467574115,-0.20015877485275269,-0.05604439973831177,-0.0721052513475513,-0.18380260467529297,-0.003917098045349121,-0.03963362807584758,-0.2390875220298767,0.1196826696395874,-0.03740936527205463,-0.2768806517124176,0.018929481506347656,-0.08597956607295032,-0.21153178811073303,-0.0014128684997558594,-0.0697115735168552,-0.19492483139038086,0.04676109552383423,-0.045622404759654955
HURT,0.0,0.0,0.0,-0.05826073884963989,-0.10593658685684204,-0.03373985119637268,-0.1733221411705017,-0.1834794282913208,-0.048455668022000964,-0.27189934253692627,-0.1405087411403656,-0.06570433579858559,-0.32674193382263184,-0.05805879831314087,-0.08200023822959679,-0.24811938405036926,-0.12173044681549072,0.004570277067756479,-0.33270806074142456,-0.16016101837158203,-0.017899847929442103,-0.3939257860183716,-0.19156306982040405,-0.023524328474962886,-0.4470852017402649,-0.21133464574813843,-0.028054370884859736,-0.2541806101799011,-0.03043508529663086,-0.0006453813310542955,-0.3204336166381836,-0.08103251457214355,-0.04292424150284546,-0.2278904914855957,-0.0902361273765564,-0.044211347927415545,-0.20458728075027466,-0.061234891414642334,-0.029773355801665957,-0.2453879415988922,0.043738484382629395,-0.012394697745406802,-0.29878270626068115,-0.01211702823638916,-0.07445053510841149,-0.20041686296463013,-0.031333088874816895,-0.05872942261871117,-0.17667007446289062,0.011419117450714111,-0.0300878746109845,-0.22587665915489197,0.12424719333648682,-0.025473433886730845,-0.28143006563186646,0.05714142322540283,-0.06948030494626778,-0.21756118535995483,0.03125506639480591,-0.05310772486504334,-0.1936149001121521,0.06787091493606567,-0.03055764861878174
HURT,0.0,0.0,0.0,-0.04318380355834961,-0.10208195447921753,-0.032164582880483295,-0.16282165050506592,-0.19298779964447021,-0.04259773519848409,-0.2703419327735901,-0.14064538478851318,-0.0537264550945622,-0.32105594873428345,-0.04669898748397827,-0.06321007934425893,-0.24862143397331238,-0.15722021460533142,0.00500438046614704,-0.32220175862312317,-0.1949617862701416,-0.01619159978841367,-0.37766921520233154,-0.21347635984420776,-0.02045785998021188,-0.42959266901016235,-0.2218112051486969,-0.024869764121518756,-0.2589190900325775,-0.052600741386413574,0.0001898277408542981,-0.3113451600074768,-0.09441745281219482,-0.03828094330643239,-0.20746654272079468,-0.08811914920806885,-0.03544116941307607,-0.18735945224761963,-0.05828589200973511,-0.019285635920510913,-0.2497689127922058,0.028491079807281494,-0.010781430537150527,-0.292776882648468,-0.004770040512084961,-0.07000815299366536,-0.19025051593780518,-0.018599331378936768,-0.048633558573470737,-0.16917955875396729,0.016735970973968506,-0.018255414339051868,-0.22881069779396057,0.11533457040786743,-0.022757561775193835,-0.27638566493988037,0.06651312112808228,-0.06435807970379415,-0.2089557945728302,0.051410973072052,-0.0430559496304852,-0.18741542100906372,0.08608466386795044,-0.01741673600886884
HURT,0.0,0.0,0.0,-0.03710132837295532,-0.10165154933929443,-0.06556119490880974,-0.16687089204788208,-0.16230851411819458,-0.0647947313310624,-0.2803276479244232,-0.10699480772018433,-0.05005678255577095,-0.3258087635040283,-0.02009481191635132,-0.026147539732050973,-0.23043403029441833,-0.22191211581230164,-0.0154417976783634,-0.33539485931396484,-0.21543556451797485,-0.04263060633559235,-0.3911581039428711,-0.19410967826843262,-0.055682615381670075,-0.45383697748184204,-0.18089687824249268,-0.0665930854203225,-0.2358889877796173,-0.11687564849853516,0.00031316518550283945,-0.3063564896583557,-0.09784793853759766,-0.046335832220506745,-0.2164701521396637,-0.08633482456207275,-0.05328746606130608,-0.18723607063293457,-0.08802205324172974,-0.04314506520051964,-0.23028337955474854,-0.01777714490890503,0.00580701045225851,-0.29518264532089233,0.002232849597930908,-0.06025260780472763,-0.19666814804077148,-0.004671454429626465,-0.051902336073112565,-0.17449408769607544,-0.009288489818572998,-0.02748457994778164,-0.21253743767738342,0.07787930965423584,0.006605670317071599,-0.2614823281764984,0.07850098609924316,-0.04310216103215225,-0.1974961757659912,0.06690859794616699,-0.03549891058821686,-0.17534089088439941,0.07248812913894653,-0.018006297764372903
HURT,0.0,0.0,0.0,-0.06897938251495361,-0.10596132278442383,-0.06566812046611403,-0.19184595346450806,-0.17522943019866943,-0.06216364675009345,-0.301005482673645,-0.11076974868774414,-0.04623848893487548,-0.34839504957199097,-0.020205140113830566,-0.019302298732043255,-0.24747687578201294,-0.2211247682571411,0.0077655059770336266,-0.35547155141830444,-0.21750342845916748,-0.013634381301642406,-0.4135735332965851,-0.19545841217041016,-0.026499460868478764,-0.47732311487197876,-0.1771056056022644,-0.03746497579658126,-0.2487398386001587,-0.11775475740432739,0.023021558813809406,-0.3201618194580078,-0.0984453558921814,-0.013220040544808853,-0.23803260922431946,-0.09356433153152466,-0.022891679264546383,-0.22345536947250366,-0.10022509098052979,-0.017402462147117603,-0.2387399971485138,-0.021410763263702393,0.026265938349126827,-0.3040342330932617,0.0033798813819885254,-0.034849862985254276,-0.20817530155181885,-0.009791254997253418,-0.0357893066927204,-0.1946728229522705,-0.018826186656951904,-0.018688627935887325,-0.21730107069015503,0.07513314485549927,0.024407126523612988,-0.276201069355011,0.08236950635910034,-0.022161287672759045,-0.21131175756454468,0.0592801570892334,-0.017697117708564747,-0.18641281127929688,0.05525612831115723,-0.003523506641329277
HURT,0.0,0.0,0.0,-0.07218265533447266,-0.12108492851257324,-0.041654511952181394,-0.19201916456222534,-0.19334566593170166,-0.05447582122065597,-0.29741406440734863,-0.15927308797836304,-0.06813507866241508,-0.3616812527179718,-0.07568424940109253,-0.07682873647787147,-0.2787330746650696,-0.18178242444992065,0.00882255598775572,-0.3701890707015991,-0.2253076434135437,-0.013730681167324121,-0.42813578248023987,-0.2447872757911682,-0.020544679501433905,-0.48703840374946594,-0.2517773509025574,-0.027659831234593923,-0.28479576110839844,-0.08135956525802612,0.005576360839079086,-0.33959144353866577,-0.10851287841796875,-0.03266715224959427,-0.24214810132980347,-0.10209572315216064,-0.030596105047841604,-0.23544567823410034,-0.08771204948425293,-0.01751768928148323,-0.2735307812690735,0.006384491920471191,-0.006966575646181639,-0.32106709480285645,-0.019744575023651123,-0.06430729817726188,-0.2227441668510437,-0.03382694721221924,-0.04550271447875076,-0.21651488542556763,-0.009848237037658691,-0.019054377117534216,-0.2534421682357788,0.09807175397872925,-0.023139321842570837,-0.29678863286972046,0.055552005767822266,-0.06219149720050865,-0.23543834686279297,0.037692248821258545,-0.043570309543390806,-0.224590003490448,0.06585431098937988,-0.022106859498997267
HURT,0.0,0.0,0.0,-0.07289695739746094,-0.1274663209915161,-0.0261199457581629,-0.18770438432693481,-0.20966851711273193,-0.0397330785180916,-0.2902555763721466,-0.1827625036239624,-0.060573477485357685,-0.3477492332458496,-0.09437847137451172,-0.08048707265514032,-0.26534366607666016,-0.15381628274917603,0.024659814125717716,-0.34848493337631226,-0.21007829904556274,-9.84307170970311e-05,-0.4035196900367737,-0.25009429454803467,-0.009067185410438938,-0.45238301157951355,-0.27361544966697693,-0.016001584195672436,-0.2740885615348816,-0.06360691785812378,0.012980215064109402,-0.33799055218696594,-0.12303733825683594,-0.032965824195324345,-0.23952287435531616,-0.12035900354385376,-0.036146845855890675,-0.22044599056243896,-0.08920109272003174,-0.02261509765046732,-0.2669912576675415,0.014439582824707031,-0.006736462657480402,-0.32201871275901794,-0.05269503593444824,-0.07167396713155405,-0.2228146195411682,-0.06264477968215942,-0.056356720813690586,-0.20184427499771118,-0.018279850482940674,-0.027493195795594616,-0.24968761205673218,0.10280907154083252,-0.027990976535855694,-0.3007839322090149,0.022012293338775635,-0.07198826242345469,-0.23815661668777466,-0.0005452632904052734,-0.055375583657204075,-0.21596115827560425,0.03518843650817871,-0.03293786589163439
HURT,0.0,0.0,0.0,-0.06482905149459839,-0.1125914454460144,-0.026119751350520914,-0.17240512371063232,-0.19877511262893677,-0.044488058851598566,-0.27143263816833496,-0.18982559442520142,-0.06888780878627188,-0.33233338594436646,-0.10975593328475952,-0.09140311317288763,-0.2607068419456482,-0.12819629907608032,0.014256281352103883,-0.3379500210285187,-0.18807286024093628,-0.012993773871599501,-0.3922500014305115,-0.2325494885444641,-0.021201941610812014,-0.43821680545806885,-0.2604672312736511,-0.026332662866948908,-0.27486151456832886,-0.03762245178222656,0.004090717567564184,-0.32514870166778564,-0.11369508504867554,-0.03949286179387457,-0.22478199005126953,-0.11087095737457275,-0.03832788528644926,-0.20713990926742554,-0.07393592596054077,-0.0223601902439583,-0.27200645208358765,0.0349087119102478,-0.013531276450990504,-0.31444206833839417,-0.052222609519958496,-0.07389005409324056,-0.2178824543952942,-0.06045937538146973,-0.05502935634696371,-0.20217454433441162,-0.011573851108551025,-0.02566907131814844,-0.2558279037475586,0.11029469966888428,-0.03268418596827871,-0.29183104634284973,0.005861341953277588,-0.07567313449227697,-0.227789044380188,-0.01456838846206665,-0.05928542600715048,-0.20920932292938232,0.029317259788513184,-0.036867534236549204
HURT,0.0,0.0,0.0,-0.04848337173461914,-0.11300468444824219,-0.03564674261053824,-0.15814685821533203,-0.20675408840179443,-0.056644568620527025,-0.26012784242630005,-0.20686960220336914,-0.08164462300976538,-0.31424421072006226,-0.12786120176315308,-0.10459005686482215,-0.2588631510734558,-0.09515058994293213,0.004871610616987709,-0.3303992450237274,-0.16317540407180786,-0.0321942441447618,-0.38294142484664917,-0.21267688274383545,-0.047324175415838,-0.4330175518989563,-0.24804192781448364,-0.055494564054811235,-0.26546168327331543,-0.013820052146911621,-0.0017064661302583772,-0.31441202759742737,-0.1075441837310791,-0.05916441458305144,-0.21426111459732056,-0.11237633228302002,-0.06274553987225318,-0.19404751062393188,-0.07160794734954834,-0.046432467578256365,-0.25980961322784424,0.04938286542892456,-0.017075887350642915,-0.2966967225074768,-0.057703256607055664,-0.08826650532921576,-0.2012653946876526,-0.0640718936920166,-0.0711467698498609,-0.181271493434906,-0.008872151374816895,-0.0390049800558927,-0.24244791269302368,0.11604559421539307,-0.034756055502498384,-0.27518028020858765,-0.0020543932914733887,-0.08418661954840445,-0.21110010147094727,-0.017927348613739014,-0.07057577970465445,-0.18998992443084717,0.033950746059417725,-0.04734565916498923
HURT,0.0,0.0,0.0,-0.03837043046951294,-0.10417211055755615,-0.037314107961734067,-0.1509242057800293,-0.20309233665466309,-0.05705839613803221,-0.2561912536621094,-0.1870020627975464,-0.07908688331373526,-0.31587210297584534,-0.10783737897872925,-0.09830642337330175,-0.24820691347122192,-0.11009669303894043,0.002451886801267733,-0.31931403279304504,-0.16940653324127197,-0.032501416601022015,-0.3730663061141968,-0.2081579566001892,-0.04339974219330145,-0.424990713596344,-0.2411421537399292,-0.04887992361911131,-0.2583686113357544,-0.021834731101989746,-0.003669767960687409,-0.3109622597694397,-0.10476654767990112,-0.056844683684190045,-0.20210450887680054,-0.09787225723266602,-0.05565245667823149,-0.18518638610839844,-0.06010007858276367,-0.035894969798405896,-0.2547904849052429,0.04634958505630493,-0.01856913822122408,-0.296345591545105,-0.04071676731109619,-0.08696872586735083,-0.1964147686958313,-0.04728132486343384,-0.06574687952526403,-0.18189775943756104,0.0010895729064941406,-0.03181977788337065,-0.2393534779548645,0.11990058422088623,-0.03590258801706625,-0.2785668969154358,0.019914448261260986,-0.08241382832058264,-0.21145904064178467,0.00130540132522583,-0.06435385192163778,-0.19051587581634521,0.04718327522277832,-0.03893691519625975
HURT,0.0,0.0,0.0,-0.02827620506286621,-0.11876267194747925,-0.031308784989152016,-0.14946097135543823,-0.2144641876220703,-0.03789479276302821,-0.26363062858581543,-0.17595404386520386,-0.044599968848261895,-0.31387200951576233,-0.08970403671264648,-0.05096423244241244,-0.22592675685882568,-0.18277686834335327,-0.00024542829042850656,-0.3111964464187622,-0.22712665796279907,-0.01914471006158358,-0.3734608292579651,-0.25579607486724854,-0.025338236150775018,-0.430054247379303,-0.27026867866516113,-0.03273450574043757,-0.23954737186431885,-0.0811043381690979,-0.0030340139302200697,-0.3023812174797058,-0.11953485012054443,-0.0440290904617644,-0.20980894565582275,-0.12046563625335693,-0.04830534747007853,-0.181290864944458,-0.08944648504257202,-0.03773491075399882,-0.23528486490249634,0.0007942914962768555,-0.010373785068724217,-0.28763437271118164,-0.03368490934371948,-0.0678395851528979,-0.1926727294921875,-0.05073350667953491,-0.05076694851878649,-0.16583263874053955,-0.011743724346160889,-0.023911038321886124,-0.22040718793869019,0.09061384201049805,-0.018615977746877732,-0.2720838189125061,0.03877824544906616,-0.06104914462331301,-0.21055614948272705,0.02284616231918335,-0.04458430772784716,-0.1897284984588623,0.06126439571380615,-0.023033203465375962
HURT,0.0,0.0,0.0,-0.034609198570251465,-0.10694509744644165,-0.065377587194547,-0.15561658143997192,-0.19407951831817627,-0.06955378663073475,-0.27069881558418274,-0.14448928833007812,-0.060401448721989937,-0.32396867871284485,-0.058338165283203125,-0.042261177415952034,-0.2242830991744995,-0.23220497369766235,-0.024183943609699554,-0.3335634469985962,-0.24629074335098267,-0.05613169607053692,-0.3888639211654663,-0.24196428060531616,-0.07071208369265491,-0.45461663603782654,-0.23999959230422974,-0.08189653020630772,-0.23507237434387207,-0.12707316875457764,-0.011639617125496216,-0.30113792419433594,-0.12469714879989624,-0.06061325010190899,-0.20429879426956177,-0.11191666126251221,-0.0661909000230878,-0.18047142028808594,-0.10547018051147461,-0.05507338952551777,-0.2315092384815216,-0.029700517654418945,-0.00862651758174593,-0.2907746434211731,-0.022939562797546387,-0.07627497028838093,-0.1850528120994568,-0.026626229286193848,-0.06229420539270336,-0.16543352603912354,-0.019982755184173584,-0.0338691749824136,-0.21275532245635986,0.06943094730377197,-0.010213912206694431,-0.2600482404232025,0.058246612548828125,-0.05926577534805233,-0.19325459003448486,0.04640275239944458,-0.045403392727479286,-0.17483317852020264,0.061138272285461426,-0.02295375775824482
HURT,0.0,0.0,0.0,-0.07202064990997314,-0.1041983962059021,-0.06835106990534712,-0.19556039571762085,-0.17400747537612915,-0.06603262803751875,-0.300613135099411,-0.11141049861907959,-0.049704855748004206,-0.34203314781188965,-0.020971715450286865,-0.02237032770413805,-0.24912476539611816,-0.2196139693260193,-0.0028432402503852927,-0.368550181388855,-0.22387981414794922,-0.022553803839272746,-0.4350131154060364,-0.21366828680038452,-0.03690446770984579,-0.5027875006198883,-0.20655137300491333,-0.04966445124942709,-0.2518485486507416,-0.11453503370285034,0.013668436116986982,-0.3295236825942993,-0.09238302707672119,-0.021198457547015437,-0.25093910098075867,-0.0790412425994873,-0.03316841132242132,-0.22463613748550415,-0.08235311508178711,-0.02931472330588747,-0.24140319228172302,-0.01535409688949585,0.019384184412174932,-0.3103320598602295,0.005326211452484131,-0.03658073253232885,-0.21965616941452026,-0.0005611181259155273,-0.03941375619966436,-0.1997101902961731,-0.008041083812713623,-0.024499882452673205,-0.21811634302139282,0.07993954420089722,0.019467036731057874,-0.276858925819397,0.08630025386810303,-0.023765813999361285,-0.21715688705444336,0.06884384155273438,-0.019794356517977008,-0.19098412990570068,0.0662543773651123,-0.006378869034833201
HURT,0.0,0.0,0.0,-0.07430100440979004,-0.1341739296913147,-0.027885232439643914,-0.1958194375038147,-0.20815956592559814,-0.03133050197959619,-0.2986270487308502,-0.16362130641937256,-0.03722233170867639,-0.3524071276187897,-0.0806729793548584,-0.03935455003977495,-0.26585131883621216,-0.17327719926834106,0.018265725725882476,-0.3590680956840515,-0.21235907077789307,-0.00019812467382962495,-0.41753342747688293,-0.2354804277420044,-0.00480551397652107,-0.47331854701042175,-0.24308061599731445,-0.010317448845512445,-0.26769351959228516,-0.07517236471176147,0.008815020935230677,-0.3336278796195984,-0.11276674270629883,-0.026512693932659204,-0.23230022192001343,-0.10894352197647095,-0.022737685909874017,-0.2175236940383911,-0.0910036563873291,-0.007604441924399907,-0.25785064697265625,0.011400580406188965,-0.008916493824131067,-0.3136751651763916,-0.025282979011535645,-0.06703674638868051,-0.20772963762283325,-0.03912174701690674,-0.05021942997575479,-0.19484394788742065,-0.009312987327575684,-0.023184296062595422,-0.23703497648239136,0.10207051038742065,-0.02872210027874189,-0.291939377784729,0.052490174770355225,-0.06560651803613382,-0.2255725860595703,0.032741010189056396,-0.04586152950525957,-0.2070346474647522,0.06611573696136475,-0.024311654588586862
HURT,0.0,0.0,0.0,-0.07050347328186035,-0.11838138103485107,-0.02119464527629944,-0.18265783786773682,-0.19586598873138428,-0.03314259934984776,-0.27936869859695435,-0.17081475257873535,-0.0520038149114761,-0.3286017179489136,-0.0863027572631836,-0.07077141392790409,-0.2597350478172302,-0.13572484254837036,0.014841826559969462,-0.3478839099407196,-0.18138790130615234,-0.0076083895545515645,-0.40770915150642395,-0.21325188875198364,-0.014400276428094827,-0.4574128985404968,-0.22945809364318848,-0.020003157740465127,-0.2629232406616211,-0.041729867458343506,0.0025343393646117818,-0.32211288809776306,-0.10291212797164917,-0.041291038578382455,-0.22266775369644165,-0.10617256164550781,-0.0416355832275066,-0.1975451111793518,-0.07495647668838501,-0.02654776450060936,-0.2532183527946472,0.03559565544128418,-0.015892571842304193,-0.30032265186309814,-0.031153857707977295,-0.07584169048630329,-0.20089972019195557,-0.04452568292617798,-0.05689590710960957,-0.17733222246170044,-0.0007146596908569336,-0.02690201539360615,-0.23349976539611816,0.12008148431777954,-0.035536854600540124,-0.28086742758750916,0.0403447151184082,-0.0755996956285152,-0.21663659811019897,0.017749130725860596,-0.055968708431354486,-0.19384092092514038,0.056789398193359375,-0.03207496840321156
HURT,0.0,0.0,0.0,-0.0641556978225708,-0.10427254438400269,-0.02796294533055743,-0.17364269495010376,-0.18388885259628296,-0.04580603905361613,-0.2698891758918762,-0.17366808652877808,-0.06862875812095126,-0.32005536556243896,-0.08826088905334473,-0.0897134020213457,-0.26042282581329346,-0.1022992730140686,0.003397469247090612,-0.34770214557647705,-0.15157032012939453,-0.026894312280830945,-0.40551894903182983,-0.18599504232406616,-0.0365336201373907,-0.4575221538543701,-0.20560520887374878,-0.042234528738674726,-0.2633398175239563,-0.011981964111328125,-0.005882084298548307,-0.3197368383407593,-0.08594220876693726,-0.05740798257630786,-0.21628844738006592,-0.09075194597244263,-0.05635989077728709,-0.19198137521743774,-0.05507802963256836,-0.03838627778333148,-0.2555393576622009,0.06086772680282593,-0.02213350676339587,-0.29774367809295654,-0.02059561014175415,-0.08827365927737674,-0.19677144289016724,-0.03279459476470947,-0.06724502139132937,-0.17506885528564453,0.016918301582336426,-0.034115012664017286,-0.23815298080444336,0.13848769664764404,-0.04006427519362887,-0.278927743434906,0.044370293617248535,-0.08500091724437198,-0.2141137719154358,0.025348901748657227,-0.06696627281945666,-0.19445723295211792,0.07224458456039429,-0.04256749891084155
HURT,0.0,0.0,0.0,-0.05239802598953247,-0.11871969699859619,-0.06724428164565666,-0.17998838424682617,-0.19358915090560913,-0.06391065346801383,-0.29514986276626587,-0.13286852836608887,-0.047213153566957544,-0.3471042513847351,-0.058503925800323486,-0.022075067858935427,-0.23765891790390015,-0.25567594170570374,0.00034464057276295534,-0.3576948642730713,-0.25105684995651245,-0.024703645732046198,-0.4187593460083008,-0.23507946729660034,-0.038431932803035807,-0.48466408252716064,-0.22900927066802979,-0.0489830315371762,-0.2419344186782837,-0.15095996856689453,0.019170016396998335,-0.33417266607284546,-0.13145703077316284,-0.03152974846565826,-0.25079578161239624,-0.11530447006225586,-0.05131431448066337,-0.21269208192825317,-0.12134218215942383,-0.04635939153635604,-0.24129647016525269,-0.05344974994659424,0.02786952105557816,-0.31963789463043213,-0.036687254905700684,-0.04137534054720504,-0.22442138195037842,-0.036536574363708496,-0.04501420411074264,-0.19563674926757812,-0.044124603271484375,-0.025127334173561167,-0.22735869884490967,0.03707408905029297,0.032550955537914206,-0.2848302721977234,0.04302060604095459,-0.01823054964447124,-0.2161276936531067,0.03976774215698242,-0.01526564324998958,-0.18253827095031738,0.04571741819381714,0.0013353275109295737
HURT,0.0,0.0,0.0,-0.13060009479522705,-0.06012451648712158,-0.09461646961273118,-0.2451103925704956,-0.1162530779838562,-0.06977983998359605,-0.33202826976776123,-0.10437238216400146,-0.01592880921663209,-0.3722047209739685,-0.07203030586242676,0.053364510962353506,-0.24710601568222046,-0.3030298948287964,0.020240738371001044,-0.37981849908828735,-0.25652679800987244,0.021716063225255766,-0.4674395024776459,-0.21130645275115967,0.01362701723127202,-0.5293209552764893,-0.18625223636627197,0.010878007242069998,-0.23456025123596191,-0.21698486804962158,0.0805273608654602,-0.35178178548812866,-0.12405663728713989,0.06119400573669509,-0.3016497790813446,-0.06761080026626587,0.03640688521562652,-0.23564642667770386,-0.07271873950958252,0.039031110087023535,-0.23221337795257568,-0.13567596673965454,0.12743737114368514,-0.331051230430603,-0.04831862449645996,0.08468871874509887,-0.272022545337677,0.005950033664703369,0.0385116742342575,-0.22283780574798584,-0.011758267879486084,0.03249924940763549,-0.22568005323410034,-0.0781099796295166,0.16885699642597274,-0.29328542947769165,-0.0003808140754699707,0.12351379854379729,-0.25341832637786865,0.03219914436340332,0.08835295898614959,-0.204414963722229,0.01887691020965576,0.08258629901109771
HURT,0.0,0.0,0.0,-0.102073073387146,-0.10967487096786499,-0.07136500994252515,-0.22590243816375732,-0.17265522480010986,-0.05789754534649205,-0.3344610035419464,-0.12512999773025513,-0.02956268186258626,-0.3657243847846985,-0.04724526405334473,0.009932954846448183,-0.2479824423789978,-0.27831897139549255,0.043895367583758116,-0.3817353844642639,-0.2599185109138489,0.05012401943517375,-0.4619830250740051,-0.23501336574554443,0.04371631895614314,-0.5199759602546692,-0.2196941375732422,0.03728407998991656,-0.24754059314727783,-0.1748441457748413,0.07338214298201251,-0.34785234928131104,-0.1338919997215271,0.05638258536768603,-0.29783838987350464,-0.11273193359375,0.03177864109588313,-0.24470555782318115,-0.11887592077255249,0.028816651603705168,-0.2374313473701477,-0.07707494497299194,0.09075605501843143,-0.31984007358551025,-0.03031766414642334,0.049743749252087355,-0.25826048851013184,-0.02339249849319458,0.012023068083948374,-0.21406769752502441,-0.041683852672576904,0.0059953555972640515,-0.21612340211868286,0.008022069931030273,0.10316678514195132,-0.2920551300048828,0.03355908393859863,0.06579010566187549,-0.24535858631134033,0.030679821968078613,0.04605229949069667,-0.19390398263931274,0.018002867698669434,0.04461544384670901
HURT,0.0,0.0,0.0,-0.07763779163360596,-0.12255269289016724,-0.01654837484332461,-0.18049800395965576,-0.1875079870223999,-0.020474802878226228,-0.2707872986793518,-0.18296468257904053,-0.033182619315113016,-0.3203420639038086,-0.1110420823097229,-0.044325268071617074,-0.24813026189804077,-0.09415018558502197,0.05022316594747167,-0.3272547125816345,-0.12857425212860107,0.025902189138804488,-0.381488561630249,-0.17230576276779175,0.012926542024587206,-0.42426812648773193,-0.20115965604782104,0.006652372247998528,-0.25264972448349,-0.028827190399169922,0.03920346667197805,-0.319945752620697,-0.0899813175201416,-0.009147835139657445,-0.23448079824447632,-0.10365772247314453,-0.01902720349701781,-0.2007972002029419,-0.07193034887313843,-0.005806589209015556,-0.25128817558288574,0.03196913003921509,0.01893076096800428,-0.3030882477760315,-0.04232382774353027,-0.04458381439420123,-0.21675121784210205,-0.05959218740463257,-0.03827623854252238,-0.18791085481643677,-0.017181396484375,-0.011113763031090684,-0.24285507202148438,0.10047847032546997,-0.0020818830826385692,-0.288363516330719,0.010450780391693115,-0.041130053055013605,-0.2325979471206665,-0.010761618614196777,-0.029722346168483682,-0.20740830898284912,0.030532360076904297,-0.008632481273735948
HURT,0.0,0.0,0.0,-0.06787610054016113,-0.13470518589019775,-0.02150578343695031,-0.1879897117614746,-0.20688799023628235,-0.019223692951854332,-0.2890644669532776,-0.16232529282569885,-0.022214458448942764,-0.33290955424308777,-0.07563602924346924,-0.025580394206698998,-0.23688501119613647,-0.14810091257095337,0.04881528845602645,-0.3171736001968384,-0.1744406819343567,0.03704688406163825,-0.3740503489971161,-0.19856533408164978,0.029872967736665146,-0.4247775077819824,-0.20910075306892395,0.023772329898420708,-0.24418669939041138,-0.0643654465675354,0.042580854954067604,-0.31868237257003784,-0.10554194450378418,0.0014876107367314262,-0.2328750491142273,-0.11339861154556274,-0.011248688338454826,-0.19362646341323853,-0.08623731136322021,-0.001286911786664291,-0.2396138310432434,0.01348865032196045,0.0290042933689989,-0.30236583948135376,-0.03221404552459717,-0.03148764663761483,-0.20305794477462769,-0.047371625900268555,-0.02731756785338746,-0.1640421748161316,-0.011912643909454346,-0.0027493744940869647,-0.22677600383758545,0.09961718320846558,0.015368734361473457,-0.2911244034767151,0.04039663076400757,-0.022162172136958702,-0.2310638427734375,0.020169496536254883,-0.008993844626601799,-0.19966715574264526,0.05077075958251953,0.011923904405776398
HOT,0.0,0.0,0.0,0.014103114604949951,-0.13983643054962158,-0.05580568588584356,0.0018335580825805664,-0.27254152297973633,-0.08682738892048292,-0.022572576999664307,-0.3777350187301636,-0.11441422901361875,-0.051672935485839844,-0.47293621301651,-0.14073124430387907,-0.1844327449798584,-0.31074345111846924,-0.044466334351000114,-0.2371339201927185,-0.4377790689468384,-0.09095596424549512,-0.2684796452522278,-0.520668625831604,-0.12858822844236784,-0.2873240113258362,-0.5951676368713379,-0.15388390324324064,-0.2421501874923706,-0.2410023808479309,-0.047257962592539116,-0.34190404415130615,-0.3428535461425781,-0.08783723316400938,-0.3977094292640686,-0.4222770929336548,-0.12032152614801817,-0.4346233308315277,-0.4992268681526184,-0.14155867598265104,-0.26253610849380493,-0.15089011192321777,-0.058064165481027885,-0.3657248616218567,-0.2148759961128235,-0.10308170966118269,-0.41250211000442505,-0.2815459966659546,-0.13127759001463346,-0.44107455015182495,-0.3610527515411377,-0.14765541157930784,-0.2539815902709961,-0.04732656478881836,-0.07365506789892606,-0.33118876814842224,-0.05716067552566528,-0.11795603386372022,-0.360930472612381,-0.09944868087768555,-0.136600374200043,-0.3748137354850769,-0.16427814960479736,-0.14517936012953214
HOT,0.0,0.0,0.0,0.010564684867858887,-0.13903111219406128,-0.054833262627539625,-0.008287012577056885,-0.27533116936683655,-0.08544927782338618,-0.03570234775543213,-0.3811461925506592,-0.11343704855960368,-0.06512480974197388,-0.4770548939704895,-0.140957816904006,-0.1891905665397644,-0.3101273775100708,-0.04506568930071353,-0.24562489986419678,-0.43481945991516113,-0.0925135607175207,-0.279621958732605,-0.5192126929759979,-0.13115695065778255,-0.30256474018096924,-0.5958397686481476,-0.15734399802011012,-0.24396240711212158,-0.23853230476379395,-0.04878715745132922,-0.3484206199645996,-0.3348821997642517,-0.08972702867311,-0.4056079089641571,-0.41326504945755005,-0.12314362025779246,-0.440025269985199,-0.488349586725235,-0.1455942983083105,-0.2610229253768921,-0.1482108235359192,-0.060481678163228025,-0.37044888734817505,-0.20720511674880981,-0.10671913570683955,-0.42029666900634766,-0.27145612239837646,-0.13675348407548427,-0.4482705891132355,-0.3478737771511078,-0.15476913697045802,-0.24889904260635376,-0.04574322700500488,-0.07682461238425731,-0.32761862874031067,-0.05569028854370117,-0.12343597358983516,-0.3601406216621399,-0.09449952840805054,-0.14409521168988704,-0.37591832876205444,-0.15374243259429932,-0.1543438578299856
HOT,0.0,0.0,0.0,0.0014870166778564453,-0.15189427137374878,-0.04382160956902226,-0.027942359447479248,-0.2890147566795349,-0.05835679451865872,-0.0761561393737793,-0.39962607622146606,-0.07174739892525395,-0.11956310272216797,-0.48289793729782104,-0.08375179673475941,-0.18060284852981567,-0.31240779161453247,-0.0026349963054599357,-0.23720026016235352,-0.4309636354446411,-0.0293631954018565,-0.27483195066452026,-0.5049608945846558,-0.057765143913456996,-0.3075597882270813,-0.5704914033412933,-0.07842561508459767,-0.23408031463623047,-0.24331241846084595,-0.003164200335049827,-0.3372710943222046,-0.3326255679130554,-0.02566471229238232,-0.3943941593170166,-0.3952222168445587,-0.051985311311909754,-0.43812674283981323,-0.4539477825164795,-0.07089054490370472,-0.25824785232543945,-0.16038668155670166,-0.012079728757271369,-0.3580039143562317,-0.21553629636764526,-0.039683020663687785,-0.41030290722846985,-0.26831352710723877,-0.06034306342644413,-0.4504498541355133,-0.3287583291530609,-0.07350426818175038,-0.2600495219230652,-0.06404387950897217,-0.0260835280541869,-0.3425365388393402,-0.08351826667785645,-0.05227891634149273,-0.38379809260368347,-0.1160813570022583,-0.06184395681066235,-0.41327691078186035,-0.16384947299957275,-0.06635036225361546
HOT,0.0,0.0,0.0,-0.03218120336532593,-0.16693198680877686,-0.024680901922323528,-0.09706985950469971,-0.2933788299560547,-0.019793203704097095,-0.17978322505950928,-0.3756104111671448,-0.017979777090289417,-0.25226467847824097,-0.4218975007534027,-0.015614497147538486,-0.18905001878738403,-0.28813600540161133,0.042629436917565044,-0.2625061869621277,-0.37973934412002563,0.03513544178750294,-0.3058168888092041,-0.42310234904289246,0.018601055584809956,-0.34478968381881714,-0.4593143165111542,0.00468568443503159,-0.22410058975219727,-0.20601403713226318,0.03988883025195378,-0.3181072473526001,-0.2688217759132385,0.03440522528435963,-0.3770860433578491,-0.3032928705215454,0.011997054658792194,-0.42656517028808594,-0.33898812532424927,-0.0069461373128376636,-0.2397046685218811,-0.11709082126617432,0.028624463222882923,-0.32905298471450806,-0.15528178215026855,0.017142705015800175,-0.3808092772960663,-0.1892189383506775,-0.0002996611507057878,-0.4224265217781067,-0.22840797901153564,-0.014441474944391075,-0.2399294376373291,-0.019561171531677246,0.013012822113893208,-0.3126673102378845,-0.025278449058532715,9.887560045740429e-05,-0.35471850633621216,-0.045876264572143555,-0.007290959030427757,-0.38885679841041565,-0.08184492588043213,-0.01311647766087276
HOT,0.0,0.0,0.0,-0.1059727668762207,-0.052338242530822754,-0.049466575508063215,-0.19206899404525757,-0.10252749919891357,-0.04741973338002481,-0.2703198790550232,-0.1140856146812439,-0.04179643375152864,-0.34475260972976685,-0.10277330875396729,-0.034615485941117186,-0.23338359594345093,-0.19900256395339966,0.07523627671127997,-0.30361348390579224,-0.23497313261032104,0.10722223761206351,-0.3513868451118469,-0.23704558610916138,0.10842611732607566,-0.3926219344139099,-0.21988320350646973,0.10521893295174323,-0.21996718645095825,-0.13912361860275269,0.10171604993468009,-0.29172295331954956,-0.18306511640548706,0.14273975881462775,-0.34393537044525146,-0.17842251062393188,0.13426563235645972,-0.38232624530792236,-0.15814733505249023,0.12388659360533438,-0.2049432396888733,-0.07837063074111938,0.11705335321551047,-0.2755226492881775,-0.09797579050064087,0.15400046202069007,-0.3259206712245941,-0.09500002861022949,0.14492276402836524,-0.36906224489212036,-0.08110255002975464,0.13227529915695868,-0.18911170959472656,-0.0057443976402282715,0.12430026474123679,-0.25518733263015747,-0.005007505416870117,0.15149563642864905,-0.2990485429763794,0.005219101905822754,0.15508744212513648,-0.3363630771636963,0.016577541828155518,0.15413935574417792
HOT,0.0,0.0,0.0,0.01814502477645874,-0.12723296880722046,-0.060031966483961696,0.0072449445724487305,-0.25447458028793335,-0.09828022605813658,-0.01040494441986084,-0.3584141135215759,-0.13301312661803877,-0.025634348392486572,-0.4621936082839966,-0.16761044896281874,-0.19393789768218994,-0.3077894151210785,-0.05777941755093252,-0.25132763385772705,-0.4375738203525543,-0.10810912883914625,-0.27946197986602783,-0.5254675149917603,-0.14722642040885603,-0.29458069801330566,-0.6047598123550415,-0.17375895119346296,-0.25082868337631226,-0.23528200387954712,-0.06115501112378752,-0.3527017831802368,-0.3364120125770569,-0.10411014891303694,-0.4082006812095642,-0.41657817363739014,-0.13846364355720198,-0.4406552016735077,-0.49299246072769165,-0.16166485584415113,-0.26591014862060547,-0.14206433296203613,-0.07232601679004347,-0.37607187032699585,-0.19178521633148193,-0.1201566729608885,-0.43079614639282227,-0.2534046769142151,-0.15358954406417524,-0.4621155858039856,-0.3307313024997711,-0.17455313838161146,-0.2478594183921814,-0.037372708320617676,-0.08819503820575392,-0.3269369602203369,-0.03354454040527344,-0.13679712749160444,-0.3548610210418701,-0.07093274593353271,-0.159768221146237,-0.36381232738494873,-0.13346433639526367,-0.1719484005037657
HOT,0.0,0.0,0.0,0.00594639778137207,-0.13935649394989014,-0.05474566508064527,-0.023212552070617676,-0.2702404856681824,-0.0828651173783328,-0.063742995262146,-0.37115514278411865,-0.1072290449214961,-0.09746944904327393,-0.4662219285964966,-0.1301734207941081,-0.20572000741958618,-0.3102579414844513,-0.043162649757960025,-0.2682924270629883,-0.4285465478897095,-0.08655647773275632,-0.3080085515975952,-0.5103406310081482,-0.1216473861409213,-0.33711695671081543,-0.5834789872169495,-0.14560157645473737,-0.26220273971557617,-0.23175644874572754,-0.04440831605325002,-0.37275058031082153,-0.3189554810523987,-0.0833790584279086,-0.4353998601436615,-0.38960516452789307,-0.11296991098652143,-0.4812394082546234,-0.45734041929244995,-0.13128686536083478,-0.27950942516326904,-0.13900160789489746,-0.05319395873675603,-0.391296923160553,-0.1843077540397644,-0.09709274608621854,-0.45183253288269043,-0.2418312430381775,-0.12339364577064771,-0.494707852602005,-0.3094179928302765,-0.13770998109112043,-0.2656908631324768,-0.03681248426437378,-0.06664313960800428,-0.34768760204315186,-0.03918570280075073,-0.10773683924207944,-0.38156503438949585,-0.06731045246124268,-0.12265714842806119,-0.4002021849155426,-0.11169534921646118,-0.12814114082584638
HOT,0.0,0.0,0.0,-0.0593266487121582,-0.16774392127990723,-0.028725969646018257,-0.15180563926696777,-0.27803224325180054,-0.021978241432350387,-0.24954330921173096,-0.33820465207099915,-0.01807110853854965,-0.3270198702812195,-0.37616217136383057,-0.012598732527237644,-0.24604451656341553,-0.26264673471450806,0.05204653828974415,-0.32813215255737305,-0.3427647650241852,0.04998504086967159,-0.3814983367919922,-0.3807968497276306,0.03457070976133991,-0.43212729692459106,-0.4111073613166809,0.019792397465664635,-0.27356261014938354,-0.1744534969329834,0.05332938298221279,-0.3767896890640259,-0.21459448337554932,0.05463351025815655,-0.44206947088241577,-0.23887205123901367,0.034162444021660576,-0.4995799660682678,-0.2646673917770386,0.015460545156258831,-0.27930712699890137,-0.08149176836013794,0.044778638478476296,-0.3799869418144226,-0.09513318538665771,0.03842712282772709,-0.4391268491744995,-0.11205792427062988,0.02162584006424595,-0.4921506643295288,-0.13453125953674316,0.00690854755799819,-0.26431548595428467,0.014133334159851074,0.030845480930167923,-0.34301722049713135,0.02692091464996338,0.01998087107773472,-0.3927352726459503,0.0248224139213562,0.011432272341210137,-0.44060444831848145,0.00786435604095459,0.004375621169913302
HOT,0.0,0.0,0.0,-0.11356031894683838,-0.04879462718963623,-0.04303265774655074,-0.21110153198242188,-0.07540971040725708,-0.03016465196418494,-0.2950780391693115,-0.05786323547363281,-0.014222566429850758,-0.3647729754447937,-0.0271756649017334,0.005222309454950391,-0.23951560258865356,-0.14904433488845825,0.08899955039811402,-0.3123055696487427,-0.16101181507110596,0.12682896440816194,-0.3575936555862427,-0.1542159914970398,0.13801548963380128,-0.3901756703853607,-0.1376861333847046,0.14192948823762208,-0.2235468029975891,-0.08843278884887695,0.11384303456139833,-0.29576998949050903,-0.09914177656173706,0.1633019406158951,-0.34222376346588135,-0.08212494850158691,0.16437613552403718,-0.38262689113616943,-0.06812626123428345,0.15995436495137483,-0.20079469680786133,-0.029390573501586914,0.1261024284918335,-0.273173451423645,-0.024143993854522705,0.15874227469754487,-0.3231734335422516,-0.007761478424072266,0.14525991266560823,-0.3733745813369751,0.007588565349578857,0.13022563939881593,-0.1756163239479065,0.03471142053604126,0.1316232193071869,-0.23812657594680786,0.05540674924850464,0.14774490481210023,-0.2736660838127136,0.07789456844329834,0.14302028303933412,-0.3103030323982239,0.09375733137130737,0.13739157801461488
HOT,0.0,0.0,0.0,-0.1383870244026184,-0.016495943069458008,-0.02666771594385864,-0.2299708127975464,-0.016728103160858154,-0.012234325482950226,-0.30761855840682983,0.011053979396820068,-0.0026150564285671862,-0.37998270988464355,0.05100172758102417,0.008132330179705605,-0.25100231170654297,-0.03785163164138794,0.13154553253252743,-0.32231831550598145,-0.019268274307250977,0.17940283197958706,-0.3665240406990051,0.012869060039520264,0.1931673773010516,-0.39525896310806274,0.0466771125793457,0.19676664847929715,-0.21121734380722046,0.023732125759124756,0.14418189603884457,-0.28178179264068604,0.04984253644943237,0.2033646144350314,-0.32473868131637573,0.08839726448059082,0.20215858895380734,-0.36283010244369507,0.10915213823318481,0.19361263889868496,-0.1682766079902649,0.08538347482681274,0.14343709129889248,-0.22520452737808228,0.1309846043586731,0.18775764484007595,-0.2633488178253174,0.16889411211013794,0.17838390547831295,-0.30020302534103394,0.19391471147537231,0.1625131704290652,-0.11856615543365479,0.14677786827087402,0.13550554592211483,-0.1575639247894287,0.205000102519989,0.16238378364641903,-0.18871033191680908,0.24632000923156738,0.16208543259699582,-0.22269582748413086,0.2757565379142761,0.15642413873274563
HOT,0.0,0.0,0.0,-0.08819973468780518,-0.09604483842849731,0.0031444113844258936,-0.16266024112701416,-0.11265450716018677,0.023922967738769785,-0.2192385196685791,-0.08469021320343018,0.039145470611117616,-0.257071316242218,-0.06381803750991821,0.05546468218352629,-0.21493297815322876,-0.07770931720733643,0.0717688063302262,-0.29500097036361694,-0.08436751365661621,0.08712329810049368,-0.34492987394332886,-0.07958698272705078,0.08771539574053122,-0.38475489616394043,-0.07120543718338013,0.08668542747881247,-0.20792406797409058,0.0053026676177978516,0.07056175266887976,-0.28748154640197754,0.026537656784057617,0.09208837991144492,-0.33634233474731445,0.04147845506668091,0.08824730759050681,-0.3816678524017334,0.04931098222732544,0.08303521668102576,-0.18932539224624634,0.07641494274139404,0.06366326754476859,-0.25536614656448364,0.12076658010482788,0.08155677562143637,-0.29855746030807495,0.1354270577430725,0.07424935048010184,-0.3388788104057312,0.1336688995361328,0.0655207047381623,-0.1571081280708313,0.1443377137184143,0.054763735286258,-0.20640921592712402,0.20345085859298706,0.06872396265652014,-0.2429329752922058,0.22854042053222656,0.07018569951441123,-0.2807679772377014,0.22949761152267456,0.0692217881002648
HOT,0.0,0.0,0.0,-0.02331221103668213,-0.11763492226600647,-0.05573195953866161,-0.08192873001098633,-0.21697485446929932,-0.08004180704256214,-0.14693468809127808,-0.2842443883419037,-0.10030054663320698,-0.19622111320495605,-0.3589581549167633,-0.117974530803167,-0.24604535102844238,-0.18591952323913574,-0.029014898361765518,-0.3246891498565674,-0.25435763597488403,-0.06196746219893612,-0.3766108751296997,-0.2955063581466675,-0.09108376865287937,-0.41737115383148193,-0.33687272667884827,-0.11235645775695957,-0.2746325731277466,-0.10224604606628418,-0.025828890400134696,-0.3829638957977295,-0.13020533323287964,-0.05580917735596813,-0.44966787099838257,-0.15818387269973755,-0.08250927542349018,-0.5007367134094238,-0.19521194696426392,-0.10080115859409489,-0.26783478260040283,-0.02035444974899292,-0.030880300225817336,-0.3644113540649414,-0.020166516304016113,-0.06630650524994053,-0.4205191135406494,-0.045597970485687256,-0.09026879434486546,-0.4635135531425476,-0.08997726440429688,-0.10454859946867145,-0.23566854000091553,0.062432825565338135,-0.04137014587422527,-0.3057681918144226,0.0932391881942749,-0.07646188502212681,-0.34243321418762207,0.0826575756072998,-0.09233954166074909,-0.3684483766555786,0.04914885759353638,-0.10026739900013126
HOT,0.0,0.0,0.0,-0.026794493198394775,-0.11960530281066895,-0.05436428017679873,-0.08397829532623291,-0.221760094165802,-0.077839141113202,-0.15168875455856323,-0.2845888137817383,-0.09776286534730616,-0.2045067548751831,-0.3575901687145233,-0.11495946846667948,-0.24200493097305298,-0.18987464904785156,-0.02276826962594214,-0.3206360340118408,-0.2567465007305145,-0.053997622204462914,-0.37247949838638306,-0.2945532500743866,-0.08261526874963465,-0.4148617386817932,-0.3328142464160919,-0.1037757074064416,-0.2708278298377991,-0.106242835521698,-0.019973152650038628,-0.3780866861343384,-0.1345694661140442,-0.046982162964980034,-0.444130003452301,-0.16129085421562195,-0.07290854803983393,-0.4969853460788727,-0.19627061486244202,-0.09133142731849375,-0.265047550201416,-0.023978590965270996,-0.025841770095269112,-0.3599613904953003,-0.022409260272979736,-0.05849974356357279,-0.41774654388427734,-0.04578602313995361,-0.0820721363252801,-0.466308057308197,-0.08780795335769653,-0.09709983072940531,-0.2345709204673767,0.05867207050323486,-0.03724663086001101,-0.3027264475822449,0.08662503957748413,-0.06979398183290186,-0.3410649299621582,0.07892715930938721,-0.08482132605973902,-0.3724594712257385,0.049991726875305176,-0.09303199998799982
HOT,0.0,0.0,0.0,-0.07084089517593384,-0.1397046446800232,-0.018636463994880614,-0.15616995096206665,-0.21329757571220398,-0.009424626680811343,-0.24051141738891602,-0.25565671920776367,-0.004784638381352124,-0.30559730529785156,-0.2830768823623657,0.0008872893240550184,-0.23264116048812866,-0.15286558866500854,0.06273280005643755,-0.31604498624801636,-0.20367607474327087,0.06951191197822482,-0.3691028952598572,-0.22131848335266113,0.06239028941581637,-0.416141152381897,-0.2315981388092041,0.05452910359690577,-0.2440968155860901,-0.07050347328186035,0.06311774920413882,-0.3370482325553894,-0.08447366952896118,0.07332902323196322,-0.3973059058189392,-0.08840113878250122,0.06078398894260317,-0.45094484090805054,-0.09593188762664795,0.04898539107034594,-0.23894840478897095,0.006473243236541748,0.055006812473038735,-0.3255345821380615,0.019986391067504883,0.06016632836053759,-0.38139188289642334,0.01640951633453369,0.05065761055539042,-0.4287211298942566,0.004403650760650635,0.04056718867013842,-0.2193850874900818,0.08432197570800781,0.04208062883208186,-0.28402984142303467,0.11996185779571533,0.042906957824925485,-0.326458215713501,0.1268918514251709,0.041037346382836404,-0.36265772581100464,0.11816710233688354,0.03857381563375384
HOT,0.0,0.0,0.0,-0.103179931640625,-0.10080915689468384,-0.008158719569792083,-0.2000824213027954,-0.13650399446487427,0.01196608838404245,-0.28323888778686523,-0.13833743333816528,0.026674591533492276,-0.3490601181983948,-0.13588643074035645,0.04183329135889835,-0.22166979312896729,-0.10072475671768188,0.089591736502598,-0.30120331048965454,-0.12045419216156006,0.11161544413084812,-0.3500382900238037,-0.11842018365859985,0.11347112298722095,-0.3925812244415283,-0.11043083667755127,0.11094125599379367,-0.2096613049507141,-0.026189982891082764,0.09122096986288852,-0.2853529453277588,-0.021763324737548828,0.1170878285240633,-0.33464986085891724,-0.008759379386901855,0.10763497889752216,-0.38000035285949707,-0.004689276218414307,0.09646070242638416,-0.18824917078018188,0.04453003406524658,0.08466097951645679,-0.2551019787788391,0.06778770685195923,0.102664867944668,-0.3014896512031555,0.08082276582717896,0.09246060491318531,-0.3448904752731323,0.08406096696853638,0.08025243372435398,-0.15641415119171143,0.11245667934417725,0.07452021033282108,-0.203571617603302,0.15835702419281006,0.084497722394417,-0.24114662408828735,0.18079310655593872,0.08305045456404514,-0.2781832218170166,0.1912153959274292,0.07956628740544147
HOT,0.0,0.0,0.0,-0.10615026950836182,0.013911783695220947,-0.0635592960932172,-0.19856023788452148,0.047683775424957275,-0.0630710148432172,-0.27230900526046753,0.1102074384689331,-0.05414472382449276,-0.32842308282852173,0.18581146001815796,-0.040641231945983236,-0.259296715259552,0.026062309741973877,0.05892920631981724,-0.33308619260787964,0.0665854811668396,0.09111089024759167,-0.3720393776893616,0.11205083131790161,0.10090272639013165,-0.39020997285842896,0.1592053771018982,0.10603993896461361,-0.22273820638656616,0.08992588520050049,0.09412992511010998,-0.29606133699417114,0.13709884881973267,0.14438971642471188,-0.3293724060058594,0.1877683401107788,0.15302668277240628,-0.352031946182251,0.23319685459136963,0.1548489308736407,-0.1837058663368225,0.14223504066467285,0.11603042993760937,-0.2497483491897583,0.19539332389831543,0.15237764779544705,-0.27845704555511475,0.23796582221984863,0.15245799485660427,-0.29794734716415405,0.27990758419036865,0.1479377127072894,-0.13944131135940552,0.19002103805541992,0.12892964247680538,-0.19302016496658325,0.24400222301483154,0.1510601765296542,-0.21627706289291382,0.27609682083129883,0.1564753479144656,-0.2337878942489624,0.3000979423522949,0.15922420982337826
HOT,0.0,0.0,0.0,-0.11049294471740723,0.011452317237854004,-0.061723184872789716,-0.20448338985443115,0.02847743034362793,-0.06352506308667216,-0.2877829670906067,0.07221728563308716,-0.05885411902181659,-0.35873574018478394,0.13736414909362793,-0.05034823446385417,-0.26288628578186035,0.006148815155029297,0.06727462531216588,-0.33743131160736084,0.03454786539077759,0.10357942701466527,-0.3821294903755188,0.0694231390953064,0.1171340149749085,-0.40469956398010254,0.1068466305732727,0.12475329906828847,-0.22468525171279907,0.06869649887084961,0.10092902452834096,-0.3035901188850403,0.09372818470001221,0.15667961807139363,-0.3409850597381592,0.12671661376953125,0.17256954581625905,-0.3735203742980957,0.156569242477417,0.1800915327776238,-0.18442851305007935,0.1254900097846985,0.12055766851790395,-0.2477964162826538,0.1665576696395874,0.16228679091818776,-0.28373563289642334,0.199293851852417,0.1704489615667626,-0.31127381324768066,0.2339845895767212,0.1708459135998055,-0.14067023992538452,0.18421804904937744,0.13031824202425923,-0.19132614135742188,0.2310342788696289,0.15553742916472402,-0.21571087837219238,0.2595973014831543,0.16524973780997243,-0.23516088724136353,0.28156328201293945,0.1709158745516106
HOT,0.0,0.0,0.0,-0.12243711948394775,-0.0004767179489135742,-0.06346729454816114,-0.22109276056289673,0.01838749647140503,-0.06596221086800824,-0.3061015009880066,0.061547696590423584,-0.06364241299451123,-0.3859204649925232,0.11940795183181763,-0.05796779376686345,-0.27270936965942383,0.0005384683609008789,0.07387298288523425,-0.3487626314163208,0.03148674964904785,0.10827769282042254,-0.39329445362091064,0.07165217399597168,0.1160755300778078,-0.41874921321868896,0.11318176984786987,0.11611886265455951,-0.23391610383987427,0.0650758147239685,0.1029546553152727,-0.31385278701782227,0.1088065505027771,0.15159488412319888,-0.35136085748672485,0.15996122360229492,0.14985934587895144,-0.38116347789764404,0.20380645990371704,0.14020746144234408,-0.19025778770446777,0.12155848741531372,0.11715206446825732,-0.2583933472633362,0.17959648370742798,0.1465388307231592,-0.2916128635406494,0.2313671112060547,0.12697701844155063,-0.31425344944000244,0.28128838539123535,0.10530893447577228,-0.14252954721450806,0.17113178968429565,0.12253342511831988,-0.1985262632369995,0.21693551540374756,0.13454898389755954,-0.22705590724945068,0.2564826011657715,0.12244781794726123,-0.24801594018936157,0.2931481599807739,0.10855769308983554
HOT,0.0,0.0,0.0,-0.06255412101745605,-0.12819254398345947,-0.01942039461124523,-0.15569442510604858,-0.20378458499908447,-0.018762115326410367,-0.23931264877319336,-0.25148317217826843,-0.020423455101138188,-0.29809629917144775,-0.2960667908191681,-0.022747307953125073,-0.2137494683265686,-0.1273946762084961,0.017826225671285556,-0.29211533069610596,-0.15970373153686523,0.006260252620393203,-0.34377914667129517,-0.17489326000213623,-0.007723855257665946,-0.3900165557861328,-0.18936747312545776,-0.019078513544684483,-0.23034453392028809,-0.044022560119628906,0.013014763656371997,-0.3244525194168091,-0.04264324903488159,0.005359118401372598,-0.3806946277618408,-0.0488436222076416,-0.008359694790726735,-0.43090325593948364,-0.059344470500946045,-0.019607409772163464,-0.22719740867614746,0.03367793560028076,0.001775467481763826,-0.3168365955352783,0.05107492208480835,-0.009946132947391106,-0.37108707427978516,0.04622972011566162,-0.020849645075088574,-0.41748255491256714,0.031100690364837646,-0.02952267782080753,-0.20724022388458252,0.10945957899093628,-0.012785138499623372,-0.279140830039978,0.13914573192596436,-0.024034347322469785,-0.32483142614364624,0.1382163166999817,-0.027851628076916768,-0.3692057132720947,0.1246609091758728,-0.031070463296657636
HOT,0.0,0.0,0.0,-0.03712385892868042,-0.14145031571388245,-0.018576860991686317,-0.0950765609741211,-0.23578479886054993,-0.02107708771285388,-0.15494585037231445,-0.30053484439849854,-0.02538062502202365,-0.20027285814285278,-0.3597712814807892,-0.02835727539417121,-0.21774059534072876,-0.18281462788581848,0.0236890999549928,-0.29042643308639526,-0.24521729350090027,0.011626049312383202,-0.3401693105697632,-0.2861438989639282,-0.004644196578681203,-0.38279491662979126,-0.32136034965515137,-0.016578687918752166,-0.2503255605697632,-0.10810321569442749,0.017936720880300072,-0.3449554443359375,-0.13506942987442017,0.008523031505376366,-0.4043623208999634,-0.1686113178730011,-0.007712689792185756,-0.4543924331665039,-0.20391011238098145,-0.018598927748769256,-0.25821417570114136,-0.030515611171722412,0.005926577276170519,-0.3525935411453247,-0.03696262836456299,-0.011055368562608692,-0.40984639525413513,-0.06553786993026733,-0.027507186499803993,-0.45933157205581665,-0.10176944732666016,-0.036865175334185096,-0.244093656539917,0.04479330778121948,-0.008556017284661266,-0.3216407299041748,0.04874980449676514,-0.02254449818786952,-0.3632277846336365,0.02476722002029419,-0.025963422474831077,-0.40054285526275635,-0.010833382606506348,-0.02632091064509723
HOT,0.0,0.0,0.0,-0.026635408401489258,-0.14091145992279053,-0.04257847491106759,-0.08683031797409058,-0.26030081510543823,-0.061018997164580924,-0.15119385719299316,-0.35639914870262146,-0.07917855802378426,-0.18499469757080078,-0.44874483346939087,-0.0965284493883587,-0.23605293035507202,-0.2179412692785263,-0.015065531538937194,-0.31571781635284424,-0.29378852248191833,-0.04654894891581307,-0.37286120653152466,-0.33889782428741455,-0.07455153140625725,-0.4206526279449463,-0.3795470893383026,-0.09454925480685006,-0.2711673974990845,-0.14011150598526,-0.017066215457532508,-0.3855241537094116,-0.18860621750354767,-0.0449953911026455,-0.4518052339553833,-0.22950057685375214,-0.06909502420029412,-0.5057602822780609,-0.2701338827610016,-0.08470226201615105,-0.27647513151168823,-0.05995622277259827,-0.026518215717885596,-0.38154304027557373,-0.07168608903884888,-0.05727811280092965,-0.441734254360199,-0.09904411435127258,-0.0759155166467167,-0.4897618293762207,-0.1360175609588623,-0.08673700812659035,-0.25784367322921753,0.024385005235671997,-0.04093665379485856,-0.3339836597442627,0.0369967520236969,-0.06683737907013665,-0.3739089071750641,0.026243001222610474,-0.07500349852642785,-0.406524121761322,0.003799915313720703,-0.07832598808607827
HOT,0.0,0.0,0.0,-0.05601018667221069,-0.13807770609855652,-0.019898292554444197,-0.12683844566345215,-0.23720809817314148,-0.026390378309315565,-0.18959999084472656,-0.3042830228805542,-0.03827403387231243,-0.23227441310882568,-0.3535788357257843,-0.04990912130278957,-0.24890649318695068,-0.19091272354125977,0.016080838682228205,-0.3292824625968933,-0.26095426082611084,-0.008576662225550535,-0.38130682706832886,-0.2997138202190399,-0.03329794010323894,-0.4237472414970398,-0.32711300253868103,-0.050258419422334555,-0.2727622389793396,-0.10579012334346771,0.006443719899380085,-0.3800588548183441,-0.1340319812297821,-0.015069276971644285,-0.4469778835773468,-0.15733414888381958,-0.03780895373029125,-0.5053765177726746,-0.18048611283302307,-0.052956248579448584,-0.2700358033180237,-0.02018563449382782,-0.010226386545127752,-0.3679099678993225,-0.006339550018310547,-0.032967812327569845,-0.43052369356155396,-0.020748451352119446,-0.04926269402903927,-0.48412224650382996,-0.04631584882736206,-0.059786855189031485,-0.24609559774398804,0.06453138589859009,-0.03042634291750801,-0.32540416717529297,0.09454578161239624,-0.048515937236970785,-0.37132528424263,0.09384983777999878,-0.053317393122142676,-0.411013662815094,0.07489010691642761,-0.055654584376043204
HOT,0.0,0.0,0.0,-0.04828441143035889,-0.1446099728345871,-0.015250540936790458,-0.10007578134536743,-0.23855947703123093,-0.01646849200358247,-0.15214455127716064,-0.32158441841602325,-0.024658166470430842,-0.18986427783966064,-0.3694560378789902,-0.031124331655405513,-0.22536683082580566,-0.1778118535876274,0.0590086964494958,-0.2987831234931946,-0.23572739213705063,0.05891361213991786,-0.34685900807380676,-0.26969368755817413,0.05013185493419314,-0.3783179521560669,-0.2904263287782669,0.0443077100045457,-0.2496122121810913,-0.08715091645717621,0.05358482651183749,-0.35730642080307007,-0.11147904768586159,0.058864307922817716,-0.42160385847091675,-0.12843821942806244,0.05094464622209216,-0.47917577624320984,-0.14821550250053406,0.0459384558326974,-0.2504419684410095,-0.005325630307197571,0.038915814233519086,-0.3442065417766571,0.013822272419929504,0.039227993560530194,-0.4034377336502075,0.004687443375587463,0.029081763101316938,-0.45269906520843506,-0.015049390494823456,0.021389675659634122,-0.23085439205169678,0.07822372019290924,0.019997702313162335,-0.30143892765045166,0.10764516890048981,0.019393696782685765,-0.35090187191963196,0.11342735588550568,0.01768591195116187,-0.39153021574020386,0.10012514889240265,0.016015830782748708
HOT,0.0,0.0,0.0,-0.14633554220199585,0.03360369801521301,-0.050366157111398024,-0.2458736002445221,0.07137304544448853,-0.036877484437695784,-0.3216124176979065,0.118022620677948,-0.02202950362550382,-0.3924928903579712,0.18095505237579346,-0.002032632152236147,-0.2814072370529175,0.011118084192276001,0.1191184768409812,-0.35547515749931335,0.04452046751976013,0.1723147058816039,-0.4003106355667114,0.0837196409702301,0.19954812768412467,-0.42243707180023193,0.12264388799667358,0.21721291783762808,-0.2340591549873352,0.06313177943229675,0.15206587556315299,-0.30093759298324585,0.0984986424446106,0.23322944584799643,-0.3385305404663086,0.14401453733444214,0.26316572967482443,-0.37095361948013306,0.17831891775131226,0.28125365320158835,-0.18254172801971436,0.10467004776000977,0.16786808017207022,-0.23709219694137573,0.1503552794456482,0.23108881953669425,-0.26809269189834595,0.18465173244476318,0.24492946508837576,-0.29731130599975586,0.2219337821006775,0.24892544988108511,-0.12741988897323608,0.1488783359527588,0.1726080650420272,-0.15520286560058594,0.2009682059288025,0.2096115970940673,-0.17215919494628906,0.24213051795959473,0.21901573482466574,-0.1885245442390442,0.28138571977615356,0.22592912856055136
HOT,0.0,0.0,0.0,-0.13859790563583374,0.004225552082061768,-0.04149906131340231,-0.23862451314926147,0.009998351335525513,-0.031182752725612772,-0.3278009593486786,0.039040833711624146,-0.021580265638363016,-0.4102436900138855,0.0828268826007843,-0.009348602768909586,-0.27197492122650146,-0.01633778214454651,0.11837845874117647,-0.35053229331970215,0.010559380054473877,0.17049823534773623,-0.39595338702201843,0.04354780912399292,0.19106380474852358,-0.42613115906715393,0.0782691240310669,0.20012613964365755,-0.22732126712799072,0.039055079221725464,0.14203430545614992,-0.3029896318912506,0.07102641463279724,0.20839732718752657,-0.3439120054244995,0.11845788359642029,0.21759937537001406,-0.38252952694892883,0.1493779718875885,0.21745163035677706,-0.17935973405838013,0.09323492646217346,0.15132216942595278,-0.24104928970336914,0.14238885045051575,0.20150887799547945,-0.27798256278038025,0.18565908074378967,0.19943782520579134,-0.3161696791648865,0.22072932124137878,0.1889541430501822,-0.12873739004135132,0.15019270777702332,0.1518140418558005,-0.16857469081878662,0.20958438515663147,0.18076790702627932,-0.19791483879089355,0.2547399699687958,0.18280455303477083,-0.23205691576004028,0.28910908102989197,0.18021265995787417
HOT,0.0,0.0,0.0,-0.06882762908935547,-0.120015949010849,-0.0360382717453831,-0.16346478462219238,-0.1788075566291809,-0.046075928618847684,-0.2599005699157715,-0.2020898163318634,-0.05565829168790515,-0.33162474632263184,-0.23779359459877014,-0.06527087431186374,-0.2444525957107544,-0.08340179920196533,-0.0004174386385784601,-0.3340491056442261,-0.10339364409446716,-0.020553294231831387,-0.39321139454841614,-0.11124643683433533,-0.04017853703135188,-0.44219353795051575,-0.11845004558563232,-0.05558882247441943,-0.2478894591331482,0.003854721784591675,-0.0014495728655674611,-0.3515912890434265,0.02832627296447754,-0.01886856894725497,-0.4166783094406128,0.030785799026489258,-0.03891583498352702,-0.474399209022522,0.028247833251953125,-0.05424348231190379,-0.22993183135986328,0.07957911491394043,-0.009909769182741002,-0.32109808921813965,0.1268138587474823,-0.033905345609127835,-0.3809506297111511,0.14014002680778503,-0.05274797569745715,-0.4343443512916565,0.1404365599155426,-0.06558370183938678,-0.19262689352035522,0.1463344395160675,-0.02227566543751891,-0.25640183687210083,0.20596835017204285,-0.045915659179627255,-0.2997548580169678,0.22261759638786316,-0.05640047009819682,-0.34351977705955505,0.2246510088443756,-0.06320674311155017
HOT,0.0,0.0,0.0,-0.028069615364074707,-0.1301998794078827,-0.05275436667000122,-0.09545683860778809,-0.22589780390262604,-0.07955227595959968,-0.17229342460632324,-0.29580095410346985,-0.10200115842019386,-0.22044676542282104,-0.377689927816391,-0.12408843440209694,-0.23839938640594482,-0.15872439742088318,-0.04452382204328842,-0.32867753505706787,-0.22586797177791595,-0.08452720743810005,-0.3913205862045288,-0.26935017108917236,-0.11665883464013405,-0.44349393248558044,-0.3071286678314209,-0.13912587416564293,-0.2624094486236572,-0.06921765208244324,-0.043687211249221036,-0.3762167692184448,-0.09212645888328552,-0.07808291715775795,-0.44907891750335693,-0.11888262629508972,-0.10430844676886863,-0.5137790143489838,-0.14375174045562744,-0.12129208249245949,-0.2523009777069092,0.014812856912612915,-0.04979345751200981,-0.3542651832103729,0.034324079751968384,-0.08820685547982521,-0.423856258392334,0.029861658811569214,-0.11174522889052696,-0.48725277185440063,0.014597684144973755,-0.1251512969771511,-0.2168182134628296,0.09543225169181824,-0.06047097024713821,-0.2880476713180542,0.1330922544002533,-0.09518053931390114,-0.3352007269859314,0.13200435042381287,-0.1088398898879177,-0.3817346394062042,0.11718317866325378,-0.11551829231177635
HOT,0.0,0.0,0.0,-0.016518115997314453,-0.11289316415786743,-0.057811941993008986,-0.061379075050354004,-0.21242986619472504,-0.09154069800354137,-0.10484260320663452,-0.29958514869213104,-0.12233011801220073,-0.12908458709716797,-0.39587897062301636,-0.15236373622394694,-0.24567121267318726,-0.1937616765499115,-0.04947307337499751,-0.32850152254104614,-0.27841733396053314,-0.0941350944755186,-0.37935590744018555,-0.33650659024715424,-0.1304694004771818,-0.41802841424942017,-0.39577075839042664,-0.15625185151077403,-0.27537840604782104,-0.10665726661682129,-0.05000095073557986,-0.3878783583641052,-0.1467636227607727,-0.08806796748615398,-0.4578247666358948,-0.18699711561203003,-0.1187971644518484,-0.5115652084350586,-0.2371668964624405,-0.14047885317779674,-0.2646417021751404,-0.019833892583847046,-0.05824225772596492,-0.36600756645202637,-0.016097605228424072,-0.10064160455442561,-0.42737579345703125,-0.036774009466171265,-0.1288401224134077,-0.4746899902820587,-0.07993566989898682,-0.14652012665249003,-0.2248958945274353,0.06444698572158813,-0.07186419148422374,-0.29070496559143066,0.09474742412567139,-0.1134825013992895,-0.32539963722229004,0.08501994609832764,-0.1327250339505781,-0.3528018295764923,0.05180281400680542,-0.14331257719970836
HOT,0.0,0.0,0.0,-0.018358945846557617,-0.11449441313743591,-0.05810295854678316,-0.06556481122970581,-0.21243655681610107,-0.09102287580242319,-0.11441075801849365,-0.29798363149166107,-0.1203180073665635,-0.1431291699409485,-0.3897377550601959,-0.14895328571071786,-0.241740882396698,-0.18840447068214417,-0.051312171565200515,-0.3224413990974426,-0.27127498388290405,-0.09411251981725854,-0.3768407702445984,-0.3278612047433853,-0.12843218137493295,-0.4206959903240204,-0.3818901777267456,-0.152823877231981,-0.27298504114151,-0.10046356916427612,-0.05109386210313005,-0.3896732032299042,-0.1384790539741516,-0.08967650373449487,-0.46120303869247437,-0.17750561237335205,-0.11919156153669519,-0.5190266072750092,-0.22277763485908508,-0.1389669298099534,-0.26481950283050537,-0.013802051544189453,-0.05809875269403619,-0.36980271339416504,-0.0033139586448669434,-0.10066488821973962,-0.43384483456611633,-0.021861135959625244,-0.12774148275127573,-0.48385995626449585,-0.05984055995941162,-0.14371594478359384,-0.22837191820144653,0.0685725212097168,-0.07033640583028955,-0.30163949728012085,0.09890240430831909,-0.1097029863761918,-0.3346291184425354,0.08884787559509277,-0.12586828757991952,-0.35685691237449646,0.058268725872039795,-0.13392217149009866
HOT,0.0,0.0,0.0,-0.04734748601913452,-0.13280975818634033,-0.0400382282832652,-0.11669480800628662,-0.2120162546634674,-0.05337152282390889,-0.19933778047561646,-0.2550504505634308,-0.0664071033397704,-0.2614095211029053,-0.30299094319343567,-0.07835963765774068,-0.23847037553787231,-0.1777482032775879,-0.005565927612224186,-0.3286932706832886,-0.23313909769058228,-0.03092281917724904,-0.3858712613582611,-0.2561907470226288,-0.05473963941130933,-0.4348498284816742,-0.27194613218307495,-0.07191559324655827,-0.26317298412323,-0.08678564429283142,-0.004972670475581253,-0.3757127821445465,-0.1029781699180603,-0.02676857660208043,-0.4454375207424164,-0.11282190680503845,-0.04937904352937039,-0.505490243434906,-0.12103298306465149,-0.06579972455892857,-0.25722020864486694,-0.00019428133964538574,-0.012266376304069126,-0.35370612144470215,0.02230215072631836,-0.03642028595004376,-0.41827261447906494,0.02682727575302124,-0.056122478345969284,-0.47394710779190063,0.024156570434570312,-0.06969866553936299,-0.22890841960906982,0.08373892307281494,-0.02428725200388726,-0.29602116346359253,0.11830306053161621,-0.04650511989984807,-0.340609610080719,0.13016951084136963,-0.05792167062554654,-0.380535364151001,0.13199687004089355,-0.06490173588190373
HOT,0.0,0.0,0.0,-0.116363525390625,-0.04080551862716675,-0.06356560638192832,-0.2172796130180359,-0.06521803140640259,-0.06076236268523871,-0.3062556982040405,-0.06865134835243225,-0.0520939437115544,-0.3926861882209778,-0.05123177170753479,-0.037835566457545156,-0.2638774514198303,-0.09758806228637695,0.0622546876406318,-0.35112276673316956,-0.10454535484313965,0.09210932055469812,-0.41199058294296265,-0.09146928787231445,0.10676309267040551,-0.451435923576355,-0.07000550627708435,0.11714955219980538,-0.2410385012626648,-0.02157074213027954,0.09531222829576791,-0.32822489738464355,-0.017155766487121582,0.14737493345495523,-0.387265682220459,0.011807680130004883,0.16675103256460488,-0.43522393703460693,0.03207898139953613,0.17841667482611,-0.20724284648895264,0.044290006160736084,0.11278980026003183,-0.28056424856185913,0.0630614161491394,0.14956068048235238,-0.32770827412605286,0.07904964685440063,0.1549443210100776,-0.3713645935058594,0.0935257077217102,0.15499161729570687,-0.17071807384490967,0.11245197057723999,0.11941904375311196,-0.21799087524414062,0.15387636423110962,0.13571225652452767,-0.25015413761138916,0.1841774582862854,0.13725324520822824,-0.2814304828643799,0.20659297704696655,0.139209350440467
HOT,0.0,0.0,0.0,-0.11526525020599365,-0.008356690406799316,-0.06296327368454513,-0.2177293300628662,-0.00035262107849121094,-0.06249969855980453,-0.300048828125,0.03505432605743408,-0.05582872063951072,-0.36749041080474854,0.0933869481086731,-0.04397282035188255,-0.2816786766052246,-0.0576668381690979,0.06397666378779832,-0.36485525965690613,-0.03754681348800659,0.09667588367028657,-0.4179036021232605,-0.00706171989440918,0.10919180854125443,-0.45203471183776855,0.029899239540100098,0.11686273260875168,-0.25036805868148804,0.011110126972198486,0.09830020709796372,-0.32364392280578613,0.02828216552734375,0.15422159030003968,-0.3666377067565918,0.06895023584365845,0.16984164311452332,-0.40049248933792114,0.10790139436721802,0.17897671057744446,-0.21092909574508667,0.0653073787689209,0.11883119835420075,-0.2740158438682556,0.08871698379516602,0.1675635386900467,-0.31231749057769775,0.11726760864257812,0.178019713302092,-0.3470225930213928,0.15255498886108398,0.18018193139596406,-0.16444242000579834,0.12204545736312866,0.12828726663155976,-0.20201027393341064,0.15599191188812256,0.16068732335133973,-0.2251683473587036,0.18384593725204468,0.17331918670697632,-0.24404597282409668,0.21189504861831665,0.18218043043179932
HOT,0.0,0.0,0.0,-0.11242592334747314,0.03406405448913574,-0.06743918720314923,-0.21422481536865234,0.08770549297332764,-0.07263762864897672,-0.2903099060058594,0.16220855712890625,-0.07146194193194333,-0.34737449884414673,0.24891388416290283,-0.06676173571179334,-0.29400163888931274,0.0543360710144043,0.06069203850199756,-0.36898547410964966,0.11438894271850586,0.08778037514855441,-0.41146790981292725,0.16798192262649536,0.09089626755883273,-0.43492817878723145,0.22273480892181396,0.0898192786829668,-0.24769854545593262,0.11176776885986328,0.09407362725903567,-0.3150193691253662,0.17755061388015747,0.13835090037753162,-0.345134973526001,0.23352044820785522,0.13592643674780902,-0.3607200086116791,0.28683191537857056,0.1299995445864397,-0.19696396589279175,0.1497480273246765,0.1140245684640604,-0.2488943338394165,0.21337610483169556,0.14904415246417102,-0.2757986783981323,0.256309449672699,0.1374274009125429,-0.29465407133102417,0.3077396750450134,0.12351147469451007,-0.13997364044189453,0.17940163612365723,0.1240810641305643,-0.16890931129455566,0.24007737636566162,0.14313752588202533,-0.18469887971878052,0.2836100459098816,0.139475699629088,-0.19397014379501343,0.32920026779174805,0.1349416935103136
HOT,0.0,0.0,0.0,-0.11337625980377197,0.03620505332946777,-0.05921559184236003,-0.2120988965034485,0.10189193487167358,-0.06024424507660342,-0.280517041683197,0.18981558084487915,-0.05665452181739283,-0.32302314043045044,0.2877197265625,-0.047975731635517604,-0.28652262687683105,0.0823507308959961,0.06789840981917905,-0.35867202281951904,0.14355379343032837,0.09813592061954068,-0.40006953477859497,0.19838953018188477,0.10994484499650525,-0.418918251991272,0.2478266954421997,0.11655674353795575,-0.2388659119606018,0.14044243097305298,0.09786641076760816,-0.3005061745643616,0.20322144031524658,0.14912599549251127,-0.32733845710754395,0.25452274084091187,0.16328977272468137,-0.35188841819763184,0.3028596043586731,0.17088748738723325,-0.18745934963226318,0.17425328493118286,0.1136809684391551,-0.23784148693084717,0.23436927795410156,0.1550378225799136,-0.26448655128479004,0.2677672505378723,0.15880616233306455,-0.28944218158721924,0.30968135595321655,0.15600191280799436,-0.12850230932235718,0.20192968845367432,0.11933701709466504,-0.14794176816940308,0.26090890169143677,0.14318897054153013,-0.1583770513534546,0.30036461353302,0.14767869040923642,-0.16667020320892334,0.3365681767463684,0.15001125857787656
HOT,0.0,0.0,0.0,-0.10808837413787842,-0.06052213907241821,-0.028189569772450795,-0.2143380045890808,-0.06574195623397827,-0.019686818183629384,-0.30923253297805786,-0.04271608591079712,-0.01423549285647141,-0.3861343562602997,-0.02925395965576172,-0.008090567835836282,-0.26226556301116943,-0.03136569261550903,0.07325978198531402,-0.35705018043518066,-0.02429133653640747,0.08776195713761581,-0.4134419560432434,-0.011098682880401611,0.082067791311772,-0.4627055823802948,0.0012561678886413574,0.07280175754311813,-0.24043524265289307,0.04027855396270752,0.07972145447018875,-0.32938337326049805,0.07423841953277588,0.09733783820155395,-0.38610580563545227,0.10525423288345337,0.07891472795489562,-0.44038063287734985,0.12424331903457642,0.06018435203912986,-0.20721280574798584,0.10494071245193481,0.07645768293622268,-0.28052401542663574,0.15794533491134644,0.08722556748870147,-0.3285564184188843,0.18809616565704346,0.07165506103518737,-0.3753078579902649,0.20537006855010986,0.054724145619900355,-0.1613776683807373,0.16430646181106567,0.06759304174664749,-0.20734935998916626,0.23242723941802979,0.07177531340602172,-0.24260687828063965,0.2672615051269531,0.0663412920523001,-0.2811310291290283,0.28692716360092163,0.05895655968669189
HOT,0.0,0.0,0.0,-0.020671427249908447,-0.12911608815193176,-0.03704353144479455,-0.06623262166976929,-0.2222033441066742,-0.05943513384175958,-0.11880069971084595,-0.2944905757904053,-0.08101168742490472,-0.1665705442428589,-0.36267441511154175,-0.10045569112611474,-0.22097450494766235,-0.21391654014587402,-0.018557797205573934,-0.28997015953063965,-0.296425998210907,-0.05389861112547578,-0.3331093192100525,-0.35304078459739685,-0.08371682187629403,-0.36799341440200806,-0.40399885177612305,-0.10347114970994653,-0.25825488567352295,-0.1448824405670166,-0.024624354225522893,-0.36019378900527954,-0.20298704504966736,-0.05297460874629678,-0.41685083508491516,-0.2584114670753479,-0.0755573185355729,-0.46256864070892334,-0.31403958797454834,-0.09036523571325006,-0.2645091414451599,-0.06751155853271484,-0.03835345154715242,-0.3627437949180603,-0.07855546474456787,-0.07207099815917672,-0.4147603511810303,-0.11759123206138611,-0.09200252315116586,-0.4572334885597229,-0.17208421230316162,-0.10255650153470697,-0.24493879079818726,0.013211667537689209,-0.05587556680751504,-0.3234114646911621,0.022524237632751465,-0.08287254443479242,-0.37066590785980225,0.002280712127685547,-0.09114887287927331,-0.41209864616394043,-0.03396099805831909,-0.09498583993030252
HOT,0.0,0.0,0.0,-0.04353606700897217,-0.12827423214912415,-0.04510953617381119,-0.12498033046722412,-0.22162187099456787,-0.05840072375821137,-0.20642906427383423,-0.2765606641769409,-0.06944813174294495,-0.26200270652770996,-0.32740388810634613,-0.07986943018721604,-0.26576554775238037,-0.17068129777908325,-0.028702918115129705,-0.3592212200164795,-0.23323863744735718,-0.05781619963335061,-0.4200858473777771,-0.2593257427215576,-0.08135669273423218,-0.47015058994293213,-0.27809062600135803,-0.09888994288729691,-0.28822779655456543,-0.06856691837310791,-0.028383139195909735,-0.40438300371170044,-0.0737186074256897,-0.05439505321072602,-0.47467362880706787,-0.07848349213600159,-0.07655368340300583,-0.5312679708003998,-0.08566409349441528,-0.09282069248246216,-0.2771414518356323,0.024584949016571045,-0.03495559436368012,-0.3770748972892761,0.05202889442443848,-0.06352989715622925,-0.4387197196483612,0.05570852756500244,-0.08250739020394349,-0.4920538067817688,0.04707092046737671,-0.09555206787871384,-0.2381327748298645,0.11094999313354492,-0.04658651691960358,-0.30454307794570923,0.15694373846054077,-0.07536087525176072,-0.34906435012817383,0.17522203922271729,-0.08913374287175202,-0.3919980227947235,0.17800647020339966,-0.09695045244978928
HOT,0.0,0.0,0.0,-0.09332597255706787,-0.10726571083068848,-0.031123813029807934,-0.1924724578857422,-0.1508980095386505,-0.026204574641269573,-0.29172438383102417,-0.14682570099830627,-0.0225689204153241,-0.36616790294647217,-0.15374955534934998,-0.01724449710218323,-0.2717199921607971,-0.10498446226119995,0.0503166171047269,-0.3698606491088867,-0.12315550446510315,0.053690027657467,-0.4286263585090637,-0.12193465232849121,0.044792276087719074,-0.47977662086486816,-0.11594682931900024,0.03542333489986049,-0.2705366015434265,-0.017298400402069092,0.05705672523708927,-0.37405598163604736,0.0004388093948364258,0.06459430998893367,-0.4359201192855835,0.01628798246383667,0.050695490303951374,-0.4881594479084015,0.02527087926864624,0.03785220927329647,-0.25017112493515015,0.06085491180419922,0.05448329469891178,-0.33643561601638794,0.10451877117156982,0.05506188816161739,-0.39075374603271484,0.12153083086013794,0.04218976220818149,-0.43615853786468506,0.12943071126937866,0.030484911266285053,-0.2122521996498108,0.13406866788864136,0.046527855310159794,-0.27028608322143555,0.1869642734527588,0.04152134082050907,-0.31070929765701294,0.206598162651062,0.0351840148005067,-0.34800249338150024,0.21241521835327148,0.030356666285115352
HOT,0.0,0.0,0.0,-0.13489121198654175,-0.04775816202163696,-0.03298357011993858,-0.23965823650360107,-0.05989557504653931,-0.018073680570921624,-0.32797324657440186,-0.04876965284347534,-0.006361497792056525,-0.40975046157836914,-0.028334081172943115,0.007198757266053235,-0.268601655960083,-0.07170736789703369,0.11195793865005044,-0.34984076023101807,-0.07685750722885132,0.1508010861066964,-0.40406155586242676,-0.05676436424255371,0.160070711055198,-0.4453515112400055,-0.029203951358795166,0.16219680873433617,-0.2386302947998047,-0.0004023909568786621,0.12867314485589532,-0.3195265531539917,0.0065482258796691895,0.1810447659877923,-0.37214621901512146,0.0387578010559082,0.18248934415856866,-0.4156915545463562,0.0574074387550354,0.17784274486581353,-0.20415878295898438,0.06702148914337158,0.13226016727963952,-0.2707347869873047,0.09904289245605469,0.17493356136361626,-0.31930094957351685,0.12970036268234253,0.1750012871412423,-0.3611571192741394,0.1524181365966797,0.16734803585092095,-0.16283202171325684,0.1328275203704834,0.127282225766578,-0.2089642882347107,0.1802065372467041,0.1543447759536889,-0.24636906385421753,0.21607816219329834,0.16017527250329522,-0.28036659955978394,0.24273884296417236,0.1613199499038842
HOT,0.0,0.0,0.0,-0.1039506196975708,0.06277740001678467,-0.05120697510466243,-0.20278751850128174,0.14587759971618652,-0.04994757366404201,-0.2689589262008667,0.24089926481246948,-0.04447708916887905,-0.2989387512207031,0.35151541233062744,-0.03721598801240589,-0.24690836668014526,0.1962430477142334,0.07486467170491551,-0.305356502532959,0.28938645124435425,0.10509176659360264,-0.3268616199493408,0.3622778654098511,0.10849588471427296,-0.32937300205230713,0.4160630702972412,0.10746493297591542,-0.18772411346435547,0.2286788821220398,0.10139698642268513,-0.2393420934677124,0.31911832094192505,0.14633282381072377,-0.2552719712257385,0.3975485563278198,0.13947881120219563,-0.26052409410476685,0.4632054567337036,0.12765563386454915,-0.12709081172943115,0.2536662817001343,0.11602142560258244,-0.16351687908172607,0.338360071182251,0.15254656332507466,-0.1755170226097107,0.41528868675231934,0.14304805654063557,-0.18034124374389648,0.48166120052337646,0.12713977056517933,-0.0632365345954895,0.2681756019592285,0.12273722249045704,-0.07863020896911621,0.3474099636077881,0.14576131957545613,-0.08597171306610107,0.40771055221557617,0.1463511522389922,-0.09033858776092529,0.4622209072113037,0.14233478265776967
HOT,0.0,0.0,0.0,-0.11974519491195679,0.040478646755218506,-0.04298737987676304,-0.22420227527618408,0.11690378189086914,-0.040418352631718335,-0.3078608512878418,0.2017117142677307,-0.0394675542394225,-0.37923353910446167,0.27286386489868164,-0.037730119822413144,-0.25377726554870605,0.13675451278686523,0.10100687697729427,-0.32197660207748413,0.2034059762954712,0.1406164582093652,-0.3584328293800354,0.25231242179870605,0.15172883525690395,-0.37820470333099365,0.2919059991836548,0.15365391627153713,-0.20124101638793945,0.1807900071144104,0.11992396071752864,-0.26291489601135254,0.2632133364677429,0.17177642539343196,-0.29215770959854126,0.3205653429031372,0.17086821451982814,-0.32357990741729736,0.3706012964248657,0.163020726593345,-0.14486604928970337,0.21542733907699585,0.1252326484044488,-0.19137144088745117,0.30345332622528076,0.1649633909781869,-0.21525293588638306,0.36472636461257935,0.15365506366094905,-0.23993897438049316,0.41960227489471436,0.13539081469377834,-0.08329570293426514,0.2396174669265747,0.12285972789129573,-0.09667056798934937,0.3231799006462097,0.1474131609519418,-0.10428965091705322,0.3814452886581421,0.14570240333875972,-0.11315715312957764,0.4326514005661011,0.13824689045748073
HOT,0.0,0.0,0.0,-0.019629478454589844,-0.12869146466255188,-0.04469751668892741,-0.06563371419906616,-0.2194443643093109,-0.07136465711317896,-0.10611259937286377,-0.29798001050949097,-0.09724573148213267,-0.13734132051467896,-0.3747926652431488,-0.12315826220236659,-0.232052743434906,-0.2048937976360321,-0.02396134761892199,-0.30106019973754883,-0.2777506709098816,-0.056178041824921365,-0.34133100509643555,-0.32460272312164307,-0.08714532954417109,-0.37880367040634155,-0.3672598898410797,-0.11061847312174677,-0.26468127965927124,-0.14338910579681396,-0.02838186649404406,-0.3743882179260254,-0.2028258740901947,-0.05451855165682673,-0.4422527551651001,-0.24878421425819397,-0.08100605858288645,-0.5036353468894958,-0.2965339124202728,-0.10127233071051478,-0.26744741201400757,-0.07209855318069458,-0.041115318516119714,-0.3751356601715088,-0.0971611738204956,-0.07526635480843424,-0.43826955556869507,-0.13617685437202454,-0.10474860025368571,-0.49532678723335266,-0.18424731492996216,-0.12358404053173899,-0.24458587169647217,0.005238771438598633,-0.05791496960245013,-0.32364946603775024,0.012564122676849365,-0.08732415092907786,-0.3684828281402588,-0.007077157497406006,-0.10179770840130686,-0.4113835096359253,-0.03762942552566528,-0.11206807298384547
HOT,0.0,0.0,0.0,-0.0193026065826416,-0.13712528347969055,-0.04258433769109615,-0.05894637107849121,-0.26432207226753235,-0.07076238135459789,-0.07190358638763428,-0.3846806734800339,-0.09920772204759487,-0.06599843502044678,-0.4899194538593292,-0.12950850317838558,-0.2357034683227539,-0.24408048391342163,-0.03902073244216808,-0.31084537506103516,-0.350306436419487,-0.08227708230378994,-0.3565530776977539,-0.42092595994472504,-0.11871245543125042,-0.3923739790916443,-0.48802700638771057,-0.14471889326932796,-0.2661256790161133,-0.1666458547115326,-0.04880888427260288,-0.3805135190486908,-0.2318902611732483,-0.08534546236160168,-0.4454231858253479,-0.291848748922348,-0.11626595298412212,-0.4924580752849579,-0.35380275547504425,-0.13830562720659145,-0.26209306716918945,-0.08051925897598267,-0.06506981740358242,-0.3702235221862793,-0.10945159196853638,-0.10638311545017132,-0.4246767461299896,-0.16107022762298584,-0.13337650189760097,-0.4647134244441986,-0.22443827986717224,-0.15013702998521694,-0.2314038872718811,0.010787487030029297,-0.08535306195381054,-0.30740219354629517,0.022291600704193115,-0.12609959433439144,-0.3440116047859192,-0.006468832492828369,-0.14343590329053768,-0.37203776836395264,-0.05614262819290161,-0.15260868559244045
HOT,0.0,0.0,0.0,-0.01954561471939087,-0.13850513100624084,-0.0382123598014914,-0.06997537612915039,-0.26497769355773926,-0.055999302223881386,-0.10654318332672119,-0.3825496435165405,-0.07391677881832948,-0.11131554841995239,-0.48292089998722076,-0.09295300479288926,-0.22271060943603516,-0.2322445511817932,-0.016671367839535378,-0.29392462968826294,-0.31875473260879517,-0.04733516360875001,-0.33927667140960693,-0.3786207586526871,-0.07718026723023286,-0.37774747610092163,-0.432452067732811,-0.0995059617912375,-0.2572692632675171,-0.15576517581939697,-0.02243141356166234,-0.367847740650177,-0.21361643075942993,-0.047466878697832726,-0.4304191470146179,-0.2615911066532135,-0.07251989926453462,-0.48239055275917053,-0.30795878171920776,-0.09091059203501572,-0.26068562269210815,-0.07480251789093018,-0.03503143872376313,-0.36682945489883423,-0.10618150234222412,-0.06489847685452332,-0.42668429017066956,-0.14826130867004395,-0.08563415046091905,-0.47825631499290466,-0.19672057032585144,-0.09898072566147675,-0.24036312103271484,0.010555505752563477,-0.05201444859858384,-0.3220874071121216,0.014801859855651855,-0.08123786087389817,-0.37168920040130615,-0.004119277000427246,-0.0931251057540976,-0.41818392276763916,-0.03699827194213867,-0.0997457363760077
HOT,0.0,0.0,0.0,-0.0899118185043335,-0.10962754487991333,-0.04744221115021219,-0.17325931787490845,-0.17966127395629883,-0.04446370744614114,-0.26467907428741455,-0.22402125597000122,-0.04085943692831506,-0.3466898202896118,-0.25941845774650574,-0.03398972594646921,-0.22791606187820435,-0.2146800458431244,0.08357945239635,-0.31055665016174316,-0.25605955719947815,0.10978012687058936,-0.3702769875526428,-0.2623498737812042,0.11341849869580756,-0.41710174083709717,-0.25589531660079956,0.11307440853209982,-0.22850406169891357,-0.13720816373825073,0.10476143068166266,-0.31699860095977783,-0.16769707202911377,0.14518957740159522,-0.37970060110092163,-0.16073715686798096,0.14683187908025275,-0.43281471729278564,-0.15864679217338562,0.14440903967710028,-0.2213050127029419,-0.05613243579864502,0.11229322260709296,-0.30285561084747314,-0.05847138166427612,0.14483738845677863,-0.3577374219894409,-0.053366005420684814,0.1489721179613639,-0.40873202681541443,-0.05296283960342407,0.14637246137948523,-0.2043614387512207,0.030888676643371582,0.11032218641133795,-0.2653080224990845,0.055669546127319336,0.12993260628076087,-0.30856984853744507,0.06744837760925293,0.13680154985280524,-0.35204198956489563,0.07183414697647095,0.14056430167050848
HOT,0.0,0.0,0.0,-0.14018315076828003,-0.00732421875,-0.05831274487781002,-0.2451772689819336,-0.004076361656188965,-0.04980754577326252,-0.32841968536376953,0.026631832122802734,-0.0368664460699506,-0.3971995711326599,0.07827234268188477,-0.0191993033956237,-0.28899073600769043,-0.096932053565979,0.09912922135782765,-0.3560570478439331,-0.08487337827682495,0.1459566121478133,-0.4045359790325165,-0.06403768062591553,0.1632162695307784,-0.4315298795700073,-0.02995753288269043,0.1724805300612502,-0.2572184205055237,-0.02361476421356201,0.1331266378541045,-0.3257294297218323,0.004299521446228027,0.20059827617598103,-0.35974931716918945,0.04431760311126709,0.21506763152075337,-0.38717514276504517,0.07902437448501587,0.22300095013571308,-0.21813219785690308,0.036059796810150146,0.15207519284678028,-0.28334254026412964,0.06324052810668945,0.2018549060006194,-0.314056396484375,0.09168237447738647,0.2034267847914748,-0.3406401574611664,0.12562519311904907,0.20091404668283985,-0.17125290632247925,0.08916729688644409,0.16100459448290394,-0.21216386556625366,0.1279134750366211,0.1879393374104552,-0.22786056995391846,0.15574318170547485,0.192969418086534,-0.2373216152191162,0.1840251088142395,0.19803913585138844
HOT,0.0,0.0,0.0,-0.11335599422454834,-0.06985723972320557,-0.04641428646550594,-0.21174359321594238,-0.09646099805831909,-0.03493656647310672,-0.30195945501327515,-0.08716875314712524,-0.02118269038305698,-0.37259262800216675,-0.08568060398101807,-0.003359342328394632,-0.27120810747146606,-0.1349671483039856,0.08264312463893475,-0.3585227131843567,-0.16899269819259644,0.10902719515456738,-0.413627564907074,-0.16172778606414795,0.11285930442704739,-0.45647817850112915,-0.1475830078125,0.11143569964065136,-0.2576875686645508,-0.06003737449645996,0.10523268151177945,-0.3537827134132385,-0.05629539489746094,0.14029231238259854,-0.4081725478172302,-0.03982865810394287,0.13624676632775845,-0.46236562728881836,-0.034607887268066406,0.12827941346063199,-0.23100817203521729,0.011833429336547852,0.11399833428754391,-0.31349050998687744,0.029606640338897705,0.1341452853669125,-0.36426734924316406,0.040101706981658936,0.11874463724984707,-0.4113636612892151,0.0399898886680603,0.1033971341241795,-0.19486528635025024,0.08634185791015625,0.11535521167411389,-0.2527872323989868,0.12959760427474976,0.12419169711961331,-0.28940361738204956,0.1536703109741211,0.11672008353366436,-0.3277992010116577,0.1632387638092041,0.10864900368346753
HOT,0.0,0.0,0.0,-0.04293423891067505,-0.14518803358078003,-0.029401330802215853,-0.12083041667938232,-0.23759198188781738,-0.035394080508126535,-0.20804035663604736,-0.30082613229751587,-0.04231676884330682,-0.26719439029693604,-0.3656797707080841,-0.04915427096523217,-0.21795648336410522,-0.20673096179962158,0.009753616933153353,-0.3010353446006775,-0.2738284170627594,-0.00877404451705388,-0.35358619689941406,-0.30887743830680847,-0.027629616263880052,-0.39860326051712036,-0.3378325402736664,-0.041988272744788446,-0.24539893865585327,-0.1314489245414734,0.007449318129943094,-0.3480275273323059,-0.1802300214767456,-0.006052078272773542,-0.40918153524398804,-0.21357667446136475,-0.0232984261248248,-0.4660634696483612,-0.24467656016349792,-0.037145887095107355,-0.24970948696136475,-0.05158591270446777,-0.0027468929193901204,-0.34893059730529785,-0.06382501125335693,-0.02136320114470891,-0.4071270227432251,-0.08169084787368774,-0.03640132449902467,-0.45687928795814514,-0.10709315538406372,-0.047602735984696665,-0.23416590690612793,0.034470200538635254,-0.01692930847741536,-0.3098611831665039,0.04779595136642456,-0.03408382885493211,-0.35519272089004517,0.03853332996368408,-0.04099509172476701,-0.39940309524536133,0.01834350824356079,-0.046330687183512964
HOT,0.0,0.0,0.0,-0.041362226009368896,-0.16007673740386963,-0.026832413121155696,-0.11767840385437012,-0.28398704528808594,-0.027157306863955455,-0.1968930959701538,-0.3771277070045471,-0.030024571537069278,-0.24999094009399414,-0.4557080417871475,-0.03315925431161304,-0.21276777982711792,-0.24632233381271362,0.028044579357811017,-0.29122138023376465,-0.31981074810028076,0.013248788000055356,-0.3419215679168701,-0.3597475588321686,-0.008615507937065559,-0.3877675533294678,-0.39694567024707794,-0.02627361585109611,-0.2473926544189453,-0.16814568638801575,0.02476659584135632,-0.3488750457763672,-0.2202768325805664,0.013881814473279519,-0.41350916028022766,-0.25604724884033203,-0.008476911305479007,-0.46834877133369446,-0.2945813536643982,-0.027501845925144153,-0.25955939292907715,-0.08625185489654541,0.013146674067684216,-0.35767456889152527,-0.11627894639968872,-0.0030442748284258414,-0.4149506092071533,-0.14981910586357117,-0.018606115325383143,-0.46105825901031494,-0.19179630279541016,-0.03129916471152683,-0.25378233194351196,0.002982020378112793,-0.0028728870274790097,-0.3317997455596924,0.00392681360244751,-0.019081635593465762,-0.37682297825813293,-0.014970123767852783,-0.025972115068725543,-0.4163084626197815,-0.04798614978790283,-0.03152438831239124
HOT,0.0,0.0,0.0,-0.1442279815673828,-0.07740670442581177,-0.028148552621757972,-0.24854224920272827,-0.12154251337051392,-0.0008356683399028952,-0.3340355157852173,-0.12861758470535278,0.02458632342978717,-0.41496923565864563,-0.1363343596458435,0.0516181716369033,-0.23798894882202148,-0.18200135231018066,0.1311084756301284,-0.321441113948822,-0.21572774648666382,0.18280896336301566,-0.381503701210022,-0.21272605657577515,0.20059983224138023,-0.4276841878890991,-0.19824957847595215,0.20859326214059593,-0.21798652410507202,-0.09909546375274658,0.15399983317121269,-0.30313628911972046,-0.11013120412826538,0.2215719947265029,-0.37386852502822876,-0.094432532787323,0.2255116829322219,-0.42029622197151184,-0.0855567455291748,0.2204714247630477,-0.19636696577072144,-0.018964052200317383,0.16375557870134116,-0.27027028799057007,-0.002191007137298584,0.21949250787957908,-0.3257196545600891,0.016466081142425537,0.2128090837643981,-0.37517422437667847,0.02645951509475708,0.1987274119304061,-0.17372822761535645,0.06285041570663452,0.16577203363641502,-0.2309880256652832,0.0939483642578125,0.2021439203666091,-0.2685853838920593,0.11986547708511353,0.20524237841829063,-0.30663353204727173,0.13492447137832642,0.20318192035421134
COLD,0.0,0.0,0.0,-0.0908539891242981,-0.10056674480438232,-0.08441514633398128,-0.1628856658935547,-0.228723406791687,-0.08841674141388012,-0.23120951652526855,-0.29902005195617676,-0.06972033642034603,-0.26141655445098877,-0.3292085528373718,-0.03904996923904491,-0.008362352848052979,-0.3870103359222412,-0.024693018941093214,-0.15275925397872925,-0.4329497218132019,-0.02731063887279106,-0.16582107543945312,-0.34889352321624756,-0.03725207708578182,-0.1377882957458496,-0.2975977957248688,-0.040158723665285834,-0.0042882561683654785,-0.3601188659667969,0.032354268061112634,-0.15022766590118408,-0.403623104095459,0.021970127524923555,-0.16210758686065674,-0.31710508465766907,0.003219863448407523,-0.1320536732673645,-0.26077380776405334,-0.003002137828502782,-0.016692161560058594,-0.32455360889434814,0.08297762163181233,-0.14804625511169434,-0.3515630066394806,0.07089976854820179,-0.16244500875473022,-0.28818732500076294,0.04684902988572048,-0.13676774501800537,-0.24010050296783447,0.038767049836110345,-0.03073662519454956,-0.29063424468040466,0.12844216712016987,-0.1297864317893982,-0.31566229462623596,0.11467870213289189,-0.1436096429824829,-0.26265814900398254,0.10060080029268192,-0.12254869937896729,-0.21143770217895508,0.09995020814437794
COLD,0.0,0.0,0.0,-0.09607785940170288,-0.10332584381103516,-0.08394546927081592,-0.1620756983757019,-0.241668701171875,-0.09400697172748096,-0.22175174951553345,-0.31717997789382935,-0.08388438196050174,-0.2543116807937622,-0.3465283215045929,-0.06445004911290653,0.0024820566177368164,-0.3939796984195709,-0.03233242527710445,-0.14353740215301514,-0.437311053276062,-0.0418537904428149,-0.15910696983337402,-0.3547897934913635,-0.054171563397517275,-0.1300315260887146,-0.3022996783256531,-0.05824990318285472,0.01620548963546753,-0.36168429255485535,0.020809842933545042,-0.13716793060302734,-0.3913193941116333,0.0019027108406817206,-0.1540900468826294,-0.3016106188297272,-0.018347534622421335,-0.1283058524131775,-0.24783962965011597,-0.02467342958914287,0.009245514869689941,-0.32086610794067383,0.06773140906227582,-0.1353389024734497,-0.32906654477119446,0.048557533611187864,-0.154915452003479,-0.26033544540405273,0.026693858866224218,-0.13425177335739136,-0.21188491582870483,0.020682151157984663,-0.0014979839324951172,-0.28351733088493347,0.10969883083237164,-0.11358398199081421,-0.29199615120887756,0.09300866602791302,-0.13087379932403564,-0.22938209772109985,0.08174015461338513,-0.11307930946350098,-0.1765233278274536,0.08321288107765668
COLD,0.0,0.0,0.0,-0.05702108144760132,-0.10661149024963379,-0.05615442098741141,-0.11105966567993164,-0.23495841026306152,-0.05874672757153121,-0.1495218276977539,-0.30418258905410767,-0.05212582127813903,-0.16313832998275757,-0.3336583077907562,-0.03465271221165267,0.01436525583267212,-0.36459025740623474,0.003093050870404568,-0.07938206195831299,-0.4182048439979553,-0.024386229381605062,-0.07304936647415161,-0.34413281083106995,-0.049869949386163626,-0.03494209051132202,-0.30258551239967346,-0.061295947448058996,-0.004244625568389893,-0.33885568380355835,0.02946774808998498,-0.09771877527236938,-0.38495177030563354,-0.0005789076482756172,-0.08461558818817139,-0.3055238127708435,-0.020658070609613333,-0.03774374723434448,-0.27250349521636963,-0.024727825463457975,-0.028560340404510498,-0.30050987005233765,0.04632326362963113,-0.11347264051437378,-0.3362950086593628,0.016686120613769617,-0.10427892208099365,-0.2716915011405945,0.005701277948276129,-0.06339395046234131,-0.2348768711090088,0.009886919132725325,-0.04710596799850464,-0.2523670196533203,0.05811600907082948,-0.11149060726165771,-0.2928332984447479,0.04000137521262559,-0.10495501756668091,-0.24939393997192383,0.03793901352520379,-0.06979477405548096,-0.21101301908493042,0.046321386083320704
COLD,0.0,0.0,0.0,-0.02559220790863037,-0.10637211799621582,-0.06592896886269273,-0.07815361022949219,-0.22759854793548584,-0.06952701814572038,-0.13530874252319336,-0.30060237646102905,-0.062029990629355325,-0.16554325819015503,-0.3341669738292694,-0.039797402248780145,0.01921290159225464,-0.34895944595336914,0.019733505993087874,-0.06561768054962158,-0.41695523262023926,-0.01005986359069766,-0.06100994348526001,-0.3454150855541229,-0.03369549967447938,-0.03433537483215332,-0.2972199320793152,-0.03955416314403237,-0.019567251205444336,-0.3177151679992676,0.05216047607262908,-0.09871798753738403,-0.37465569376945496,0.017700577824314223,-0.08535581827163696,-0.2978491187095642,-0.006355715711663379,-0.054148852825164795,-0.2646016478538513,-0.007957645022372617,-0.05630272626876831,-0.28116804361343384,0.07198638908465682,-0.12197059392929077,-0.3174261450767517,0.03862281210621177,-0.10909855365753174,-0.25837188959121704,0.019220997317631827,-0.08259826898574829,-0.22814607620239258,0.02185971729358016,-0.08030742406845093,-0.2401863932609558,0.08624632351001082,-0.1301897168159485,-0.27819186449050903,0.07082079790433227,-0.12164485454559326,-0.23554730415344238,0.06469866327842055,-0.09674906730651855,-0.1991795301437378,0.07137711785634338
COLD,0.0,0.0,0.0,-0.06849724054336548,-0.10829401016235352,-0.07297673829424411,-0.13749808073043823,-0.23563337326049805,-0.08370254196751148,-0.21897679567337036,-0.30208468437194824,-0.08123738326656849,-0.2753106355667114,-0.3385835886001587,-0.07343132056820423,-0.017646193504333496,-0.3923972547054291,-0.007988652294159237,-0.17838513851165771,-0.4353024959564209,-0.026205400084734265,-0.18605947494506836,-0.35802626609802246,-0.042121600439429585,-0.1598830223083496,-0.3064929246902466,-0.04566201203095943,-0.02751016616821289,-0.3575323224067688,0.03139033533108204,-0.18119513988494873,-0.3714621663093567,0.005795480603694614,-0.19131696224212646,-0.2814069986343384,-0.022729884912848775,-0.17514336109161377,-0.22554242610931396,-0.032288156529546086,-0.045774638652801514,-0.31178486347198486,0.0631175785459277,-0.18009966611862183,-0.29825466871261597,0.03752866751921147,-0.19579827785491943,-0.21968889236450195,0.009072280409156974,-0.18325430154800415,-0.17070788145065308,0.0013693301373791655,-0.06126582622528076,-0.2587830424308777,0.09068741641414135,-0.16507816314697266,-0.2527608275413513,0.07223041347634762,-0.17976605892181396,-0.18611901998519897,0.06164917341840237,-0.165632963180542,-0.13544291257858276,0.06524698428285092
COLD,0.0,0.0,0.0,-0.09091514348983765,-0.09969687461853027,-0.08924534892332758,-0.16863548755645752,-0.23346668481826782,-0.09833464001906123,-0.24241876602172852,-0.29866892099380493,-0.08793300365698542,-0.28159379959106445,-0.31999725103378296,-0.06532329296362605,-0.028651058673858643,-0.40608489513397217,-0.015771714725019592,-0.1814761757850647,-0.4403415322303772,-0.031444467358710426,-0.18135374784469604,-0.3451370596885681,-0.047208908699872154,-0.1427716612815857,-0.2953977584838867,-0.05120921482932772,-0.03003138303756714,-0.37275630235671997,0.0363604428838471,-0.18471026420593262,-0.3910934329032898,0.008078752331016403,-0.17648905515670776,-0.29609519243240356,-0.01194171582949366,-0.13652026653289795,-0.2458040714263916,-0.012662373237731117,-0.047209858894348145,-0.32777148485183716,0.07881325507867132,-0.1850873827934265,-0.32421326637268066,0.05091720471489225,-0.17983585596084595,-0.2512859106063843,0.030575197435496193,-0.14502257108688354,-0.211101233959198,0.030856225885031563,-0.06387823820114136,-0.28355270624160767,0.11501870328891073,-0.17232751846313477,-0.2845936417579651,0.09195545340287481,-0.16932952404022217,-0.2197532057762146,0.08026253456580434,-0.13443124294281006,-0.17226797342300415,0.08502002830016409
COLD,0.0,0.0,0.0,-0.08742880821228027,-0.10642290115356445,-0.08806952821049663,-0.17100459337234497,-0.23269206285476685,-0.09219411747488948,-0.25100576877593994,-0.30004698038101196,-0.07737579183611842,-0.29066991806030273,-0.3194925785064697,-0.048753451425170624,-0.050740063190460205,-0.4005555212497711,0.001841555014664209,-0.1936720609664917,-0.4327763319015503,-0.008774220812654221,-0.18983250856399536,-0.3426423668861389,-0.023661194238400185,-0.15047496557235718,-0.2975626587867737,-0.027455597985124314,-0.054007112979888916,-0.3596852421760559,0.05553900836076764,-0.19343632459640503,-0.38233843445777893,0.03199757648673085,-0.17937827110290527,-0.29396486282348633,0.007473996505552805,-0.13568079471588135,-0.2523210048675537,0.0032715165432932736,-0.07056033611297607,-0.3093257546424866,0.09882496310439137,-0.19290459156036377,-0.3161020874977112,0.07447384310927418,-0.18455195426940918,-0.25107133388519287,0.048373393845224655,-0.14688551425933838,-0.21418195962905884,0.04473943276371983,-0.0858575701713562,-0.2615169286727905,0.13590918494429616,-0.17948639392852783,-0.2720784544944763,0.11869400007691411,-0.17422914505004883,-0.21608388423919678,0.10585530115332631,-0.13789302110671997,-0.1708775758743286,0.10877898348536519
COLD,0.0,0.0,0.0,-0.10222375392913818,-0.126836895942688,-0.07472218900892358,-0.17917519807815552,-0.2579169273376465,-0.0693343165514193,-0.2455226182937622,-0.32957375049591064,-0.04660281121704202,-0.284038245677948,-0.35335612297058105,-0.013430332317682314,-0.03585606813430786,-0.4048118591308594,0.01874353781369109,-0.17153114080429077,-0.4497119188308716,0.028659828454522085,-0.1833457350730896,-0.3660050630569458,0.02505474582341094,-0.15255826711654663,-0.31296706199645996,0.02588533096042056,-0.02708578109741211,-0.3646147549152374,0.07304766446378608,-0.16474229097366333,-0.38668549060821533,0.07565825849798102,-0.17547118663787842,-0.2958231568336487,0.054175015986231756,-0.14267432689666748,-0.24666112661361694,0.044445261806515646,-0.03576594591140747,-0.31249088048934937,0.11907167404916663,-0.16100668907165527,-0.3119879364967346,0.11463805705335517,-0.1755756139755249,-0.24480819702148438,0.08231620162752051,-0.14721912145614624,-0.196788489818573,0.06789020866182227,-0.047243356704711914,-0.2641354203224182,0.1605592113735952,-0.13800930976867676,-0.26553183794021606,0.15647860288646598,-0.15072417259216309,-0.21139127016067505,0.14140557169940848,-0.12813937664031982,-0.1612842082977295,0.13809761822250266
COLD,0.0,0.0,0.0,-0.06210911273956299,-0.11856997013092041,-0.06921919463735549,-0.12863481044769287,-0.24921566247940063,-0.06838104157310454,-0.19257301092147827,-0.3187185823917389,-0.05232821060877768,-0.2273884415626526,-0.33660557866096497,-0.02332595205467669,0.0019600987434387207,-0.37330004572868347,0.012135932868602595,-0.11838555335998535,-0.42996156215667725,0.0020059986917999595,-0.12141245603561401,-0.3491562008857727,-0.015324089960870424,-0.08997517824172974,-0.30055081844329834,-0.02185173919957606,-0.01914435625076294,-0.3399165868759155,0.05345945031780275,-0.13458997011184692,-0.39353489875793457,0.03776573733824762,-0.13160806894302368,-0.31209489703178406,0.015273442207160315,-0.09587287902832031,-0.26555418968200684,0.008516089706006369,-0.049676358699798584,-0.29885023832321167,0.08543137432474168,-0.1513134241104126,-0.33492010831832886,0.07050845743555101,-0.14804112911224365,-0.2759414315223694,0.04802698241013559,-0.11536973714828491,-0.23812419176101685,0.042074460251512846,-0.07437455654144287,-0.25386351346969604,0.11193363340038331,-0.15044087171554565,-0.2922186851501465,0.10448957951206239,-0.1462721824645996,-0.24830687046051025,0.09673958243268999,-0.11541235446929932,-0.20611602067947388,0.09898415924448045
COLD,0.0,0.0,0.0,-0.065945565700531,-0.12585967779159546,-0.06583746848042438,-0.13314807415008545,-0.2521997094154358,-0.06068214726980159,-0.19325190782546997,-0.32168322801589966,-0.042879580979899856,-0.22787690162658691,-0.3453325033187866,-0.012258143624023887,-0.007591605186462402,-0.37119045853614807,0.035630371893091706,-0.12250548601150513,-0.4267599880695343,0.026071597362204102,-0.1217387318611145,-0.3555651903152466,0.008273245306952504,-0.08895480632781982,-0.30554741621017456,0.0034967958985703262,-0.030018866062164307,-0.33140072226524353,0.07767443033520749,-0.13325464725494385,-0.38385340571403503,0.06266103359524777,-0.1265828013420105,-0.31096982955932617,0.03553347336713841,-0.09204089641571045,-0.2700345516204834,0.027712222660227326,-0.056032776832580566,-0.2861698865890503,0.10881003412072232,-0.14624851942062378,-0.3178672790527344,0.09370673867528012,-0.14357787370681763,-0.2670329809188843,0.06356361928050092,-0.11339890956878662,-0.23315095901489258,0.05475745024745038,-0.0753178596496582,-0.24184304475784302,0.13478356274430325,-0.14253634214401245,-0.27199995517730713,0.12861726852719357,-0.14326924085617065,-0.2310747504234314,0.1157017243153291,-0.11595511436462402,-0.19003891944885254,0.11516359123055508
COLD,0.0,0.0,0.0,-0.06376838684082031,-0.10979533195495605,-0.08188755865575104,-0.12685859203338623,-0.23622500896453857,-0.08942266608954696,-0.19085609912872314,-0.3030371069908142,-0.07830199654580383,-0.22254568338394165,-0.3137592673301697,-0.05518541912914543,0.012265324592590332,-0.37783491611480713,-0.011834371456814097,-0.12257033586502075,-0.4163540303707123,-0.024289748253238486,-0.12802189588546753,-0.3322363495826721,-0.03812182377458839,-0.09589064121246338,-0.2844786047935486,-0.041004181461346434,-0.001199960708618164,-0.34320831298828125,0.037157855374800874,-0.1347457766532898,-0.3746652603149414,0.0121287148502347,-0.13620471954345703,-0.2854456901550293,-0.00928175132156639,-0.10271084308624268,-0.23251712322235107,-0.01102625168294935,-0.027574241161346436,-0.30102503299713135,0.07777818237065048,-0.1476520299911499,-0.315672367811203,0.05216873381851883,-0.15219587087631226,-0.24585163593292236,0.03049793597875805,-0.12268686294555664,-0.1992291808128357,0.030275126366007044,-0.049484074115753174,-0.2618297338485718,0.11337915007590027,-0.14161860942840576,-0.2841991186141968,0.09381162319897385,-0.14469093084335327,-0.22747784852981567,0.08365505133389206,-0.1145368218421936,-0.17744886875152588,0.08919579480408402
COLD,0.0,0.0,0.0,-0.11913883686065674,-0.08666384220123291,-0.07654704472884077,-0.19229364395141602,-0.21310681104660034,-0.08731055579050917,-0.24910879135131836,-0.27767425775527954,-0.08008859625920195,-0.2902480363845825,-0.3073732554912567,-0.06793387553557295,-0.05492353439331055,-0.3883036971092224,-0.03368621266349692,-0.20952552556991577,-0.408887654542923,-0.033652554665650314,-0.223067045211792,-0.3197133541107178,-0.03626133820876021,-0.1927649974822998,-0.26320594549179077,-0.03523027471169371,-0.029350459575653076,-0.36261051893234253,0.013833135898266846,-0.20175039768218994,-0.35377025604248047,0.0023179248171345535,-0.2201927900314331,-0.2537848949432373,-0.011429171477402633,-0.19666898250579834,-0.18359166383743286,-0.014897242587949222,-0.026915788650512695,-0.31840017437934875,0.05720272340909105,-0.1853492259979248,-0.29342812299728394,0.04473408737317186,-0.20806670188903809,-0.21090441942214966,0.027926348681603486,-0.19291698932647705,-0.14593398571014404,0.02340443112984758,-0.02817988395690918,-0.2717830538749695,0.0959296567095862,-0.15434998273849487,-0.2524399757385254,0.07913613745108705,-0.1733749508857727,-0.1857946515083313,0.06778288313284975,-0.15875625610351562,-0.13323229551315308,0.06913532742396455
COLD,0.0,0.0,0.0,-0.10847842693328857,-0.10197466611862183,-0.06741733720303955,-0.17792505025863647,-0.22575318813323975,-0.07002846767903748,-0.2384713888168335,-0.2900962233543396,-0.05721836408378067,-0.270039439201355,-0.3091357946395874,-0.03789831196667137,-0.0386543869972229,-0.387492835521698,-0.0016430210020530467,-0.18372118473052979,-0.41426581144332886,0.0036701740532976146,-0.19757235050201416,-0.3323992192745209,-0.0009233140667106454,-0.16687524318695068,-0.2765296697616577,-0.0008139140485923235,-0.021379172801971436,-0.34924593567848206,0.04434515664576111,-0.17409390211105347,-0.35845428705215454,0.03900032991765556,-0.18498218059539795,-0.27124708890914917,0.021085800027833557,-0.1556810736656189,-0.2146020531654358,0.015215772560225105,-0.024050116539001465,-0.29631271958351135,0.0850830090999466,-0.16489708423614502,-0.28606927394866943,0.07571038732527313,-0.18176352977752686,-0.21947860717773438,0.05208656693099556,-0.15885084867477417,-0.1668453812599182,0.04437435547112045,-0.030352413654327393,-0.24672263860702515,0.12218865135906753,-0.14294058084487915,-0.2381024956703186,0.10973516235350189,-0.15764838457107544,-0.1798943281173706,0.09744198004005966,-0.13573592901229858,-0.1293831467628479,0.09817515442369995
COLD,0.0,0.0,0.0,-0.11885833740234375,-0.09149092435836792,-0.06974777514142261,-0.20229047536849976,-0.21480464935302734,-0.07642731005353198,-0.270669549703598,-0.27710312604904175,-0.06768294358653293,-0.31762030720710754,-0.30549126863479614,-0.05290507460040317,-0.08171230554580688,-0.3993000388145447,-0.010745709110324242,-0.23554128408432007,-0.41635391116142273,-0.005749525316332438,-0.2530384063720703,-0.33544328808784485,-0.009157744515960076,-0.22838687896728516,-0.2817998230457306,-0.00825790250701175,-0.05268985033035278,-0.37173205614089966,0.034043614472921035,-0.21582192182540894,-0.3606116771697998,0.033115909155185363,-0.23051077127456665,-0.27303048968315125,0.0173343612809731,-0.20976686477661133,-0.2155032753944397,0.010810773540015362,-0.04312789440155029,-0.32494768500328064,0.07399564301567807,-0.19357508420944214,-0.2934522330760956,0.07029793476658597,-0.2136247158050537,-0.22272062301635742,0.050180078204448364,-0.1987619400024414,-0.16793090105056763,0.0423779047091557,-0.03769761323928833,-0.27504658699035645,0.10963604664402737,-0.1588338017463684,-0.25793033838272095,0.10199231719570889,-0.17765682935714722,-0.19825583696365356,0.09423586791353955,-0.16427969932556152,-0.14532488584518433,0.09730850225287213
COLD,0.0,0.0,0.0,-0.1255580186843872,-0.08572643995285034,-0.07446226661801347,-0.2151498794555664,-0.20562225580215454,-0.08088352715373048,-0.2847060561180115,-0.2608630061149597,-0.06985782271027574,-0.3282018005847931,-0.28501003980636597,-0.05195149590969095,-0.08517950773239136,-0.40803956985473633,-0.016698973232507797,-0.24006354808807373,-0.41140222549438477,-0.016955854350328536,-0.24988508224487305,-0.3214159905910492,-0.02464230542778978,-0.21620017290115356,-0.26472681760787964,-0.025913787984848113,-0.06304949522018433,-0.37730130553245544,0.03287919054031363,-0.22681593894958496,-0.3552592098712921,0.02308716627061358,-0.2351486086845398,-0.2546898424625397,0.002825500464439301,-0.20527812838554382,-0.19293689727783203,-0.004690848270058723,-0.060069382190704346,-0.32629379630088806,0.07744224185347548,-0.21020641922950745,-0.2888782322406769,0.06571227872967711,-0.22660571336746216,-0.2070777416229248,0.0419015716969966,-0.20590507984161377,-0.1455986499786377,0.03420070374608031,-0.05936121940612793,-0.2760334610939026,0.11790581608414641,-0.1771966814994812,-0.2493745982646942,0.10386566633582106,-0.19205805659294128,-0.17906194925308228,0.09223098123669615,-0.17329156398773193,-0.12263631820678711,0.09417069519162169
COLD,0.0,0.0,0.0,-0.0901404619216919,-0.11767745018005371,-0.07563733412939655,-0.15958350896835327,-0.24618005752563477,-0.07304786249119388,-0.22111272811889648,-0.3097952604293823,-0.05059029265362369,-0.2467983365058899,-0.33160871267318726,-0.017727545565549008,-0.011989235877990723,-0.3886067867279053,-0.004623935660902134,-0.14257383346557617,-0.42603814601898193,0.000574577671386578,-0.15540093183517456,-0.3474801778793335,-0.005689704893711678,-0.12827539443969727,-0.29817524552345276,-0.007833131691995732,-0.006891191005706787,-0.35035568475723267,0.047123829731162914,-0.1421605944633484,-0.37836822867393494,0.04677612976115597,-0.15346169471740723,-0.2983101010322571,0.027754365363534816,-0.12452346086502075,-0.2503361999988556,0.01779453539234055,-0.0209389328956604,-0.30351442098617554,0.09193622962516201,-0.1448778510093689,-0.3158280849456787,0.08600582824033154,-0.15512895584106445,-0.2577008903026581,0.05787970767300976,-0.12905001640319824,-0.21544164419174194,0.04410114035886181,-0.03611481189727783,-0.2583375573158264,0.13202322171014202,-0.13165223598480225,-0.2726205289363861,0.12364466384929074,-0.14001798629760742,-0.22281932830810547,0.10938414082806958,-0.1174883246421814,-0.1760128140449524,0.10566209153216732
COLD,0.0,0.0,0.0,-0.09307277202606201,-0.10719329118728638,-0.08643624801419492,-0.16110867261886597,-0.24395829439163208,-0.09320687372468228,-0.22457420825958252,-0.3143240809440613,-0.0783220069506001,-0.2546958327293396,-0.3347526490688324,-0.05396381262920613,-0.001298666000366211,-0.39006149768829346,-0.029757239485604714,-0.14372020959854126,-0.4199608564376831,-0.03435540069125409,-0.1547408103942871,-0.33950045704841614,-0.044706712106687974,-0.1250186562538147,-0.2914577126502991,-0.048088634947760056,0.01777482032775879,-0.3536379933357239,0.025780788993017723,-0.13416796922683716,-0.3734886050224304,0.01196260321654563,-0.14325404167175293,-0.2870866060256958,-0.007985709796173524,-0.11342549324035645,-0.2358502447605133,-0.01492920667163844,0.012408554553985596,-0.3093726933002472,0.07485553007342105,-0.12934142351150513,-0.3089970052242279,0.05924233179308658,-0.14046674966812134,-0.24623239040374756,0.0344903444848228,-0.11563235521316528,-0.20102429389953613,0.026376626824514915,0.0002790689468383789,-0.2695409059524536,0.11863467972494846,-0.10751742124557495,-0.27225154638290405,0.1038778660795856,-0.11940467357635498,-0.21430104970932007,0.0904670817754436,-0.100411057472229,-0.16303682327270508,0.08998160194374805
COLD,0.0,0.0,0.0,-0.09675091505050659,-0.08556467294692993,-0.08045496832573917,-0.16923046112060547,-0.21422886848449707,-0.08522772084916141,-0.23428362607955933,-0.2828989326953888,-0.06948732625687626,-0.2640543580055237,-0.30499154329299927,-0.042125806622152595,-0.021428287029266357,-0.38540956377983093,-0.020966815240626602,-0.16685611009597778,-0.4070700407028198,-0.03068199049675968,-0.1693335771560669,-0.31863507628440857,-0.044905737452154426,-0.13215875625610352,-0.2791024446487427,-0.050419830195551185,-0.009774088859558105,-0.3550383448600769,0.028650268502588006,-0.16012120246887207,-0.36904603242874146,0.01581644970929119,-0.160106360912323,-0.2851741313934326,0.0023136826325753646,-0.12257075309753418,-0.24551036953926086,-0.00017146233813036815,-0.015241861343383789,-0.3147943317890167,0.07038599956786129,-0.15071672201156616,-0.3148716688156128,0.05683426145469639,-0.15469664335250854,-0.2514253854751587,0.04042641405021641,-0.12190848588943481,-0.21884775161743164,0.037317890264148446,-0.022804081439971924,-0.2737167775630951,0.10590015310799572,-0.12878882884979248,-0.2793870270252228,0.09483401436364147,-0.13560998439788818,-0.22258156538009644,0.08668248314415905,-0.11093980073928833,-0.17621755599975586,0.08996577519928906
COLD,0.0,0.0,0.0,-0.09908747673034668,-0.07121437788009644,-0.09519701845903228,-0.1856309175491333,-0.1873081922531128,-0.10492797590751479,-0.25927382707595825,-0.24705809354782104,-0.09101691491861175,-0.2903842329978943,-0.27081871032714844,-0.06309790559072326,-0.05747723579406738,-0.3901086449623108,-0.029376207142661315,-0.2092876434326172,-0.3919835686683655,-0.04712083958048652,-0.20078891515731812,-0.30175912380218506,-0.06437762476463149,-0.1567804515361786,-0.26679086685180664,-0.06862453766126464,-0.046676814556121826,-0.3595311641693115,0.027116600200940866,-0.19769549369812012,-0.35881245136260986,0.005632033814151782,-0.18834295868873596,-0.27306824922561646,-0.011782296225021582,-0.1477992832660675,-0.23652231693267822,-0.013372829407046538,-0.052646756172180176,-0.3198518753051758,0.07388054184656312,-0.18551135063171387,-0.3096282482147217,0.053100626692582864,-0.18179556727409363,-0.24583518505096436,0.03401634819846322,-0.14561867713928223,-0.21883291006088257,0.03275844059925248,-0.06033819913864136,-0.27980735898017883,0.11350340001325776,-0.1645875871181488,-0.2828359603881836,0.09840602032880952,-0.165373295545578,-0.22868484258651733,0.08917385689954926,-0.13483130931854248,-0.18866074085235596,0.09428064130287339
COLD,0.0,0.0,0.0,-0.09740608930587769,-0.07723027467727661,-0.08906579526626501,-0.18218493461608887,-0.19653594493865967,-0.09198868038618002,-0.25713369250297546,-0.25567495822906494,-0.07127059014999304,-0.29440122842788696,-0.27133482694625854,-0.03702296825611029,-0.051165997982025146,-0.38597816228866577,-0.024073523902529814,-0.1975802183151245,-0.3971402645111084,-0.03239618005716238,-0.19581159949302673,-0.3066312074661255,-0.044158009314173796,-0.15763020515441895,-0.2659996747970581,-0.04668899761998091,-0.044786691665649414,-0.3556896150112152,0.03344825518763628,-0.19272759556770325,-0.36332833766937256,0.01949287255740728,-0.1894356608390808,-0.27362215518951416,0.003079914985960386,-0.1506144106388092,-0.23377174139022827,0.0003117488846555716,-0.053802311420440674,-0.31461095809936523,0.08264439044035043,-0.18740612268447876,-0.3081342875957489,0.06590229508913126,-0.18945437669754028,-0.23801708221435547,0.043642534441119096,-0.15512686967849731,-0.20410192012786865,0.03894449633992281,-0.06218916177749634,-0.27505654096603394,0.12597237763441171,-0.16528022289276123,-0.27428460121154785,0.11091412839925852,-0.16860288381576538,-0.21586263179779053,0.09876203773058023,-0.1392507553100586,-0.16904401779174805,0.1007728898290452
COLD,0.0,0.0,0.0,-0.09018725156784058,-0.09195965528488159,-0.08007674982764001,-0.16867175698280334,-0.21195918321609497,-0.0847074719331431,-0.23552465438842773,-0.27457955479621887,-0.07052736302830453,-0.2727605402469635,-0.2963407635688782,-0.04521812817074533,-0.045776546001434326,-0.3788718581199646,-0.012011163327770191,-0.18102604150772095,-0.40251094102859497,-0.01869917606927629,-0.17911207675933838,-0.31914451718330383,-0.030287155341284233,-0.1428273320198059,-0.2769729495048523,-0.033630206640737015,-0.04143369197845459,-0.34336501359939575,0.038660340551359695,-0.17937126755714417,-0.35601675510406494,0.020070709828360123,-0.17293956875801086,-0.2724088430404663,-0.0005798878682981012,-0.13536012172698975,-0.2268175482749939,-0.0052247810363041935,-0.05294144153594971,-0.29871368408203125,0.08162595013163809,-0.1773654818534851,-0.2929535508155823,0.06132202649496321,-0.17523133754730225,-0.22963404655456543,0.03802102858207945,-0.14277946949005127,-0.18973106145858765,0.03315323645256285,-0.06575179100036621,-0.25811442732810974,0.11964464614175085,-0.16157889366149902,-0.2600700259208679,0.10347129086039786,-0.15992692112922668,-0.2050842046737671,0.09164889583371405,-0.12777966260910034,-0.16205793619155884,0.09330653825782065
COLD,0.0,0.0,0.0,-0.05739659070968628,-0.1233624815940857,-0.06596414109066018,-0.1247449517250061,-0.24447616934776306,-0.0571060042579461,-0.18443667888641357,-0.3068450391292572,-0.03497055654719361,-0.20614594221115112,-0.32132673263549805,0.0019455548159044156,-0.01909691095352173,-0.3669259548187256,0.03250880057618133,-0.11790812015533447,-0.4248305857181549,0.017579198653550066,-0.11071813106536865,-0.3599517345428467,-0.00018197378216200377,-0.07435411214828491,-0.31278806924819946,-0.003908144471495234,-0.04259192943572998,-0.3197818398475647,0.0740859125058364,-0.13484519720077515,-0.3694600462913513,0.055823056797237314,-0.11353236436843872,-0.3010367155075073,0.03247779498502723,-0.06833845376968384,-0.2658986747264862,0.02882225515946857,-0.06542855501174927,-0.26889723539352417,0.10372128973409644,-0.14631646871566772,-0.30158352851867676,0.08331767360374442,-0.13214260339736938,-0.25225284695625305,0.058122283617706216,-0.09550142288208008,-0.22401276230812073,0.055269545714111246,-0.08165210485458374,-0.21895098686218262,0.12790232042476646,-0.14355981349945068,-0.25222301483154297,0.11892411748573295,-0.13391351699829102,-0.2145843505859375,0.1091314990322303,-0.1003689169883728,-0.18335390090942383,0.11231974403068534
COLD,0.0,0.0,0.0,-0.061633944511413574,-0.1382961869239807,-0.069228730746147,-0.12700170278549194,-0.26239946484565735,-0.06486334616744216,-0.18787723779678345,-0.3206000328063965,-0.04621667007410224,-0.21099472045898438,-0.3389591872692108,-0.016883518197175817,0.0011136531829833984,-0.38218599557876587,0.022962190560463114,-0.10847872495651245,-0.42513132095336914,0.016458401806119127,-0.10498136281967163,-0.36117878556251526,-0.0005380509533665645,-0.07328444719314575,-0.3189702033996582,-0.007717834435936766,-0.010787904262542725,-0.33051854372024536,0.06817228382027452,-0.12207138538360596,-0.36585479974746704,0.05183594708836381,-0.10694563388824463,-0.2880902588367462,0.02098938671446149,-0.06312817335128784,-0.24428898096084595,0.008926225244465513,-0.03128570318222046,-0.2744230329990387,0.10416860913431947,-0.13234853744506836,-0.2857145667076111,0.08676677977240388,-0.12532854080200195,-0.23004573583602905,0.053526386968258066,-0.08821773529052734,-0.18933910131454468,0.04252231901085679,-0.05008280277252197,-0.2238873541355133,0.13517217373049562,-0.11996269226074219,-0.23036548495292664,0.12429604714310472,-0.11651712656021118,-0.18293845653533936,0.10782031749880616,-0.08481359481811523,-0.14211034774780273,0.10477578674948518
COLD,0.0,0.0,0.0,-0.0784185528755188,-0.10202109813690186,-0.08497536996139843,-0.1481611132621765,-0.2342478632926941,-0.09394066104425747,-0.21161413192749023,-0.3018585741519928,-0.08331070909036953,-0.24544531106948853,-0.3189825415611267,-0.06031365016235668,0.0029739737510681152,-0.38119930028915405,-0.01784217053784687,-0.1371248960494995,-0.4167953431606293,-0.03663481468095142,-0.14535456895828247,-0.3283311128616333,-0.05417906561626751,-0.11200827360153198,-0.2817366123199463,-0.0584561496390279,0.002725541591644287,-0.34670448303222656,0.030511276109677965,-0.14106136560440063,-0.3700076937675476,0.006845191831303055,-0.14584320783615112,-0.28426113724708557,-0.009538038389223402,-0.11280524730682373,-0.2405487298965454,-0.009946050809162443,-0.013390958309173584,-0.30510851740837097,0.06880714675651234,-0.14288830757141113,-0.30961304903030396,0.04576070165501278,-0.14798468351364136,-0.24504992365837097,0.02790852939949673,-0.11841785907745361,-0.2098129689693451,0.02798215417431038,-0.028525054454803467,-0.2638055980205536,0.10055087438092869,-0.12998700141906738,-0.27565672993659973,0.086261100380284,-0.13848185539245605,-0.21996161341667175,0.07875394752488774,-0.1151500940322876,-0.17318105697631836,0.08455216070876759
COLD,0.0,0.0,0.0,-0.10003966093063354,-0.10581541061401367,-0.08402541746346515,-0.17050862312316895,-0.23916524648666382,-0.0897163199350075,-0.23033016920089722,-0.296867698431015,-0.07686831523625415,-0.2653617858886719,-0.32192572951316833,-0.05386623834220927,-0.028828322887420654,-0.4039723873138428,-0.012091675782187394,-0.17849701642990112,-0.42716601490974426,-0.02520551254002612,-0.18563705682754517,-0.339842289686203,-0.03977341298906367,-0.14787960052490234,-0.2939612567424774,-0.04359901417939227,-0.014694035053253174,-0.36462315917015076,0.03594892378004033,-0.1687391996383667,-0.3782004117965698,0.01677996198685605,-0.1737716794013977,-0.28969380259513855,-0.0028292033910588543,-0.14140355587005615,-0.24015194177627563,-0.007097970237566642,-0.019544363021850586,-0.31494107842445374,0.07463759462387998,-0.16340309381484985,-0.30966559052467346,0.054463929487781115,-0.16833847761154175,-0.24071472883224487,0.03330259676130254,-0.13901370763778687,-0.19971948862075806,0.02975288684518773,-0.026441335678100586,-0.2647086977958679,0.10695842186959226,-0.14124077558517456,-0.2676384449005127,0.0894683627322479,-0.15185129642486572,-0.20823991298675537,0.0791030405000015,-0.13003891706466675,-0.1574493646621704,0.08288852403910596
COLD,0.0,0.0,0.0,-0.10200828313827515,-0.09564846754074097,-0.09025213031895873,-0.17935281991958618,-0.2284960150718689,-0.09687711207993743,-0.2477288842201233,-0.29737746715545654,-0.08213183193333862,-0.28077590465545654,-0.31692153215408325,-0.055948167134602045,-0.0363771915435791,-0.4125785827636719,-0.019104923148233866,-0.1851542592048645,-0.4239720106124878,-0.028841673423130487,-0.190964937210083,-0.3307112157344818,-0.038264195461351846,-0.1541827917098999,-0.28112155199050903,-0.03843643798359153,-0.023129045963287354,-0.37802526354789734,0.03579298497311356,-0.18092232942581177,-0.3741838037967682,0.012447877760450865,-0.1836145520210266,-0.2736608386039734,-0.004872840390135025,-0.14853018522262573,-0.222275972366333,-0.003980592385460113,-0.02789515256881714,-0.3296791911125183,0.08171086848847153,-0.17464596033096313,-0.3023720979690552,0.05616002620331528,-0.18004417419433594,-0.22325050830841064,0.03380692468158486,-0.14932620525360107,-0.1803918480873108,0.03300396816007378,-0.033958375453948975,-0.282042533159256,0.12152920008770707,-0.15100866556167603,-0.2607065439224243,0.09947765709034684,-0.16077864170074463,-0.19128823280334473,0.08495699704758408,-0.13532614707946777,-0.14032316207885742,0.08807908089033845
COLD,0.0,0.0,0.0,-0.08997291326522827,-0.1003943681716919,-0.09509238338853265,-0.17018085718154907,-0.2298840880393982,-0.09788931644345666,-0.24354839324951172,-0.2918969392776489,-0.07733913994218256,-0.2791498899459839,-0.3032838702201843,-0.04288064799095537,-0.03402912616729736,-0.39699873328208923,-0.015888734895838752,-0.1803717017173767,-0.42467689514160156,-0.02558869979168321,-0.18265783786773682,-0.3297569453716278,-0.03685244655991937,-0.14520639181137085,-0.28074029088020325,-0.03807025513435747,-0.031434476375579834,-0.36077210307121277,0.04266206809495543,-0.17778122425079346,-0.3749546408653259,0.024692264210329995,-0.171336829662323,-0.2825258672237396,0.0069160026608869885,-0.1312655210494995,-0.2380337119102478,0.005253170441733346,-0.0458601713180542,-0.31353792548179626,0.09066395723436926,-0.17910456657409668,-0.3059529662132263,0.06803010665987586,-0.17351782321929932,-0.2359917163848877,0.0422096986434326,-0.13742399215698242,-0.20045030117034912,0.03755614050839995,-0.059385597705841064,-0.2682904005050659,0.13210499548529242,-0.16175174713134766,-0.2684696912765503,0.11262775474403952,-0.15804952383041382,-0.20800060033798218,0.09750545286749457,-0.12594705820083618,-0.1579129695892334,0.09850904607390021
COLD,0.0,0.0,0.0,-0.09343945980072021,-0.11406838893890381,-0.08062771756192433,-0.16964024305343628,-0.24841970205307007,-0.08419048834582554,-0.23957866430282593,-0.31827518343925476,-0.07003403503438221,-0.27786150574684143,-0.3370906412601471,-0.04653490010639416,-0.030299127101898193,-0.400165855884552,-0.0031123007833002703,-0.17601239681243896,-0.43358147144317627,-0.006915953494512905,-0.1858794093132019,-0.3493395745754242,-0.016331745795810093,-0.1552295684814453,-0.2960028648376465,-0.018039076141917576,-0.02201259136199951,-0.3566622734069824,0.04880456950525058,-0.1755138635635376,-0.3641217350959778,0.030923103429472576,-0.17769593000411987,-0.27273333072662354,0.008123042509055267,-0.14457541704177856,-0.21701794862747192,0.0023669693433703287,-0.03172022104263306,-0.30214402079582214,0.09259122561672939,-0.17159414291381836,-0.28479787707328796,0.07146775674084438,-0.1783185601234436,-0.21735018491744995,0.04290029730657352,-0.15193158388137817,-0.16790825128555298,0.03513491105297817,-0.044835031032562256,-0.253598690032959,0.13158868949869884,-0.15120148658752441,-0.23923897743225098,0.11283495228747142,-0.15770918130874634,-0.1778087019920349,0.0957596893236996,-0.1319902539253235,-0.1282597780227661,0.09423847448090328
COLD,0.0,0.0,0.0,-0.0632474422454834,-0.1347942352294922,-0.07876137983328135,-0.13075006008148193,-0.2677246928215027,-0.07902286540991099,-0.19127744436264038,-0.3343876600265503,-0.06199493598467143,-0.2201613187789917,-0.3535293638706207,-0.033464107329905346,0.009425699710845947,-0.3905317187309265,0.005253748369455025,-0.10931223630905151,-0.44127774238586426,-0.003605188935011938,-0.11291104555130005,-0.3693830370903015,-0.020965639169276074,-0.08259785175323486,-0.3236834406852722,-0.028342259715259388,-0.0036230087280273438,-0.33664801716804504,0.0544438439952728,-0.12563782930374146,-0.3801253139972687,0.03503400493138997,-0.11969906091690063,-0.2965792119503021,0.005989093666016743,-0.07860499620437622,-0.24746203422546387,-0.004800223412871674,-0.027689635753631592,-0.2813607156276703,0.09443597156280248,-0.13835567235946655,-0.3025793433189392,0.07403267580741613,-0.13957548141479492,-0.24050068855285645,0.04341983083361356,-0.10553896427154541,-0.19450128078460693,0.034402434115349934,-0.04803746938705444,-0.23320472240447998,0.12890402633422582,-0.12810808420181274,-0.2558426558971405,0.1151287819790241,-0.12938785552978516,-0.2060045599937439,0.100697610859811,-0.098285973072052,-0.16059499979019165,0.09978089887374608
COLD,0.0,0.0,0.0,-0.06412249803543091,-0.12606334686279297,-0.0748424714275302,-0.12189531326293945,-0.26298636198043823,-0.07644480074128523,-0.17256015539169312,-0.33536815643310547,-0.062193456835359484,-0.20218604803085327,-0.3502727746963501,-0.036633357203811556,0.024111628532409668,-0.373452752828598,0.005729884111076444,-0.08825010061264038,-0.43241846561431885,-0.0032283778146506847,-0.09727126359939575,-0.3549574911594391,-0.018563462219447047,-0.06727433204650879,-0.30470094084739685,-0.024317359349936396,0.013465702533721924,-0.3404097855091095,0.05056958293238267,-0.09288346767425537,-0.39518165588378906,0.03456157093563661,-0.0988815426826477,-0.31367895007133484,0.011791948430925459,-0.06532478332519531,-0.26988837122917175,0.004589950867682546,-0.010736167430877686,-0.2982787787914276,0.08597297614136323,-0.10810500383377075,-0.33526864647865295,0.06739154105702028,-0.11276698112487793,-0.27346399426460266,0.04321724569120988,-0.08075803518295288,-0.2347937822341919,0.03713236396828279,-0.03335529565811157,-0.25554582476615906,0.11607004349747285,-0.10808771848678589,-0.29565227031707764,0.1049663612774907,-0.11150974035263062,-0.24807798862457275,0.0962710345319806,-0.08336949348449707,-0.20238828659057617,0.09870263581791505
COLD,0.0,0.0,0.0,-0.08752977848052979,-0.11699920892715454,-0.08257168610299459,-0.15478461980819702,-0.251833438873291,-0.08697229702676168,-0.2131163477897644,-0.32390204071998596,-0.07104966868365636,-0.24192869663238525,-0.3332540690898895,-0.04301954884732595,0.013249099254608154,-0.3776993751525879,-0.015235598056563049,-0.1282259225845337,-0.4356474280357361,-0.02477805209065309,-0.14204972982406616,-0.34622400999069214,-0.03657411862815252,-0.11009585857391357,-0.2961415946483612,-0.03811261136735311,0.027778804302215576,-0.3417234718799591,0.03845443497692713,-0.11683040857315063,-0.3827027380466461,0.02432862590347895,-0.12838810682296753,-0.29545658826828003,0.007407191817662806,-0.09940981864929199,-0.24646055698394775,0.003908830837360711,0.021734535694122314,-0.3005613386631012,0.08394934158121714,-0.11338382959365845,-0.3142569661140442,0.07168298880850443,-0.12571293115615845,-0.24751144647598267,0.05096310298239359,-0.10082948207855225,-0.20122194290161133,0.04612981076633105,0.011640489101409912,-0.26177769899368286,0.12372723887955317,-0.09159404039382935,-0.27850937843322754,0.11827389817034373,-0.10860347747802734,-0.2233349084854126,0.11013559173142085,-0.09196758270263672,-0.16882914304733276,0.11325828652178416
COLD,0.0,0.0,0.0,-0.11441367864608765,-0.10120141506195068,-0.09053777702263233,-0.19214153289794922,-0.24129223823547363,-0.0973183120053136,-0.2504085898399353,-0.3110567331314087,-0.08069417424610492,-0.28021240234375,-0.3385786712169647,-0.05452261664083835,-0.03026139736175537,-0.4036039710044861,-0.03325576879194614,-0.18621516227722168,-0.43748459219932556,-0.03736776657513019,-0.20542436838150024,-0.3488461971282959,-0.047898305432113375,-0.17421954870224,-0.2951837182044983,-0.051433963553222384,-0.007736384868621826,-0.36394307017326355,0.023976892380801473,-0.17397063970565796,-0.3823845684528351,0.017959889172402654,-0.19177401065826416,-0.2950657308101654,0.004632957427588735,-0.1618136167526245,-0.24011468887329102,-0.000668444406414892,-0.010468006134033203,-0.3129546046257019,0.07396049253532055,-0.1639312505722046,-0.30921807885169983,0.06489294223376874,-0.1813793182373047,-0.243338942527771,0.04491663925239209,-0.1559293270111084,-0.19410991668701172,0.03753374718019131,-0.01681995391845703,-0.26313215494155884,0.11739427797385815,-0.13776779174804688,-0.2619994282722473,0.10471900008508328,-0.15701985359191895,-0.20470410585403442,0.09288554094621304,-0.14176100492477417,-0.15061944723129272,0.09318144075461987
COLD,0.0,0.0,0.0,-0.09572732448577881,-0.10778045654296875,-0.0867585689706516,-0.1680370569229126,-0.2484845519065857,-0.09016842403838154,-0.2322750687599182,-0.31517475843429565,-0.07219655075499531,-0.25824064016342163,-0.3274224102497101,-0.04267988735267636,-0.009500861167907715,-0.40290313959121704,-0.01736938589641568,-0.15656667947769165,-0.4361831545829773,-0.024089576764197318,-0.1657118797302246,-0.34818166494369507,-0.034801978705615966,-0.130440354347229,-0.29947489500045776,-0.037110705016345946,0.0033867359161376953,-0.36514103412628174,0.03730661040714267,-0.15423673391342163,-0.3819725513458252,0.02164632259479049,-0.1577189564704895,-0.29169338941574097,0.004929753864018949,-0.12082850933074951,-0.24524229764938354,0.00258725709824148,-0.005085289478302002,-0.3195495009422302,0.08356863996556285,-0.15342003107070923,-0.3195039927959442,0.06633939585259441,-0.16209691762924194,-0.24986869096755981,0.04562449073961261,-0.1316699981689453,-0.20947325229644775,0.042292445810346635,-0.016061842441558838,-0.2763439416885376,0.12381746611168865,-0.1342589259147644,-0.2777911424636841,0.10834641000798229,-0.14287042617797852,-0.21494311094284058,0.09711384764483455,-0.1163209080696106,-0.16228705644607544,0.10003168872168544
COLD,0.0,0.0,0.0,-0.09898966550827026,-0.08837568759918213,-0.08554022742447387,-0.17379194498062134,-0.21245819330215454,-0.09707112593588363,-0.24279817938804626,-0.2768738269805908,-0.09109414352116119,-0.28683286905288696,-0.31491535902023315,-0.07542921585974227,-0.03995943069458008,-0.3929523229598999,-0.01917338540789615,-0.18837666511535645,-0.4247896075248718,-0.03989745287236701,-0.19939589500427246,-0.339396208524704,-0.05813437310990821,-0.1657240390777588,-0.2780073285102844,-0.06303050352272521,-0.039105892181396484,-0.35938578844070435,0.0283969791418599,-0.1888328194618225,-0.37095576524734497,-0.005573782902331459,-0.19398432970046997,-0.27042168378829956,-0.03035620583233367,-0.16065162420272827,-0.2095024585723877,-0.03324956057605277,-0.05238860845565796,-0.31173330545425415,0.06686031835141648,-0.19072425365447998,-0.2964671850204468,0.0301088766938733,-0.19607329368591309,-0.21448791027069092,0.00531565507861842,-0.16716045141220093,-0.16454088687896729,0.004914843179165018,-0.0642285943031311,-0.2623981833457947,0.10011336969199647,-0.17324471473693848,-0.24957990646362305,0.06877347843709458,-0.18110030889511108,-0.18228626251220703,0.053552027959256066,-0.15551632642745972,-0.13162022829055786,0.05741977335873116
COLD,0.0,0.0,0.0,-0.06188464164733887,-0.1380753517150879,-0.06352097250751854,-0.12665730714797974,-0.2632831931114197,-0.04852186598114372,-0.18102914094924927,-0.325843870639801,-0.019807227777761227,-0.20837408304214478,-0.344788521528244,0.025166104657131427,-0.015186190605163574,-0.38589221239089966,0.047807171118932956,-0.11707806587219238,-0.44750791788101196,0.03849731303520798,-0.11172348260879517,-0.37822225689888,0.021733605412322277,-0.07438939809799194,-0.33062392473220825,0.01850040361054539,-0.04519706964492798,-0.3343494236469269,0.09148576400943398,-0.1387777328491211,-0.384594589471817,0.08282992534108757,-0.11880618333816528,-0.3118318021297455,0.060637294424253696,-0.07235157489776611,-0.2784172296524048,0.05606253735490441,-0.0733681321144104,-0.28077882528305054,0.12253756366439461,-0.15543973445892334,-0.31411996483802795,0.10971239499517083,-0.1420154571533203,-0.2590790390968323,0.08494351349540352,-0.10493123531341553,-0.23273831605911255,0.08045621506639122,-0.09284275770187378,-0.23034757375717163,0.14801077089973091,-0.1561565399169922,-0.267050564289093,0.14428346894450783,-0.14547491073608398,-0.22255873680114746,0.13639242492385506,-0.10954773426055908,-0.19168877601623535,0.14027116738029122
COLD,0.0,0.0,0.0,-0.08327847719192505,-0.14696604013442993,-0.07116716985461835,-0.15202254056930542,-0.2868325114250183,-0.0671816158747447,-0.21659618616104126,-0.35180726647377014,-0.04679784436581258,-0.25375092029571533,-0.3739623427391052,-0.01666161303279523,0.00014406442642211914,-0.4020894765853882,0.013116612314604481,-0.13755732774734497,-0.4578396677970886,0.021280280529879292,-0.1554763913154602,-0.38432663679122925,0.016900000377916058,-0.13048559427261353,-0.3304261565208435,0.016448184132002552,0.0007635354995727539,-0.34677332639694214,0.06358117724897738,-0.14336532354354858,-0.37603187561035156,0.0630686220073926,-0.153558611869812,-0.2954130172729492,0.03893266732933398,-0.1216244101524353,-0.24342262744903564,0.0262656484091508,-0.014035046100616455,-0.2854308485984802,0.10691329951526996,-0.1448507308959961,-0.2945503890514374,0.10116114582064029,-0.1577700972557068,-0.23556816577911377,0.06892741586210605,-0.130790114402771,-0.1875271201133728,0.0534982171201932,-0.03022909164428711,-0.2327800989151001,0.14603705818893786,-0.12366539239883423,-0.23893731832504272,0.13918586189987536,-0.13622194528579712,-0.18939530849456787,0.12280576790811892,-0.11419957876205444,-0.14075744152069092,0.11776136721613284
COLD,0.0,0.0,0.0,-0.05691409111022949,-0.136060893535614,-0.08109807820213177,-0.12190073728561401,-0.27781131863594055,-0.08657701910627225,-0.1767694354057312,-0.34456169605255127,-0.07731390596521237,-0.2047441601753235,-0.3539101779460907,-0.05445962623846867,0.028684616088867188,-0.3967118263244629,0.010737473693069433,-0.09388852119445801,-0.44517478346824646,-0.014271584722820307,-0.09009385108947754,-0.3599938750267029,-0.04062676654351094,-0.04873049259185791,-0.3155568838119507,-0.05084817336094716,0.005344033241271973,-0.3566960394382477,0.05263209118353984,-0.1126253604888916,-0.3997386693954468,0.02083648702907226,-0.10434424877166748,-0.311813086271286,-0.006571202922287966,-0.058029353618621826,-0.27147167921066284,-0.012201496783319499,-0.027463197708129883,-0.30791354179382324,0.0818682774792876,-0.13722610473632812,-0.32999831438064575,0.05181286259400508,-0.13408124446868896,-0.2613433599472046,0.029773577664371942,-0.0940510630607605,-0.22483721375465393,0.029668619472857927,-0.05475449562072754,-0.2549048662185669,0.10383469014274738,-0.13697808980941772,-0.28626134991645813,0.0884315013776984,-0.1359502673149109,-0.23356735706329346,0.08125274776327274,-0.1018989086151123,-0.18712449073791504,0.08734759091245792
COLD,0.0,0.0,0.0,-0.06979936361312866,-0.1411113739013672,-0.07050693401254193,-0.13693052530288696,-0.28163883090019226,-0.07099426903880612,-0.19815176725387573,-0.35192060470581055,-0.05829661705649869,-0.23422878980636597,-0.3638470470905304,-0.03389989205754773,0.008957207202911377,-0.3932803273200989,0.024446260248055296,-0.12461358308792114,-0.4575483947992325,0.01033273066275342,-0.137550950050354,-0.3740377426147461,-0.007244985020975037,-0.10741031169891357,-0.31289342045783997,-0.011193378764460249,-0.014543116092681885,-0.3483065962791443,0.06703218451582416,-0.1488826870918274,-0.3971866965293884,0.04129611334644778,-0.15782123804092407,-0.3044731616973877,0.014150898036291437,-0.12649035453796387,-0.24285978078842163,0.009991839592089491,-0.04471522569656372,-0.295604407787323,0.09918593249165042,-0.1668403148651123,-0.31252607703208923,0.07254445931755527,-0.17769038677215576,-0.24455246329307556,0.04367750144444926,-0.15218967199325562,-0.19289100170135498,0.04011457792364581,-0.06985920667648315,-0.24286049604415894,0.12653252116285785,-0.1588129997253418,-0.2603068947792053,0.10786099365793689,-0.17174512147903442,-0.20564955472946167,0.09355820349298938,-0.149958074092865,-0.15275192260742188,0.09632670513235553
COLD,0.0,0.0,0.0,-0.09236425161361694,-0.12612468004226685,-0.08180087850701057,-0.1603860855102539,-0.2734528183937073,-0.09106394694458686,-0.2217608094215393,-0.3485088646411896,-0.08067388133417808,-0.2551119327545166,-0.3625384569168091,-0.06145181552778922,0.014433801174163818,-0.4076288342475891,-0.02854783878933631,-0.1369803547859192,-0.4523470252752304,-0.03686613262902938,-0.15502601861953735,-0.36507394909858704,-0.04650443465720855,-0.12723875045776367,-0.3035009205341339,-0.04824141831409179,0.02369147539138794,-0.3725004494190216,0.022995220038183106,-0.1433391571044922,-0.39126768708229065,0.004373845185227765,-0.16247695684432983,-0.2924828827381134,-0.013882645864896404,-0.1372392177581787,-0.2253633439540863,-0.018407706630341636,0.011485278606414795,-0.32656630873680115,0.06833580835450448,-0.14506936073303223,-0.323546439409256,0.049724623101838006,-0.16689199209213257,-0.24614110589027405,0.02982383361745633,-0.14767134189605713,-0.18115603923797607,0.02570941067028798,-0.003363668918609619,-0.28135913610458374,0.10868014349330224,-0.1240343451499939,-0.2761237621307373,0.09043911798585214,-0.14587730169296265,-0.21083593368530273,0.0777749042092637,-0.13171803951263428,-0.1504136323928833,0.07893542899478234
COLD,0.0,0.0,0.0,-0.1106613278388977,-0.09570193290710449,-0.09432770080337605,-0.19789928197860718,-0.23387253284454346,-0.10936347908744892,-0.2789193391799927,-0.3090397119522095,-0.10387252784738621,-0.3358921408653259,-0.33919161558151245,-0.08948367602596363,-0.06303870677947998,-0.4246860146522522,-0.03213963053593716,-0.2313096523284912,-0.4591946005821228,-0.04181619874606213,-0.23452192544937134,-0.3653688430786133,-0.04774807534585079,-0.19944483041763306,-0.3116479814052582,-0.045553734073735086,-0.043318331241607666,-0.4048154652118683,0.02096568652024189,-0.2243397831916809,-0.4110567569732666,0.002587878597580584,-0.2330358624458313,-0.30649304389953613,-0.01131387195954403,-0.21129417419433594,-0.24264907836914062,-0.01064708783695778,-0.04240292310714722,-0.3657185435295105,0.06592172615756908,-0.2095658779144287,-0.3434135913848877,0.046016460736893805,-0.2209615707397461,-0.25595811009407043,0.029006302809023055,-0.20379114151000977,-0.19956955313682556,0.028698221301340254,-0.044380247592926025,-0.3185620903968811,0.10415087871780315,-0.1759958267211914,-0.30808478593826294,0.08601167284479061,-0.18658053874969482,-0.23624348640441895,0.07708637647857586,-0.16632705926895142,-0.18186315894126892,0.08288067065706173
COLD,0.0,0.0,0.0,-0.12149804830551147,-0.09964019060134888,-0.09115249309644469,-0.21570730209350586,-0.24283307790756226,-0.09998991731509932,-0.3014225959777832,-0.32004019618034363,-0.08798818681344756,-0.354674369096756,-0.3607155978679657,-0.06809568051204451,-0.06400060653686523,-0.45504486560821533,-0.019792154617164215,-0.24522370100021362,-0.4739398956298828,-0.019479010439965805,-0.2605612277984619,-0.3763338327407837,-0.023969361744377693,-0.2308199405670166,-0.3102836608886719,-0.021401420421454986,-0.04666578769683838,-0.4273453950881958,0.03951548021331064,-0.23778873682022095,-0.42379724979400635,0.02929320540323488,-0.25561875104904175,-0.3166937232017517,0.006602792349156061,-0.23141619563102722,-0.24608635902404785,-0.0006655223663187826,-0.04594653844833374,-0.3831436038017273,0.09227879699363939,-0.2177298665046692,-0.3616527020931244,0.0800884550441765,-0.2441730499267578,-0.27973392605781555,0.049818999879505554,-0.22582882642745972,-0.21875923871994019,0.038729127310659806,-0.04533648490905762,-0.3368332087993622,0.1399615218867325,-0.17697930335998535,-0.3246898949146271,0.12537949886217348,-0.2037721872329712,-0.2502739429473877,0.11100830491676561,-0.18809586763381958,-0.18639391660690308,0.11222751047506563
COLD,0.0,0.0,0.0,-0.05922853946685791,-0.16431784629821777,-0.07873546302624845,-0.11828577518463135,-0.31187528371810913,-0.07399090349980497,-0.1744256615638733,-0.3963298201560974,-0.05477578908511305,-0.19935262203216553,-0.4212319850921631,-0.021877897608362673,0.022056519985198975,-0.4167422354221344,0.03394192114166117,-0.09305799007415771,-0.496751070022583,0.021118102890170576,-0.1034194827079773,-0.426271915435791,-0.00042621593064495755,-0.07444208860397339,-0.3715248107910156,-0.008337211500190733,-0.0033974647521972656,-0.369093120098114,0.08275436639479494,-0.11622822284698486,-0.43157634139060974,0.06191280886224604,-0.11697739362716675,-0.34714215993881226,0.02695946797422266,-0.07902449369430542,-0.2946411967277527,0.014390265864051344,-0.035011470317840576,-0.3173711895942688,0.11912256508759356,-0.1334107518196106,-0.3639051914215088,0.09653781383923388,-0.138511061668396,-0.3041844964027405,0.06189117982677317,-0.10675179958343506,-0.2538255751132965,0.052968405482090475,-0.060465335845947266,-0.26572945713996887,0.14910026669195986,-0.13122987747192383,-0.303058385848999,0.13761553942850924,-0.13514089584350586,-0.2599833309650421,0.12246329366854525,-0.10633766651153564,-0.21357744932174683,0.12239047169379091
COLD,0.0,0.0,0.0,-0.07927089929580688,-0.1719885766506195,-0.07664573354531967,-0.1394503116607666,-0.3362812101840973,-0.07247117323686325,-0.19566893577575684,-0.4140698313713074,-0.050024399290578,-0.2300209403038025,-0.4388755112886429,-0.01801079114784443,0.04197198152542114,-0.43159352242946625,0.009185948652429943,-0.0969468355178833,-0.5070810467004776,0.018188081925018196,-0.13066494464874268,-0.43140996992588043,0.014259211962325935,-0.1163892149925232,-0.3685005009174347,0.014197913241787319,0.03747624158859253,-0.37382543087005615,0.06313159154842651,-0.1204412579536438,-0.4112592935562134,0.05953556137274063,-0.1506716012954712,-0.31891530752182007,0.03364697681854523,-0.130229651927948,-0.2534952759742737,0.020812552665574913,0.013479232788085938,-0.3119232952594757,0.10970062600563324,-0.1311604380607605,-0.3305177390575409,0.10067193048189438,-0.15903377532958984,-0.2647256851196289,0.06471593516062057,-0.1424301266670227,-0.2070806324481964,0.04766984121988571,-0.008396029472351074,-0.25822436809539795,0.15213981108854568,-0.11362916231155396,-0.2769080400466919,0.142457230259879,-0.14027470350265503,-0.22681832313537598,0.12330141501615799,-0.12971508502960205,-0.17314594984054565,0.1169810874957875
COLD,0.0,0.0,0.0,-0.057509779930114746,-0.14353907108306885,-0.0776522324715927,-0.1251533031463623,-0.2969348132610321,-0.07719593656409529,-0.17925959825515747,-0.3903193771839142,-0.061366991821415695,-0.19457441568374634,-0.41600918769836426,-0.030479961756356033,0.03588366508483887,-0.39574383199214935,0.030935414385311333,-0.08148622512817383,-0.48392079770565033,0.01630662406634542,-0.0976904034614563,-0.4018494635820389,-0.002055069880299243,-0.07065075635910034,-0.33779895305633545,-0.005721154838539633,0.008684635162353516,-0.37229716777801514,0.07874097513806078,-0.1038898229598999,-0.4488069415092468,0.05821710291158411,-0.11513680219650269,-0.3591771125793457,0.034108123060576645,-0.08231121301651001,-0.30552613735198975,0.031018866475932327,-0.025162696838378906,-0.3397669494152069,0.11376825558792802,-0.12841415405273438,-0.39206644892692566,0.09296108621012422,-0.14037811756134033,-0.32536351680755615,0.06776348340164873,-0.11269211769104004,-0.27854281663894653,0.06467660355221483,-0.05132061243057251,-0.3004802167415619,0.1426362677181885,-0.13014131784439087,-0.3487042486667633,0.13374700981032106,-0.13967615365982056,-0.2973860502243042,0.12363560336481783,-0.11355322599411011,-0.24666443467140198,0.1272430403793976
COLD,0.0,0.0,0.0,-0.09979462623596191,-0.13115805387496948,-0.09697640155650333,-0.16797924041748047,-0.28410011529922485,-0.10696834539271549,-0.22985291481018066,-0.36547067761421204,-0.09414299790955738,-0.2649040222167969,-0.3847164511680603,-0.06959224705792622,0.009527027606964111,-0.43793177604675293,-0.023081558097374,-0.15161478519439697,-0.4828658252954483,-0.034894751657020606,-0.1637137532234192,-0.38671010732650757,-0.05044696693516926,-0.1259821653366089,-0.33069247007369995,-0.05444319387174801,0.020947933197021484,-0.39817607402801514,0.03630695278548046,-0.14406514167785645,-0.43472976982593536,0.015405911680090867,-0.15618395805358887,-0.33902209997177124,-0.0073572968060489075,-0.12388336658477783,-0.2805102467536926,-0.012951447900604762,0.009548842906951904,-0.3498675525188446,0.0867865511288528,-0.142037034034729,-0.36717864871025085,0.0674384140481834,-0.15569019317626953,-0.29791778326034546,0.04347575987480923,-0.12646329402923584,-0.24723416566848755,0.03883432010911747,-0.0046103596687316895,-0.30447471141815186,0.13055027062796398,-0.12086784839630127,-0.3279803395271301,0.11599859381817623,-0.138316810131073,-0.2664773464202881,0.10551979179285809,-0.11620098352432251,-0.20802521705627441,0.10969166244171902
COLD,0.0,0.0,0.0,-0.1038023829460144,-0.12341904640197754,-0.09138958666017061,-0.1720975637435913,-0.2754751741886139,-0.10204854372432237,-0.23356813192367554,-0.35103991627693176,-0.09129713240554338,-0.27222558856010437,-0.37984156608581543,-0.07223184916665559,-0.005627691745758057,-0.4411519765853882,-0.03160022709062105,-0.16899830102920532,-0.4826800972223282,-0.037866821023726516,-0.18527156114578247,-0.3894892930984497,-0.04658097911169534,-0.1527385115623474,-0.32821008563041687,-0.047977273794913344,0.011536657810211182,-0.4045711159706116,0.023645662260150857,-0.16554248332977295,-0.4239361882209778,0.007254418008869834,-0.18118959665298462,-0.32642561197280884,-0.010244554351174884,-0.15409642457962036,-0.2593313753604889,-0.014337797160351329,0.0037692785263061523,-0.3549153208732605,0.07210740682194228,-0.16184651851654053,-0.35701248049736023,0.05462848257730002,-0.1783474087715149,-0.28039222955703735,0.03543560814568991,-0.15843433141708374,-0.21755176782608032,0.03201295298049445,-0.0065781474113464355,-0.3037029206752777,0.11439548667976851,-0.13883966207504272,-0.3096179664134979,0.09431861576149458,-0.15541237592697144,-0.2419092357158661,0.08320954677174086,-0.13746070861816406,-0.1826397180557251,0.08714299884150023
COLD,0.0,0.0,0.0,-0.0991249680519104,-0.10914123058319092,-0.0889615283429066,-0.1777302622795105,-0.2522079050540924,-0.09836252937907375,-0.252616822719574,-0.32933104038238525,-0.08739330778712429,-0.29744476079940796,-0.35928893089294434,-0.06506189118022121,-0.025571763515472412,-0.420835480093956,-0.02027184861594833,-0.1823970079421997,-0.4733445793390274,-0.03291845853323139,-0.1902937889099121,-0.3807070851325989,-0.05049165869945682,-0.15374606847763062,-0.32483386993408203,-0.05708953152293361,-0.015172183513641357,-0.3897944241762161,0.03337211747771107,-0.17482900619506836,-0.4297240674495697,0.01177314789151751,-0.17423784732818604,-0.3379959166049957,-0.008892332863752017,-0.1370278000831604,-0.28235113620758057,-0.013864879225138793,-0.025941193103790283,-0.3478716015815735,0.07832909216290318,-0.16994065046310425,-0.3671191334724426,0.0576705879450401,-0.16933506727218628,-0.2995985150337219,0.037458731132801404,-0.135833740234375,-0.25520071387290955,0.034047277915533414,-0.04090911149978638,-0.3049663305282593,0.11714009036427342,-0.1552436351776123,-0.3299409747123718,0.09994944025879704,-0.15662777423858643,-0.26875221729278564,0.09055305858259999,-0.1246386170387268,-0.21802136301994324,0.09450404186850392
COLD,0.0,0.0,0.0,-0.08923494815826416,-0.1369062066078186,-0.0800410172509487,-0.1620616316795349,-0.28651124238967896,-0.08090552301877096,-0.23046499490737915,-0.3609298765659332,-0.06290769191258505,-0.2711178660392761,-0.3964064121246338,-0.0339592358636196,0.0012137889862060547,-0.4332849532365799,-0.003999941384279282,-0.14838236570358276,-0.48723988234996796,-0.002138509049871118,-0.1656627058982849,-0.40159040689468384,-0.008990296961599142,-0.13732290267944336,-0.34362801909446716,-0.01104865303062752,-0.004532754421234131,-0.38049042224884033,0.04848651973730966,-0.16118848323822021,-0.40870678424835205,0.038140259815520494,-0.16927742958068848,-0.31826600432395935,0.015484640507168024,-0.1349993348121643,-0.2621024549007416,0.005544001368946283,-0.027838289737701416,-0.31921884417533875,0.0936306455565159,-0.1703396439552307,-0.3256617784500122,0.07948193339831278,-0.17655795812606812,-0.25785723328590393,0.051453478766745775,-0.14748483896255493,-0.20731568336486816,0.03982701538330957,-0.049950361251831055,-0.26332372426986694,0.13389782993323252,-0.15634500980377197,-0.272352933883667,0.11831893412596628,-0.1620829701423645,-0.21297651529312134,0.10247385142571375,-0.13351762294769287,-0.16354793310165405,0.09947713105208322
COLD,0.0,0.0,0.0,-0.06882846355438232,-0.13594627380371094,-0.08956733179803678,-0.13170045614242554,-0.2818913459777832,-0.08887672258134671,-0.19116181135177612,-0.36149004101753235,-0.06737769228931256,-0.21990668773651123,-0.3912956714630127,-0.03245600146766492,0.02227473258972168,-0.42697133123874664,-0.0012704500375662064,-0.10488611459732056,-0.4863676279783249,-0.009141510553320131,-0.11223703622817993,-0.4017014503479004,-0.02306128685887643,-0.08274072408676147,-0.3458365499973297,-0.026624229006131372,0.00852125883102417,-0.38071566820144653,0.05681390108946971,-0.12356704473495483,-0.43202953040599823,0.03516182469610385,-0.11768674850463867,-0.33334070444107056,0.007448341496626654,-0.0768173336982727,-0.27179789543151855,0.0005308701976787233,-0.017181098461151123,-0.330640584230423,0.10520575361732654,-0.13577419519424438,-0.35686203837394714,0.0827323065925043,-0.13444417715072632,-0.28578779101371765,0.05064796450022868,-0.09989863634109497,-0.23082229495048523,0.04256653206829242,-0.0397876501083374,-0.2869615852832794,0.14749977158788852,-0.12569022178649902,-0.3085537254810333,0.13096118139509372,-0.12606781721115112,-0.25124916434288025,0.1130631359148424,-0.09377133846282959,-0.20145553350448608,0.11160734462026767
COLD,0.0,0.0,0.0,-0.05896162986755371,-0.1164749264717102,-0.08473950615268677,-0.13799959421157837,-0.2648313045501709,-0.08930595954996079,-0.2067520022392273,-0.3502267599105835,-0.07663785657030076,-0.23007732629776,-0.35230135917663574,-0.04596940418821305,0.0208703875541687,-0.40070641040802,0.009769306610110107,-0.11288416385650635,-0.4660874158143997,-0.018342954945978818,-0.11403512954711914,-0.3686119019985199,-0.042926832941589055,-0.07352304458618164,-0.32254427671432495,-0.0487848891888234,-0.0033656954765319824,-0.37258607149124146,0.05571224922198326,-0.12269502878189087,-0.43470044434070587,0.021162919792118373,-0.1196332573890686,-0.33855152130126953,-0.0016587554954412553,-0.07630014419555664,-0.30011436343193054,-0.00018781159712943918,-0.03722447156906128,-0.33981940150260925,0.08809018889326126,-0.1381298303604126,-0.3860103487968445,0.05845223748940498,-0.13488423824310303,-0.31698933243751526,0.03909246632713348,-0.09390091896057129,-0.2876354455947876,0.0436475315119651,-0.06614077091217041,-0.3020859956741333,0.11308895805734664,-0.14122211933135986,-0.35563135147094727,0.10453113922733337,-0.14167916774749756,-0.3072679936885834,0.10180839160341293,-0.11136448383331299,-0.2580721378326416,0.11255260566133529
MORE,0.0,0.0,0.0,-0.06933307647705078,-0.15247207880020142,-0.03603021040976273,-0.14030635356903076,-0.2345278263092041,-0.012554818619491925,-0.21790075302124023,-0.25786757469177246,0.01652618884622825,-0.274563729763031,-0.26896733045578003,0.05134926005780471,-0.05961120128631592,-0.3084138035774231,0.10044012978255523,-0.15866929292678833,-0.34207460284233093,0.13123712703168167,-0.22534656524658203,-0.3357035517692566,0.12571687265813125,-0.27075862884521484,-0.32134532928466797,0.11863493188798202,-0.08475363254547119,-0.2390086054801941,0.13040667041718734,-0.17423832416534424,-0.27771657705307007,0.16347422465264572,-0.2356170415878296,-0.2742730975151062,0.13113573953091873,-0.2750568985939026,-0.2572910189628601,0.10337452604949249,-0.10682082176208496,-0.1801859736442566,0.15098863109528793,-0.1856386661529541,-0.2180802822113037,0.17286888524472488,-0.23467469215393066,-0.22596341371536255,0.13379120096146835,-0.26649343967437744,-0.22742819786071777,0.10423185690819992,-0.12559670209884644,-0.1265876293182373,0.16788748666226638,-0.19057250022888184,-0.17689985036849976,0.18113312884747756,-0.2285258173942566,-0.18742817640304565,0.16534451409756912,-0.2489863634109497,-0.20273619890213013,0.15195149942815078
MORE,0.0,0.0,0.0,-0.08459454774856567,-0.10822880268096924,-0.059266478629609765,-0.17826992273330688,-0.20176362991333008,-0.05787679633667153,-0.2684336304664612,-0.21646857261657715,-0.04449627256562394,-0.3348999619483948,-0.2123236060142517,-0.02922653301229161,-0.08253997564315796,-0.329242467880249,0.027362612201073944,-0.21560662984848022,-0.32790446281433105,0.040925174145201026,-0.29573720693588257,-0.2931346893310547,0.028934241397479354,-0.353848397731781,-0.2636888027191162,0.017746565057137786,-0.08307373523712158,-0.2613741159439087,0.06485703506896812,-0.2067435383796692,-0.24940329790115356,0.0813232354206832,-0.283783495426178,-0.22037047147750854,0.04919175350497085,-0.34113091230392456,-0.17943346500396729,0.020553927062252342,-0.08858132362365723,-0.18633800745010376,0.09575281211564857,-0.1966993808746338,-0.17527127265930176,0.10352221050689536,-0.2669430375099182,-0.1735171675682068,0.06257975020835715,-0.3209935426712036,-0.15673667192459106,0.032639871476391136,-0.0983283519744873,-0.11456161737442017,0.12294877239892799,-0.18648171424865723,-0.1267184019088745,0.12141809531877357,-0.24546468257904053,-0.13108539581298828,0.10009347566793281,-0.287106454372406,-0.1293100118637085,0.08441676118800956
MORE,0.0,0.0,0.0,-0.09831404685974121,-0.1255171298980713,-0.05007330112107411,-0.2014789581298828,-0.2119007706642151,-0.03807541884430066,-0.2963581681251526,-0.2120799422264099,-0.01611297734029904,-0.3630977272987366,-0.1977580189704895,0.00841093931398973,-0.10458648204803467,-0.3329439163208008,0.05852629460446224,-0.23480606079101562,-0.31886208057403564,0.08060770325414524,-0.3139646053314209,-0.2829211950302124,0.07075434766761646,-0.3712153434753418,-0.25870347023010254,0.06038781471602306,-0.10318470001220703,-0.25703614950180054,0.09526201926223621,-0.2233579158782959,-0.24348992109298706,0.1251939966534792,-0.3053492307662964,-0.2190777063369751,0.09548812203161106,-0.36617255210876465,-0.18443220853805542,0.06575341366283283,-0.10532999038696289,-0.17680704593658447,0.12433571957103595,-0.21265655755996704,-0.1655806303024292,0.14463285945407733,-0.28649425506591797,-0.16299223899841309,0.10748755030385837,-0.3425537943840027,-0.14587628841400146,0.0772593303775011,-0.11614775657653809,-0.10032439231872559,0.1493164434289156,-0.20415735244750977,-0.10857522487640381,0.15800265811435565,-0.263458788394928,-0.11246728897094727,0.13996244810573444,-0.30640923976898193,-0.11213076114654541,0.12477765820972309
MORE,0.0,0.0,0.0,-0.10146933794021606,-0.13395601511001587,-0.045691823666786036,-0.20513379573822021,-0.198522686958313,-0.02808125697622188,-0.3052369952201843,-0.1770980954170227,-0.00375536231869944,-0.37557268142700195,-0.16127878427505493,0.02429588876118771,-0.14657467603683472,-0.3036196827888489,0.0897923427765619,-0.2627333402633667,-0.2903152108192444,0.11920005261352173,-0.3304886221885681,-0.25509506464004517,0.11034524619033448,-0.38214802742004395,-0.22688305377960205,0.09784229278018586,-0.1556541919708252,-0.21762096881866455,0.12091727733066193,-0.26364290714263916,-0.211070716381073,0.15497227191379181,-0.3336009979248047,-0.18790167570114136,0.11757516294171921,-0.3870326280593872,-0.16080361604690552,0.08046657770326249,-0.15918982028961182,-0.1378343105316162,0.14198430060794465,-0.25499969720840454,-0.1326303482055664,0.1606713551228296,-0.320315957069397,-0.12883418798446655,0.11241221606185547,-0.373136043548584,-0.11529111862182617,0.07282041191508881,-0.1611209511756897,-0.06461817026138306,0.15892079650809876,-0.23955589532852173,-0.08636230230331421,0.16720704912593476,-0.2930745482444763,-0.0888434648513794,0.14326715647628419,-0.33573055267333984,-0.09153378009796143,0.12067513346126191
MORE,0.0,0.0,0.0,-0.07403331995010376,-0.1586899757385254,-0.04538171483356024,-0.1530592441558838,-0.25686579942703247,-0.0324004490502503,-0.25603628158569336,-0.2629770040512085,-0.010719970112326394,-0.3270183801651001,-0.26399242877960205,0.01746587337773775,-0.09855806827545166,-0.33781418204307556,0.069989162253556,-0.21190708875656128,-0.35736387968063354,0.09892377512377237,-0.27989792823791504,-0.34223607182502747,0.09891938673180078,-0.3292583227157593,-0.32725486159324646,0.09459284202974771,-0.12055850028991699,-0.25118571519851685,0.10244376467388605,-0.22080063819885254,-0.2738466262817383,0.13621025042456125,-0.2849336266517639,-0.26815712451934814,0.1143343697659347,-0.32857173681259155,-0.2574397325515747,0.09231286005896067,-0.13712936639785767,-0.1771228313446045,0.12644537048262094,-0.22260785102844238,-0.20732659101486206,0.14832385139387583,-0.2772170901298523,-0.21804481744766235,0.1201925228707168,-0.31775593757629395,-0.22510498762130737,0.09677733735960459,-0.15208810567855835,-0.11215794086456299,0.14625618116777872,-0.22370529174804688,-0.15186482667922974,0.16183685021322702,-0.26396048069000244,-0.16532361507415771,0.15399976329725718,-0.2906981110572815,-0.18580830097198486,0.1455669279567573
MORE,0.0,0.0,0.0,-0.07640373706817627,-0.17287498712539673,-0.02413664658014092,-0.1429571509361267,-0.2675795555114746,-2.2513008284263947e-05,-0.23589164018630981,-0.2835536599159241,0.026791752386648326,-0.3033299446105957,-0.28296446800231934,0.05814906309898582,-0.07419711351394653,-0.30802762508392334,0.11595539476330963,-0.18452781438827515,-0.3449160158634186,0.15827979620154586,-0.25031524896621704,-0.34401774406433105,0.1623579012935945,-0.2941025495529175,-0.3369406759738922,0.16038343783076492,-0.09497559070587158,-0.23168253898620605,0.14127231116946426,-0.1931203007698059,-0.2725871205329895,0.18811394746955123,-0.25804513692855835,-0.27799397706985474,0.16566071386988845,-0.29874175786972046,-0.27201682329177856,0.14239849622901168,-0.11439740657806396,-0.16658443212509155,0.15860967810805526,-0.2033335566520691,-0.20486414432525635,0.193681811053116,-0.2579547166824341,-0.22146648168563843,0.1680835830753633,-0.29326462745666504,-0.23066306114196777,0.14493524010832992,-0.1359606385231018,-0.10478639602661133,0.17282623525317398,-0.20675528049468994,-0.15743088722229004,0.20001909609492508,-0.24795186519622803,-0.17208635807037354,0.19731835003550735,-0.2748737335205078,-0.1908525824546814,0.19126457448657241
MORE,0.0,0.0,0.0,-0.05957072973251343,-0.1745312213897705,-0.02196491867432826,-0.11730563640594482,-0.27112460136413574,0.005394592563263245,-0.19335544109344482,-0.2943185567855835,0.03549851305653817,-0.2522561550140381,-0.3011920750141144,0.07004014976193673,-0.06855833530426025,-0.30132967233657837,0.11249425090720422,-0.15392589569091797,-0.33893683552742004,0.15791811622550256,-0.20790046453475952,-0.34339532256126404,0.16994956709315545,-0.24367600679397583,-0.34011566638946533,0.17529166318347222,-0.08971774578094482,-0.23048245906829834,0.13956426657607324,-0.16213184595108032,-0.2722660303115845,0.19288191772868402,-0.2190273404121399,-0.28481820225715637,0.1871492771046377,-0.255226194858551,-0.28328800201416016,0.17786373771598107,-0.10569745302200317,-0.17288821935653687,0.15795830465724237,-0.17121195793151855,-0.21703290939331055,0.19809166170527703,-0.21517831087112427,-0.2372557520866394,0.18508552588393457,-0.2458820939064026,-0.2484290599822998,0.17212097920348413,-0.12463593482971191,-0.12035876512527466,0.1726086197035528,-0.1770569086074829,-0.17360180616378784,0.20019037105014093,-0.2124050259590149,-0.18979376554489136,0.20009947396685845,-0.23579621315002441,-0.20688223838806152,0.1981856880324102
MORE,0.0,0.0,0.0,-0.047952115535736084,-0.15273678302764893,-0.030578340560026618,-0.09977543354034424,-0.25637614727020264,-0.014317936420269461,-0.1763768196105957,-0.2912573218345642,0.007990440197460202,-0.23629337549209595,-0.30274584889411926,0.03393314297514394,-0.02852153778076172,-0.29332056641578674,0.07774127911048367,-0.11963874101638794,-0.3407992720603943,0.115054271027617,-0.18175584077835083,-0.34777599573135376,0.12393274794536069,-0.2216135859489441,-0.3448890447616577,0.12735231111960843,-0.0502169132232666,-0.22976195812225342,0.10678770284371808,-0.13014256954193115,-0.28043419122695923,0.15044076631980374,-0.19091874361038208,-0.296826034784317,0.14199896048026517,-0.22882825136184692,-0.2931187152862549,0.13082043717818692,-0.0721207857131958,-0.17285162210464478,0.12923264394717648,-0.14536136388778687,-0.21923556923866272,0.1620179552884622,-0.19369280338287354,-0.24564886093139648,0.14929447959380582,-0.2256978154182434,-0.2559637427330017,0.13675682137923673,-0.09836673736572266,-0.12142753601074219,0.1483981002421899,-0.15741723775863647,-0.1757434606552124,0.17081120501475766,-0.1920817494392395,-0.19757336378097534,0.17221669743972257,-0.21342021226882935,-0.21599578857421875,0.17156812439876035
MORE,0.0,0.0,0.0,-0.05531591176986694,-0.1436740756034851,-0.0449824183296883,-0.13972991704940796,-0.24795162677764893,-0.04072471699235081,-0.2289104461669922,-0.2711959779262543,-0.02814221745845913,-0.29327327013015747,-0.2774195969104767,-0.013737959699007263,-0.055038630962371826,-0.30528491735458374,0.03628003606083752,-0.16748279333114624,-0.335018515586853,0.05330729493382336,-0.23879259824752808,-0.32615095376968384,0.04733025291445614,-0.2857842445373535,-0.3199382424354553,0.038564957766560326,-0.07537597417831421,-0.22696498036384583,0.06204864019039036,-0.1734979748725891,-0.25600433349609375,0.08693991610291363,-0.24653363227844238,-0.26834380626678467,0.06545063117030026,-0.2959757447242737,-0.26107165217399597,0.04116759458067776,-0.09533190727233887,-0.14923793077468872,0.08114273109915615,-0.18276739120483398,-0.18235963582992554,0.09336226442339779,-0.24940931797027588,-0.21251660585403442,0.0640525297212875,-0.2998582720756531,-0.22614485025405884,0.0392376110840118,-0.11438649892807007,-0.07388675212860107,0.09689047196390987,-0.1843279004096985,-0.12703967094421387,0.09720038631441952,-0.2340279221534729,-0.15324431657791138,0.08371873208763958,-0.2701679468154907,-0.174238920211792,0.07188776144268871
MORE,0.0,0.0,0.0,-0.07525873184204102,-0.14352214336395264,-0.039115346966976716,-0.16249209642410278,-0.2169170379638672,-0.020758785306210115,-0.2640236020088196,-0.19722676277160645,0.002488942119558857,-0.3344837427139282,-0.17432856559753418,0.02949606999874632,-0.12536656856536865,-0.29250743985176086,0.09190016612530272,-0.2288130521774292,-0.3024415373802185,0.11419202759981673,-0.28966498374938965,-0.27894341945648193,0.10346266999960463,-0.33115607500076294,-0.2540907561779022,0.09107517078638594,-0.14842474460601807,-0.20881736278533936,0.11554827168703596,-0.2433115839958191,-0.22653108835220337,0.14009657874823134,-0.30210405588150024,-0.21627187728881836,0.1017508618545584,-0.3469386696815491,-0.20188850164413452,0.0669804178190283,-0.16166460514068604,-0.132046639919281,0.12883893028021376,-0.2489914894104004,-0.1491801142692566,0.13642070070028822,-0.3057684898376465,-0.15582025051116943,0.08833286538839857,-0.3512788414955139,-0.15683341026306152,0.05201385915399115,-0.1682071089744568,-0.05388772487640381,0.13910130038977186,-0.24954187870025635,-0.09591591358184814,0.13679877296209852,-0.2981832027435303,-0.10892736911773682,0.11175645515442412,-0.3356086015701294,-0.12744009494781494,0.09053350612640898
MORE,0.0,0.0,0.0,-0.06519943475723267,-0.16270625591278076,-0.02310583653700582,-0.13906371593475342,-0.2509819269180298,0.003959055460718952,-0.2395419478416443,-0.24821612238883972,0.03334599447595843,-0.3097841143608093,-0.2333613634109497,0.0662742824588991,-0.09909027814865112,-0.28888997435569763,0.11082277161228427,-0.19812250137329102,-0.3155747056007385,0.14587244105684527,-0.25920355319976807,-0.3124367892742157,0.14656912994730242,-0.3064104914665222,-0.3037523031234741,0.14114831102239855,-0.12317425012588501,-0.21068334579467773,0.1306235016618944,-0.21250587701797485,-0.24752968549728394,0.16572341037142047,-0.2734118700027466,-0.25680866837501526,0.13937973690378436,-0.3195141553878784,-0.25593218207359314,0.11400946688997515,-0.1409953236579895,-0.1424882411956787,0.1415662587915636,-0.22493350505828857,-0.18059462308883667,0.1613203258548952,-0.2759972810745239,-0.2030578851699829,0.12818553758013018,-0.31944024562835693,-0.21983850002288818,0.10146116179573306,-0.1589081883430481,-0.07326632738113403,0.15011273038732775,-0.23360353708267212,-0.12434685230255127,0.16163475525724658,-0.27616870403289795,-0.1484704613685608,0.14950024795877703,-0.30989986658096313,-0.1812293529510498,0.1371172339950777
MORE,0.0,0.0,0.0,-0.04782426357269287,-0.1524946093559265,-0.035663001816992335,-0.12538361549377441,-0.24749404191970825,-0.021783557366852335,-0.22421163320541382,-0.2520788609981537,-0.0019975915740175765,-0.2920799255371094,-0.24296122789382935,0.02078484499799771,-0.08359217643737793,-0.29472798109054565,0.06639002205776734,-0.17954021692276,-0.3197082281112671,0.08715124370502991,-0.24239367246627808,-0.31184226274490356,0.08176591934608979,-0.28662335872650146,-0.3051067292690277,0.07321630360531373,-0.11146503686904907,-0.2160150408744812,0.08812770934748215,-0.19766217470169067,-0.2431218922138214,0.11065377982306046,-0.2620123624801636,-0.2507355213165283,0.08399327041554017,-0.30899637937545776,-0.24630901217460632,0.05851756723570389,-0.1300947666168213,-0.14263558387756348,0.10210047604488892,-0.2105312943458557,-0.17278093099594116,0.1093978503529982,-0.2660408616065979,-0.19440710544586182,0.07661529572653336,-0.3110901117324829,-0.20792120695114136,0.051653190869565435,-0.14335322380065918,-0.0706145167350769,0.11341120989965958,-0.21318495273590088,-0.12287735939025879,0.11047632934498353,-0.2594350576400757,-0.1481924057006836,0.09392517747330231,-0.2947133779525757,-0.17748701572418213,0.08049337508129639
MORE,0.0,0.0,0.0,-0.06299561262130737,-0.1595379114151001,-0.033250108362700814,-0.1462429165840149,-0.24449658393859863,-0.011150510051813,-0.24507761001586914,-0.24078571796417236,0.01609242148551715,-0.3160025477409363,-0.2294020652770996,0.0471748225376345,-0.0872696042060852,-0.29701927304267883,0.0949159301802851,-0.1915653944015503,-0.32287853956222534,0.12947836890671027,-0.25531673431396484,-0.3153975009918213,0.13033196702453864,-0.3026989698410034,-0.3044068217277527,0.12504037096950782,-0.11482954025268555,-0.2178395390510559,0.12067272141430152,-0.20497560501098633,-0.25023651123046875,0.1573427952811457,-0.2685438394546509,-0.25397539138793945,0.13063268735859168,-0.31352120637893677,-0.24659478664398193,0.10395671799633277,-0.13457077741622925,-0.14505857229232788,0.1379040665909983,-0.2166811227798462,-0.17737352848052979,0.15903783216926826,-0.27141517400741577,-0.1952325701713562,0.12395958974811805,-0.3142375946044922,-0.2086206078529358,0.09551585838053,-0.1531604528427124,-0.07041853666305542,0.15234864130470527,-0.2262611985206604,-0.12487393617630005,0.16322213783714545,-0.2713059186935425,-0.14664751291275024,0.1492815501973368,-0.30234837532043457,-0.17476993799209595,0.1355839706942774
MORE,0.0,0.0,0.0,-0.07099604606628418,-0.14524734020233154,-0.04057954820000731,-0.15893203020095825,-0.2248740792274475,-0.021689614375468125,-0.26138877868652344,-0.21055465936660767,0.0027882786454895836,-0.33298152685165405,-0.18816286325454712,0.03145153624809183,-0.11738938093185425,-0.28475144505500793,0.09346120236313737,-0.2194100022315979,-0.30586177110671997,0.11875647483265794,-0.28206831216812134,-0.2925589382648468,0.11078781811392702,-0.32739943265914917,-0.27441588044166565,0.10009416369593538,-0.14225870370864868,-0.20333832502365112,0.11928487745917238,-0.23586183786392212,-0.23200666904449463,0.14599634138739503,-0.29674094915390015,-0.22815054655075073,0.10897126225626863,-0.3428177237510681,-0.21732985973358154,0.07535128472245134,-0.15865272283554077,-0.13133054971694946,0.13486298350489534,-0.24489355087280273,-0.15710020065307617,0.14637421993410982,-0.2999674081802368,-0.16836386919021606,0.10049863336480058,-0.3425344228744507,-0.17413806915283203,0.06533732442057527,-0.1701415777206421,-0.05949515104293823,0.14714382020628847,-0.2489922046661377,-0.1060720682144165,0.15051292804873384,-0.2961374521255493,-0.12355190515518188,0.12826640335715211,-0.32982009649276733,-0.1474372148513794,0.10830651400483049
MORE,0.0,0.0,0.0,-0.050596415996551514,-0.17100942134857178,-0.03792894085634657,-0.11259949207305908,-0.2808666229248047,-0.019923480355629408,-0.21146881580352783,-0.30035901069641113,0.0036859355052172305,-0.27772700786590576,-0.3098147511482239,0.03263331750642351,-0.057690203189849854,-0.3239228129386902,0.08898011395942262,-0.15118414163589478,-0.35846811532974243,0.1223615537048488,-0.21659338474273682,-0.359148234128952,0.12886249074946932,-0.2611139416694641,-0.35215476155281067,0.13066338548671297,-0.08156269788742065,-0.24055525660514832,0.12031424591552309,-0.16069859266281128,-0.2877005934715271,0.1613170112134128,-0.22690510749816895,-0.294678270816803,0.15214239606868318,-0.26879173517227173,-0.2913413941860199,0.1417833472252994,-0.10057365894317627,-0.17285609245300293,0.14243296334754518,-0.17237019538879395,-0.21553227305412292,0.1690219695330768,-0.22460007667541504,-0.23784196376800537,0.15815590868007234,-0.2572730779647827,-0.25065743923187256,0.14965822348605684,-0.12186366319656372,-0.10734713077545166,0.16019929001342348,-0.18149524927139282,-0.16034293174743652,0.17801599750529817,-0.2196873426437378,-0.18004190921783447,0.18042328009616426,-0.24060875177383423,-0.20122826099395752,0.18269971559058718
MORE,0.0,0.0,0.0,-0.07358443737030029,-0.1450951099395752,-0.05690104255953088,-0.15726029872894287,-0.26005685329437256,-0.050720417150643016,-0.24295783042907715,-0.29745230078697205,-0.03344760949292436,-0.30814599990844727,-0.3075801134109497,-0.013333378569569732,-0.03273266553878784,-0.3436204791069031,0.04629173388204322,-0.16139447689056396,-0.3847426176071167,0.06495306526741729,-0.24794793128967285,-0.3750636577606201,0.05434955542406783,-0.3074979782104492,-0.3598957061767578,0.043484023562285756,-0.04512137174606323,-0.27450984716415405,0.0850977737220262,-0.16406452655792236,-0.300690233707428,0.1073128867658113,-0.24314874410629272,-0.28953567147254944,0.0753013852747415,-0.29515108466148376,-0.260254442691803,0.045968445739362096,-0.06081593036651611,-0.20366472005844116,0.11605250721297011,-0.16775131225585938,-0.22714588046073914,0.12942316269001708,-0.23371100425720215,-0.23456990718841553,0.0870533276113008,-0.2772065997123718,-0.2262803018093109,0.05532535051426635,-0.07867223024368286,-0.13950955867767334,0.14297928546986327,-0.1592755913734436,-0.17425501346588135,0.14642565583309874,-0.21150416135787964,-0.18280482292175293,0.12514056896290526,-0.24156290292739868,-0.18233680725097656,0.10881774013361678
MORE,0.0,0.0,0.0,-0.07886183261871338,-0.18735331296920776,-0.034071501282525674,-0.14431023597717285,-0.2897942066192627,-0.008191949625981465,-0.23312854766845703,-0.32251766324043274,0.025810511844682082,-0.2973296642303467,-0.33123672008514404,0.06550922996036945,-0.038199663162231445,-0.3504289388656616,0.10768928385012089,-0.1562875509262085,-0.3939683437347412,0.1557178348922008,-0.2304900884628296,-0.3902127146720886,0.16222435242168842,-0.27837663888931274,-0.380302757024765,0.16179712122909962,-0.05749666690826416,-0.27036821842193604,0.14521525806419788,-0.15617889165878296,-0.31759536266326904,0.202186435522961,-0.23350578546524048,-0.32587218284606934,0.1823928803824657,-0.28053992986679077,-0.3176810145378113,0.158712491455006,-0.08010494709014893,-0.19863265752792358,0.17493361240856586,-0.1659258008003235,-0.24933692812919617,0.2165192813300365,-0.23076015710830688,-0.26894277334213257,0.19016362732880054,-0.2717631459236145,-0.2808207869529724,0.165624916615414,-0.11279970407485962,-0.13374406099319458,0.2014293075227016,-0.18423449993133545,-0.1931207776069641,0.23047949379913746,-0.22727572917938232,-0.20888859033584595,0.22695007926456867,-0.24863988161087036,-0.23032477498054504,0.22076399630539356
MORE,0.0,0.0,0.0,-0.0639541745185852,-0.17850011587142944,-0.029804933834839176,-0.12330996990203857,-0.3026689291000366,-0.00817091578619511,-0.19240987300872803,-0.34878209233283997,0.022069016452860524,-0.2507716417312622,-0.3724724054336548,0.05339372528715103,0.02735048532485962,-0.3556962013244629,0.07737993447108238,-0.09462743997573853,-0.41319581866264343,0.12143550811333625,-0.17625737190246582,-0.419180691242218,0.12093239275736778,-0.23325377702713013,-0.4263167381286621,0.11331926284356086,0.020478665828704834,-0.28260377049446106,0.11184187976641624,-0.09454143047332764,-0.3379938304424286,0.16081887481732338,-0.17768341302871704,-0.3542373776435852,0.1319397091679093,-0.24214762449264526,-0.3392026424407959,0.09905483571810692,-0.0019522905349731445,-0.2109520435333252,0.14277671275658577,-0.10810375213623047,-0.26852816343307495,0.18110775945706337,-0.17606979608535767,-0.2959018647670746,0.14332784710450142,-0.22512298822402954,-0.30149367451667786,0.10794989017767875,-0.033487021923065186,-0.15390127897262573,0.17220735548062294,-0.11657005548477173,-0.220744788646698,0.19378125665707557,-0.17163264751434326,-0.24536961317062378,0.17912279067559211,-0.2079666256904602,-0.2592196464538574,0.16357086597008674
MORE,0.0,0.0,0.0,-0.08072739839553833,-0.15482842922210693,-0.05752552094764951,-0.1720457673072815,-0.27041253447532654,-0.043908299681618246,-0.2714141607284546,-0.29890426993370056,-0.020153585624768766,-0.343278169631958,-0.30472081899642944,0.006191476910487381,-0.0778467059135437,-0.37015944719314575,0.07733263653807398,-0.19846534729003906,-0.39877384901046753,0.10566852075152156,-0.27841442823410034,-0.3808659315109253,0.09678115529112574,-0.3334433436393738,-0.3619464933872223,0.08681310546688792,-0.09121149778366089,-0.29384902119636536,0.1187732799082255,-0.20575958490371704,-0.3148176670074463,0.15113820714049098,-0.2839047908782959,-0.3046572506427765,0.11553072762779948,-0.33812206983566284,-0.2774871587753296,0.08305694741301295,-0.10445523262023926,-0.216181218624115,0.15062681418947932,-0.20779401063919067,-0.23137104511260986,0.17162570935778376,-0.2714269161224365,-0.24257928133010864,0.12618296426825282,-0.3160480856895447,-0.23535239696502686,0.09215137195877787,-0.11718493700027466,-0.1425924301147461,0.17761426252417323,-0.19536828994750977,-0.17452096939086914,0.18765080553583857,-0.24755841493606567,-0.18908369541168213,0.16629154068522212,-0.28164464235305786,-0.1926214098930359,0.14946927708678004
MORE,0.0,0.0,0.0,-0.07331740856170654,-0.16825389862060547,-0.048555926610902134,-0.15994501113891602,-0.26703080534935,-0.02951950319595653,-0.26918458938598633,-0.2817875146865845,-0.004153738920763317,-0.3454914689064026,-0.2842598259449005,0.024970856304094013,-0.10017305612564087,-0.34050342440605164,0.10269864908866566,-0.2151811718940735,-0.37250304222106934,0.12891911230497044,-0.2885932922363281,-0.36162659525871277,0.11463437489680928,-0.3431941866874695,-0.3467625379562378,0.09926584623269719,-0.13345497846603394,-0.26047706604003906,0.13385646305493992,-0.23478394746780396,-0.30176323652267456,0.16284959278516453,-0.3059031367301941,-0.3013477027416229,0.11613630763702076,-0.35983359813690186,-0.28883910179138184,0.07461217306070012,-0.15574324131011963,-0.1886293888092041,0.1534979667466132,-0.24861466884613037,-0.2256762981414795,0.1673921968739478,-0.31022244691848755,-0.2420545220375061,0.11031708381585759,-0.3597271144390106,-0.24691742658615112,0.06648767999820393,-0.17350220680236816,-0.11685830354690552,0.16895190141610783,-0.2505612373352051,-0.1738489866256714,0.17252768836431187,-0.30048877000808716,-0.1934126615524292,0.14364037177972477,-0.3366799056529999,-0.21142226457595825,0.11863959840945881
MORE,0.0,0.0,0.0,-0.0654517412185669,-0.18295949697494507,-0.03947967505848027,-0.12869298458099365,-0.29059046506881714,-0.017819814671035772,-0.23283398151397705,-0.3165608048439026,0.01108453952873134,-0.3047983646392822,-0.32272759079933167,0.04563800030553722,-0.05764329433441162,-0.35488930344581604,0.10208745458329105,-0.17254638671875,-0.39722681045532227,0.1405801788827219,-0.24255001544952393,-0.3930661678314209,0.14019161620343112,-0.29137706756591797,-0.3810792565345764,0.13513630786145114,-0.08953619003295898,-0.2731207013130188,0.13610938348973178,-0.18818742036819458,-0.3228606581687927,0.17967589357102298,-0.2538239359855652,-0.32450777292251587,0.15092381992543125,-0.29529428482055664,-0.31202933192253113,0.12332154967987918,-0.11760979890823364,-0.2036234736442566,0.16147811868393802,-0.20132875442504883,-0.25557270646095276,0.19268731930458927,-0.25418299436569214,-0.27303704619407654,0.16003285505974674,-0.288288950920105,-0.2792271375656128,0.13298428216183567,-0.14605271816253662,-0.13721662759780884,0.18303936877453708,-0.21790802478790283,-0.19974565505981445,0.2074168191214838,-0.2565750479698181,-0.21993517875671387,0.20103714027607822,-0.2766251564025879,-0.2411034107208252,0.1929057256242075
MORE,0.0,0.0,0.0,-0.053981125354766846,-0.1969538927078247,-0.017897845958078307,-0.10746949911117554,-0.30296918749809265,0.01189894437352379,-0.19295233488082886,-0.34128135442733765,0.04527042269269188,-0.25580525398254395,-0.3551843762397766,0.08319010048667153,-0.03360086679458618,-0.32799938321113586,0.1250988191322442,-0.14048069715499878,-0.3828694820404053,0.1810200905756112,-0.20250332355499268,-0.3878105580806732,0.1950438862995263,-0.2423747181892395,-0.39052703976631165,0.19922035395661553,-0.06276965141296387,-0.24870917201042175,0.15512427150765618,-0.1592346429824829,-0.30584269762039185,0.21656281709233483,-0.22369903326034546,-0.32696253061294556,0.20454798101941307,-0.25584977865219116,-0.3265799582004547,0.18724353074589928,-0.08751612901687622,-0.1842113733291626,0.17868421434918602,-0.17197299003601074,-0.24962064623832703,0.22762941777268608,-0.22348183393478394,-0.2790672779083252,0.2129741257385369,-0.2517426013946533,-0.2956241965293884,0.19597072362462242,-0.1177336573600769,-0.12761425971984863,0.19941542505780419,-0.18390226364135742,-0.1966426968574524,0.2365579253391381,-0.22059959173202515,-0.21961462497711182,0.24173718153992851,-0.2362726926803589,-0.24560672044754028,0.24149707912961205
MORE,0.0,0.0,0.0,-0.0678674578666687,-0.16563057899475098,-0.02942332254303892,-0.13101571798324585,-0.2745126485824585,-0.008147439933850364,-0.20167487859725952,-0.32308316230773926,0.021818514898882313,-0.2589735984802246,-0.3395513594150543,0.05589376947330038,0.0006617307662963867,-0.3298141360282898,0.07771986907766859,-0.113919198513031,-0.38769420981407166,0.12859474307344954,-0.18691539764404297,-0.3906424045562744,0.1447415370349745,-0.23058539628982544,-0.3866339325904846,0.15141283160494368,-0.003529787063598633,-0.26258230209350586,0.11386054939077894,-0.10369020700454712,-0.3225724697113037,0.17585504239843885,-0.17991316318511963,-0.3357871472835541,0.17305712586687605,-0.2264695167541504,-0.32282450795173645,0.16096238976763289,-0.01884406805038452,-0.1950938105583191,0.14523205345915358,-0.11296695470809937,-0.2549470067024231,0.19366344994352858,-0.180192768573761,-0.27834442257881165,0.18030506557272474,-0.22220289707183838,-0.2819051742553711,0.16308848744677107,-0.04739898443222046,-0.13862287998199463,0.17415258473204176,-0.12403911352157593,-0.20259219408035278,0.2031739670638899,-0.1742909550666809,-0.2234128713607788,0.20238913780497114,-0.2025107741355896,-0.23541364073753357,0.19857800191687147
MORE,0.0,0.0,0.0,-0.07450920343399048,-0.1393587589263916,-0.05248793519325545,-0.1479080319404602,-0.2635197341442108,-0.051251917399838476,-0.2280517816543579,-0.30920249223709106,-0.037476892836764364,-0.29518604278564453,-0.32901328802108765,-0.02240092612095168,-0.0130423903465271,-0.3500128388404846,0.02027732574157426,-0.14450228214263916,-0.39702674746513367,0.03896502473168084,-0.23135405778884888,-0.3907288908958435,0.030055426738783808,-0.2885754704475403,-0.3828156590461731,0.020539206198975535,-0.01411527395248413,-0.2846357226371765,0.05789573558382699,-0.14173078536987305,-0.3184271454811096,0.08386200361661622,-0.2299937605857849,-0.324363648891449,0.059399031780287714,-0.2955525517463684,-0.30432358384132385,0.03306540169529626,-0.030524015426635742,-0.21235156059265137,0.09099889241866777,-0.1472427248954773,-0.2423546314239502,0.11006378822736451,-0.22351032495498657,-0.2681713402271271,0.07918394797258088,-0.27981042861938477,-0.2704520523548126,0.05241501771621415,-0.05480849742889404,-0.14587366580963135,0.12092113935165116,-0.14488106966018677,-0.18886011838912964,0.1282290264289827,-0.20455455780029297,-0.2153235673904419,0.11496239595822999,-0.24657946825027466,-0.22679591178894043,0.10356399857215592
MORE,0.0,0.0,0.0,-0.07770413160324097,-0.16176116466522217,-0.05432130341429797,-0.1664034128189087,-0.2611798942089081,-0.0366806307901868,-0.2746530771255493,-0.2727898359298706,-0.010356694841874514,-0.3513087034225464,-0.27135390043258667,0.020827806172775354,-0.10714131593704224,-0.3555791974067688,0.09547112192015561,-0.22660428285598755,-0.3756459355354309,0.12294468338589581,-0.30241698026657104,-0.3566019833087921,0.11204003597597989,-0.3561975359916687,-0.3364110589027405,0.10003067607979688,-0.13484305143356323,-0.2724449932575226,0.13176193888287457,-0.24146395921707153,-0.3028322458267212,0.1650269931087962,-0.3145134449005127,-0.29368504881858826,0.12696421201329144,-0.36882755160331726,-0.2755852937698364,0.09215553159813794,-0.15437370538711548,-0.19513678550720215,0.156198710752534,-0.24747365713119507,-0.22454583644866943,0.17356137986283215,-0.31038475036621094,-0.2344599962234497,0.12465839142899426,-0.359688401222229,-0.2342534065246582,0.08717217351298245,-0.170740008354187,-0.11944395303726196,0.17566548342804822,-0.2469281554222107,-0.16816234588623047,0.18083643968205365,-0.2955392599105835,-0.18303650617599487,0.15618182773690137,-0.33191758394241333,-0.19887512922286987,0.13570174629788312
MORE,0.0,0.0,0.0,-0.06981980800628662,-0.18516886234283447,-0.02931454674492784,-0.13248670101165771,-0.2897995412349701,-0.0047860992063135654,-0.21259385347366333,-0.33441492915153503,0.027033732373610064,-0.274755597114563,-0.3511206805706024,0.06442601150681071,-0.02808821201324463,-0.33491480350494385,0.09889704651047282,-0.1404537558555603,-0.3957216143608093,0.14517135090042643,-0.20634186267852783,-0.400103360414505,0.15201840466667704,-0.2508070468902588,-0.3986022472381592,0.15200922555138163,-0.05191284418106079,-0.2622232437133789,0.1334756977002769,-0.1552259922027588,-0.32135966420173645,0.18476084536720805,-0.2247089147567749,-0.33622032403945923,0.16483665174652629,-0.26580727100372314,-0.32573172450065613,0.14174345797707133,-0.07719886302947998,-0.19852828979492188,0.16174188918282084,-0.1684991717338562,-0.2619783282279968,0.20331183737923197,-0.226648211479187,-0.28394651412963867,0.17770520514656596,-0.2632008194923401,-0.29284751415252686,0.15270159310509257,-0.10875612497329712,-0.14325952529907227,0.1871454334895759,-0.18291741609573364,-0.20613747835159302,0.21825816399265818,-0.2235661745071411,-0.22484958171844482,0.21468713051487498,-0.2434467077255249,-0.244223952293396,0.20720345443893962
MORE,0.0,0.0,0.0,-0.07591629028320312,-0.153272807598114,-0.05074651765889371,-0.162145733833313,-0.27419400215148926,-0.03894371393388951,-0.25915443897247314,-0.30945995450019836,-0.017951919168893937,-0.3323427438735962,-0.31577548384666443,0.004010052948530074,-0.061903953552246094,-0.36535879969596863,0.06608853635125911,-0.18613380193710327,-0.38867247104644775,0.09228333976798808,-0.26894426345825195,-0.3757246732711792,0.08308258053594386,-0.3259463310241699,-0.3670470714569092,0.07218174037271297,-0.07154417037963867,-0.28565514087677,0.10199591663413798,-0.1906071901321411,-0.2995837926864624,0.13549804833465373,-0.2733900547027588,-0.3017275035381317,0.10460794863038814,-0.3331395983695984,-0.2911538779735565,0.07296921458774364,-0.08587032556533813,-0.2013571858406067,0.12997360673480784,-0.19663894176483154,-0.2139979600906372,0.15171279159122264,-0.2654109001159668,-0.2362268567085266,0.11292056885295665,-0.31548696756362915,-0.2378448247909546,0.08157604333692348,-0.1033780574798584,-0.1209186315536499,0.15368816402488505,-0.18404895067214966,-0.15742862224578857,0.16534781601959025,-0.23744726181030273,-0.18236154317855835,0.14922246482902324,-0.2762359380722046,-0.1908642053604126,0.13500295725398814
MORE,0.0,0.0,0.0,-0.07781630754470825,-0.16278314590454102,-0.04693164892748314,-0.1695951223373413,-0.2631274461746216,-0.031657150315794524,-0.27333784103393555,-0.2769908905029297,-0.00740796031683999,-0.3466275930404663,-0.2743138074874878,0.020037909669127885,-0.09372353553771973,-0.34436115622520447,0.07249010883018059,-0.2111629843711853,-0.36544671654701233,0.09784445695325417,-0.2878957986831665,-0.35150042176246643,0.0906662025277285,-0.3419229984283447,-0.3386783003807068,0.08115074567243141,-0.11792939901351929,-0.2609236240386963,0.10580748103305382,-0.2269032597541809,-0.28247323632240295,0.13842781416818184,-0.3047935962677002,-0.28655707836151123,0.10979617915793938,-0.36098551750183105,-0.277177631855011,0.07967947207137627,-0.13599354028701782,-0.17952191829681396,0.12996256880208534,-0.23137295246124268,-0.20177477598190308,0.14719483785077614,-0.2941318154335022,-0.22191667556762695,0.10799120150252861,-0.34290581941604614,-0.22728395462036133,0.07598758272573036,-0.15305203199386597,-0.10026353597640991,0.1501914613668589,-0.22923147678375244,-0.14472436904907227,0.1529179715339808,-0.2818955183029175,-0.16775816679000854,0.1314446978990702,-0.32038044929504395,-0.1887161135673523,0.113308055025783
MORE,0.0,0.0,0.0,-0.07779252529144287,-0.1579342484474182,-0.04775251206844189,-0.16892409324645996,-0.24967581033706665,-0.028782938987902185,-0.2800227403640747,-0.24314308166503906,-0.0026524263983134233,-0.3561054468154907,-0.22671723365783691,0.028596310495444754,-0.12151443958282471,-0.3336498737335205,0.0944521674802985,-0.23518496751785278,-0.35235273838043213,0.1179749170234885,-0.3069676160812378,-0.3320169150829315,0.10791655126125477,-0.35697001218795776,-0.3086158335208893,0.0968574980190482,-0.15022927522659302,-0.2486553192138672,0.12468906733305118,-0.2501339316368103,-0.27828559279441833,0.15395064893276356,-0.3149479627609253,-0.26611924171447754,0.11994739118129871,-0.36343228816986084,-0.24710702896118164,0.0895514214328017,-0.16911619901657104,-0.17084640264511108,0.1430937671950545,-0.26048439741134644,-0.19690418243408203,0.15574710312397144,-0.3157479763031006,-0.2041834592819214,0.11304781082183979,-0.3600091338157654,-0.20777779817581177,0.08125631752521656,-0.1828862428665161,-0.09155213832855225,0.1570194834759917,-0.26395273208618164,-0.14133602380752563,0.1591760987332549,-0.31125539541244507,-0.15565061569213867,0.13831396642238758,-0.347229540348053,-0.1772010326385498,0.12119812014610432
MORE,0.0,0.0,0.0,-0.07624053955078125,-0.18028706312179565,-0.040921422518264805,-0.15163594484329224,-0.28352707624435425,-0.02059108284808353,-0.26053911447525024,-0.2931549847126007,0.0074571214100007666,-0.33455735445022583,-0.2895555794239044,0.04211435946129605,-0.08473104238510132,-0.33717572689056396,0.09791752057575032,-0.2024369239807129,-0.37303057312965393,0.13485050308011814,-0.2746911644935608,-0.36753028631210327,0.1351625780990009,-0.32832223176956177,-0.35468533635139465,0.13059154259465977,-0.11038267612457275,-0.25257372856140137,0.13228193032048985,-0.2131062150001526,-0.2939886152744293,0.1756957184007053,-0.2828730344772339,-0.2975894510746002,0.15027733253740116,-0.3306053876876831,-0.28896063566207886,0.1243709634473209,-0.1336802840232849,-0.1798831820487976,0.15775448190473362,-0.2217172384262085,-0.21954631805419922,0.18959762262605473,-0.2745591998100281,-0.23747676610946655,0.16175133096479222,-0.31188827753067017,-0.24501895904541016,0.13731111692689701,-0.15855252742767334,-0.11040431261062622,0.1787746261289005,-0.22936898469924927,-0.15980207920074463,0.20393185424112126,-0.2688174247741699,-0.17847007513046265,0.19957707928918644,-0.29412180185317993,-0.19996315240859985,0.19233593451284214
MORE,0.0,0.0,0.0,-0.07529127597808838,-0.17256569862365723,-0.01731930982356289,-0.1365010142326355,-0.27950519323349,0.00807549588347456,-0.20482474565505981,-0.31966572999954224,0.03848774794454357,-0.2671385407447815,-0.3372982144355774,0.0704078494381406,-0.005354464054107666,-0.3306925892829895,0.09827796060557148,-0.11533492803573608,-0.38224855065345764,0.1561752973865964,-0.18894487619400024,-0.3859640657901764,0.17262614954228184,-0.23552286624908447,-0.38500338792800903,0.1780871568989255,-0.006226718425750732,-0.26496464014053345,0.12858900118584415,-0.10846978425979614,-0.31652048230171204,0.19778421211952946,-0.1867285966873169,-0.3371463716030121,0.19307309079880497,-0.2374476194381714,-0.32771405577659607,0.17779299307579777,-0.02045685052871704,-0.19551461935043335,0.15488978911156437,-0.11962217092514038,-0.24996858835220337,0.20954568374867222,-0.18730628490447998,-0.27987366914749146,0.19561382818932316,-0.23323595523834229,-0.28852519392967224,0.17583693254704258,-0.0481492280960083,-0.13502299785614014,0.1795489012073972,-0.13185405731201172,-0.19683325290679932,0.21147527981514713,-0.18628668785095215,-0.21919524669647217,0.21209485519642612,-0.22366076707839966,-0.23438727855682373,0.20842422235722324
MORE,0.0,0.0,0.0,-0.13068658113479614,-0.13088124990463257,-0.026179372600097395,-0.22824788093566895,-0.22478026151657104,-0.0029143828775772818,-0.3066211938858032,-0.2735622525215149,0.0223309963133147,-0.36248981952667236,-0.3149280846118927,0.04253649405501392,-0.125261127948761,-0.34150072932243347,0.10669922522566821,-0.25759363174438477,-0.3396197557449341,0.14917581222317722,-0.33659112453460693,-0.3041636049747467,0.15775017879269626,-0.3898143172264099,-0.26626408100128174,0.1613666310097983,-0.08908843994140625,-0.2797180414199829,0.13548161528370883,-0.24266886711120605,-0.2457284927368164,0.17163175783417728,-0.32807815074920654,-0.19195830821990967,0.13940547845623996,-0.3743940591812134,-0.13311851024627686,0.11301161042712238,-0.06523334980010986,-0.2135058045387268,0.15816414795182254,-0.21265137195587158,-0.16344720125198364,0.17820722303650882,-0.2926487922668457,-0.11790263652801514,0.1247736483003905,-0.33123499155044556,-0.08407926559448242,0.08764052084944751,-0.05136376619338989,-0.13857513666152954,0.18060136280320194,-0.1718689203262329,-0.106570303440094,0.19268459520600345,-0.2405950427055359,-0.07361072301864624,0.1705509766127875,-0.27615392208099365,-0.05230271816253662,0.1543345495250037
MORE,0.0,0.0,0.0,-0.07339614629745483,-0.15314561128616333,-0.04210131464105871,-0.15225613117218018,-0.2614325284957886,-0.030676409951865935,-0.2490047812461853,-0.29106080532073975,-0.01046196778816011,-0.3219407796859741,-0.2892323136329651,0.01341304893094275,-0.07087153196334839,-0.3462316393852234,0.0664329953719971,-0.1886090636253357,-0.3770166039466858,0.0981925852825043,-0.26036393642425537,-0.36337006092071533,0.09861118870276186,-0.3052234649658203,-0.3455235958099365,0.0963561885287163,-0.09208232164382935,-0.26585596799850464,0.10065106826323245,-0.19073039293289185,-0.30393534898757935,0.14566722291010592,-0.263156533241272,-0.30629026889801025,0.13266640680330966,-0.31163692474365234,-0.28979647159576416,0.11522301065224383,-0.1131138801574707,-0.1898922324180603,0.12769818084734652,-0.19960379600524902,-0.2268524169921875,0.16281726735132906,-0.2598791718482971,-0.24488532543182373,0.14627174811857913,-0.30463486909866333,-0.24802309274673462,0.12846857088106844,-0.13689661026000977,-0.11783862113952637,0.15049102681177828,-0.21129697561264038,-0.16391122341156006,0.17485330777662966,-0.25458425283432007,-0.18286830186843872,0.175772396497905,-0.2840096354484558,-0.19879835844039917,0.1734854705860016
MORE,0.0,0.0,0.0,-0.0673137903213501,-0.1854156255722046,-0.015047927576045339,-0.12646186351776123,-0.2826986312866211,0.015498447974284346,-0.20900732278823853,-0.3148406147956848,0.04805788565154856,-0.2691812515258789,-0.3255845904350281,0.08444597739454096,-0.043723881244659424,-0.32284313440322876,0.12693563271041697,-0.13786578178405762,-0.3742675185203552,0.17930041420932596,-0.1990404725074768,-0.38264214992523193,0.19053746927257365,-0.24036967754364014,-0.38310375809669495,0.19377304780956095,-0.0693708062171936,-0.24698519706726074,0.15147710013862437,-0.15418261289596558,-0.3022380471229553,0.2093322591828901,-0.21709418296813965,-0.3197169899940491,0.19525237548824137,-0.25370609760284424,-0.31675755977630615,0.17847590315814799,-0.0925830602645874,-0.1829925775527954,0.16891241240974253,-0.1733052134513855,-0.2391122579574585,0.21490524876590555,-0.22400635480880737,-0.26514095067977905,0.19744679499145334,-0.2568656802177429,-0.2796441316604614,0.17964558470722025,-0.1205674409866333,-0.12352383136749268,0.18350735474105662,-0.18755030632019043,-0.18616479635238647,0.21863401103492563,-0.22333431243896484,-0.20873314142227173,0.22283058035846537,-0.2408069372177124,-0.23447489738464355,0.22249198127265757
MORE,0.0,0.0,0.0,-0.05516904592514038,-0.16429942846298218,-0.010275943672975352,-0.11084896326065063,-0.2680193781852722,0.016084998377839277,-0.1872360110282898,-0.30585041642189026,0.04609612701205368,-0.24675124883651733,-0.3178178071975708,0.0777369881954586,-0.0037809014320373535,-0.3049188554286957,0.09976492775348778,-0.10906243324279785,-0.3555522859096527,0.15572591824201698,-0.1743781566619873,-0.36587607860565186,0.1740395347562229,-0.21707558631896973,-0.37047553062438965,0.18156040413049812,-0.01864945888519287,-0.2364843487739563,0.12601714534429664,-0.11390286684036255,-0.29237139225006104,0.19253253144888038,-0.18126589059829712,-0.31746694445610046,0.1898554335322773,-0.22290557622909546,-0.32056519389152527,0.1766543756213581,-0.04200798273086548,-0.1707109808921814,0.14906985265878792,-0.12721461057662964,-0.2249237298965454,0.2048233072247898,-0.18624484539031982,-0.2607065439224243,0.19518675608305092,-0.22562330961227417,-0.27533936500549316,0.1781180421796238,-0.07594794034957886,-0.11252379417419434,0.17080648941663856,-0.14645957946777344,-0.17297208309173584,0.2107081185069477,-0.18743568658828735,-0.1993456482887268,0.2183043430533802,-0.2133215069770813,-0.2209455370903015,0.21801278693346138
MORE,0.0,0.0,0.0,-0.07525581121444702,-0.12466228008270264,-0.052634578779304775,-0.1532619595527649,-0.24274462461471558,-0.06143801344927624,-0.23415648937225342,-0.2896772623062134,-0.05876804946359471,-0.29934602975845337,-0.3094962239265442,-0.05587001202997044,-0.024369001388549805,-0.33202889561653137,-0.012074770986998828,-0.15866303443908691,-0.36554616689682007,-0.010937044978106769,-0.24483293294906616,-0.3563184440135956,-0.024867993429268154,-0.30331921577453613,-0.3477640748023987,-0.037758201941812786,-0.02282625436782837,-0.2686241865158081,0.01618281880024597,-0.15293407440185547,-0.2855601906776428,0.024568061694537846,-0.24000859260559082,-0.2840971350669861,0.0012767167073093333,-0.3044220209121704,-0.26836180686950684,-0.02433610206838921,-0.03466576337814331,-0.19437986612319946,0.040305084899102894,-0.15213614702224731,-0.2080758810043335,0.0412281075269334,-0.22834241390228271,-0.22563260793685913,0.010729498580133168,-0.28638333082199097,-0.22692960500717163,-0.015253921620512756,-0.0511932373046875,-0.12229865789413452,0.06168645934764072,-0.1391952633857727,-0.14919573068618774,0.05339283065501377,-0.19497185945510864,-0.1616407036781311,0.03687773586813137,-0.23812979459762573,-0.16181820631027222,0.023402565509115902
MORE,0.0,0.0,0.0,-0.08454388380050659,-0.1665768027305603,-0.041226827423784584,-0.17558640241622925,-0.25681453943252563,-0.018403219874713272,-0.2812802791595459,-0.2544668912887573,0.011506106820192485,-0.35550156235694885,-0.24191933870315552,0.04658312641480222,-0.10331189632415771,-0.31963711977005005,0.10164642252424017,-0.2175719141960144,-0.3493121266365051,0.13672513433196798,-0.2889200448989868,-0.33732783794403076,0.1335032797644402,-0.34294307231903076,-0.31882917881011963,0.12553711899020925,-0.12695449590682983,-0.23694884777069092,0.13332105346420065,-0.22933048009872437,-0.26888853311538696,0.1736695087740685,-0.29858672618865967,-0.265525758266449,0.1418609983513619,-0.34894034266471863,-0.25167691707611084,0.10988830693462148,-0.14649587869644165,-0.16277241706848145,0.15488778718211904,-0.23741942644119263,-0.1927051544189453,0.17951366968848959,-0.297688364982605,-0.20574194192886353,0.13742186792590871,-0.34421712160110474,-0.21225643157958984,0.10257163562276617,-0.16431176662445068,-0.09100711345672607,0.1728039003203179,-0.23969829082489014,-0.140680730342865,0.1880677855799462,-0.2871348261833191,-0.15565884113311768,0.17122200794914022,-0.31999289989471436,-0.17470908164978027,0.15396057732799306
MORE,0.0,0.0,0.0,-0.06716775894165039,-0.16609257459640503,-0.037911000952458807,-0.13788259029388428,-0.2688884735107422,-0.02324479940567059,-0.24200421571731567,-0.28767263889312744,-0.0011071022016544418,-0.31388920545578003,-0.28783321380615234,0.025489876687192492,-0.07184505462646484,-0.3270823359489441,0.0772354534712072,-0.187111496925354,-0.3648776113986969,0.11058650229837852,-0.25366491079330444,-0.36447590589523315,0.11243853037025886,-0.2992281913757324,-0.3586786687374115,0.10967740480568366,-0.09949541091918945,-0.24775075912475586,0.1084987751093145,-0.20207428932189941,-0.2891020178794861,0.1463226160850759,-0.2679733633995056,-0.29966384172439575,0.12574354623224693,-0.31165242195129395,-0.29760581254959106,0.10401094768907981,-0.12461429834365845,-0.1765727996826172,0.13265129242804008,-0.21315425634384155,-0.22221636772155762,0.15983606193926292,-0.26776552200317383,-0.24562299251556396,0.135643162473702,-0.30717337131500244,-0.2596622109413147,0.1141132569756742,-0.15287411212921143,-0.1099926233291626,0.15355397079851585,-0.2280561923980713,-0.1642858386039734,0.17500952695276695,-0.26653826236724854,-0.18685656785964966,0.17291183088686424,-0.28962820768356323,-0.214133620262146,0.16785190318491416
MORE,0.0,0.0,0.0,-0.05800926685333252,-0.1612260341644287,-0.03579484181032355,-0.13636720180511475,-0.2711188793182373,-0.02268618972525771,-0.22858864068984985,-0.3021783232688904,-0.0028719275586384096,-0.2968662977218628,-0.30623573064804077,0.019630118519805118,-0.05093449354171753,-0.3199494183063507,0.06508690609111611,-0.16633862257003784,-0.3526824414730072,0.09089219315423791,-0.23669809103012085,-0.35058534145355225,0.08754920704736535,-0.2860908508300781,-0.34980499744415283,0.08060695721282785,-0.07926827669143677,-0.2396165132522583,0.09056488914861505,-0.17655527591705322,-0.2787424325942993,0.12324079616441552,-0.24886345863342285,-0.29395365715026855,0.10083815200700585,-0.30156630277633667,-0.29379546642303467,0.07650130732431237,-0.10456347465515137,-0.16220539808273315,0.10934786988868539,-0.1867695450782776,-0.2003791332244873,0.1304161225117666,-0.24817001819610596,-0.2289544939994812,0.10205860926284616,-0.2952028512954712,-0.24710696935653687,0.07720748825445001,-0.13128942251205444,-0.08851194381713867,0.12512507779969995,-0.19484490156173706,-0.13997912406921387,0.13638558729066674,-0.2379705309867859,-0.16414916515350342,0.12795109792127435,-0.267803430557251,-0.186237633228302,0.11886832608356301
MORE,0.0,0.0,0.0,-0.06475704908370972,-0.144717276096344,-0.04957353405801257,-0.1601548194885254,-0.23881137371063232,-0.03826520301548442,-0.2722833752632141,-0.24035263061523438,-0.018004466669239605,-0.3475615382194519,-0.22643059492111206,0.005653816851250326,-0.11684632301330566,-0.3131416440010071,0.056592869682631886,-0.22506672143936157,-0.3338896930217743,0.07105188734682599,-0.29771095514297485,-0.31310009956359863,0.06241399340184728,-0.3491911292076111,-0.28938645124435425,0.05297854088099996,-0.14662373065948486,-0.2273082733154297,0.08287481136473218,-0.24676096439361572,-0.2429041862487793,0.10430591471346418,-0.3189171552658081,-0.23789328336715698,0.07740200973900357,-0.3706148862838745,-0.22279709577560425,0.051733161433062946,-0.16512346267700195,-0.14304697513580322,0.09916809119137326,-0.257814884185791,-0.16358298063278198,0.10152800299080411,-0.3212031126022339,-0.17983943223953247,0.06386600352676908,-0.3728603422641754,-0.18875259160995483,0.03672199986728231,-0.1772952675819397,-0.05775970220565796,0.11170481063278714,-0.2613336443901062,-0.10577362775802612,0.10033097036036054,-0.314988911151886,-0.12800616025924683,0.07859250821026365,-0.3557584285736084,-0.15164291858673096,0.0629923335448126
MORE,0.0,0.0,0.0,-0.08439803123474121,-0.16097569465637207,-0.035497132424263,-0.17819106578826904,-0.23691779375076294,-0.011894988562909603,-0.2848145365715027,-0.21378421783447266,0.015623993504794598,-0.3578340411186218,-0.1835232973098755,0.04751995604858017,-0.1412106156349182,-0.29740703105926514,0.10561941218003845,-0.24780678749084473,-0.31396913528442383,0.13084139328822708,-0.31403446197509766,-0.2967643737792969,0.1218476260863266,-0.3628197908401489,-0.275299072265625,0.10993110042438126,-0.1680159568786621,-0.21072357892990112,0.12713221114501572,-0.2665068507194519,-0.23648017644882202,0.15208261113986588,-0.3285699486732483,-0.23054927587509155,0.1121427829228363,-0.3778061270713806,-0.21885329484939575,0.07724264663085556,-0.1828269362449646,-0.13440126180648804,0.13766815167293167,-0.2756809592247009,-0.15717488527297974,0.14593142670020676,-0.331409752368927,-0.16730153560638428,0.09597948592528915,-0.37748777866363525,-0.172368586063385,0.058789458390327454,-0.1903781294822693,-0.05699259042739868,0.14511917930469131,-0.2758989930152893,-0.10379999876022339,0.1440249721370659,-0.32442694902420044,-0.1190909743309021,0.11771171193942642,-0.36171954870224,-0.14074182510375977,0.09534136604890442
MORE,0.0,0.0,0.0,-0.05460691452026367,-0.1787874698638916,-0.021127813305085397,-0.1145486831665039,-0.2835013270378113,0.007839683633918071,-0.20738756656646729,-0.30095499753952026,0.039267848436409736,-0.27641040086746216,-0.2913872003555298,0.07458782121973684,-0.05348271131515503,-0.3084900975227356,0.11879759207802465,-0.1481848955154419,-0.3525241017341614,0.16204083636837652,-0.21325528621673584,-0.3651716113090515,0.17198725715714147,-0.25649064779281616,-0.3653234839439392,0.17518000975685766,-0.08423858880996704,-0.236782968044281,0.1405368812425678,-0.16829997301101685,-0.28695249557495117,0.19056371525364568,-0.22952920198440552,-0.3048865795135498,0.17975867465573003,-0.26889920234680176,-0.31003034114837646,0.16655824259358099,-0.11187207698822021,-0.17227977514266968,0.15272470489578893,-0.18909025192260742,-0.21655458211898804,0.1835906423671787,-0.2386741042137146,-0.2465043067932129,0.1646079786165302,-0.2730187177658081,-0.26676666736602783,0.1488776274068897,-0.14248818159103394,-0.10793083906173706,0.1618740029676502,-0.2083498239517212,-0.1685141921043396,0.17930624559956243,-0.24654030799865723,-0.19533878564834595,0.17562902644711187,-0.2716928720474243,-0.22282695770263672,0.17173223868446996
MORE,0.0,0.0,0.0,-0.05455237627029419,-0.15252578258514404,-0.04325402915286247,-0.13909143209457397,-0.2550531029701233,-0.035116385815612716,-0.24464654922485352,-0.2727387547492981,-0.02058102391468708,-0.31811046600341797,-0.2725064158439636,-0.0030035424585861392,-0.09452003240585327,-0.3063856363296509,0.05911577105713661,-0.19742447137832642,-0.3367953300476074,0.07235113144112404,-0.2655763626098633,-0.33208978176116943,0.06139319375348862,-0.3170618414878845,-0.32346010208129883,0.04998568430734451,-0.12894082069396973,-0.2252824306488037,0.08014150321675118,-0.21964341402053833,-0.25850433111190796,0.10016094505978401,-0.2880691885948181,-0.2697681784629822,0.07394220292759712,-0.3435407876968384,-0.26803886890411377,0.048943139465578156,-0.15294396877288818,-0.14764899015426636,0.09175649643135841,-0.23859018087387085,-0.18545037508010864,0.09757274002028282,-0.29635941982269287,-0.21106207370758057,0.06658070892287071,-0.3471139669418335,-0.22991341352462769,0.04284949585986908,-0.17097139358520508,-0.07001107931137085,0.09942667544079598,-0.24997806549072266,-0.12916910648345947,0.09557212501955803,-0.2973788380622864,-0.15946394205093384,0.08159871757221993,-0.33566975593566895,-0.19296520948410034,0.07045189649058159
MORE,0.0,0.0,0.0,-0.07935214042663574,-0.14963304996490479,-0.04236811082317615,-0.1737123727798462,-0.22730207443237305,-0.02529881204917217,-0.2763190269470215,-0.21589845418930054,-0.003743681446380265,-0.35094499588012695,-0.20474904775619507,0.02143767234430527,-0.1336379051208496,-0.28898757696151733,0.09564005900666928,-0.23462963104248047,-0.3123878240585327,0.1213028686170361,-0.29824286699295044,-0.2986888885498047,0.1130299301867268,-0.34896141290664673,-0.27728796005249023,0.10172426272676205,-0.16006332635879517,-0.20529305934906006,0.11929898281142925,-0.25052309036254883,-0.23688489198684692,0.14862693418309902,-0.31419241428375244,-0.23254847526550293,0.11356048603103375,-0.36567550897598267,-0.21879631280899048,0.08126241285846447,-0.17682290077209473,-0.13020682334899902,0.13182963002965664,-0.26313966512680054,-0.1611042022705078,0.14710251559064602,-0.3188241720199585,-0.17172503471374512,0.10549963582799649,-0.36675626039505005,-0.17744868993759155,0.0726345809225819,-0.18522489070892334,-0.053975701332092285,0.13994422127053951,-0.26715487241744995,-0.10543417930603027,0.1456760125283978,-0.31648337841033936,-0.12311059236526489,0.12693182696149563,-0.3561013340950012,-0.14470833539962769,0.10958133209989285
MORE,0.0,0.0,0.0,-0.05610859394073486,-0.18213677406311035,-0.028576942540212258,-0.12121230363845825,-0.2827427387237549,-0.0034191675088095508,-0.20855093002319336,-0.3066127896308899,0.024212883405880348,-0.27478963136672974,-0.3233746290206909,0.05657976455290736,-0.07076776027679443,-0.31209737062454224,0.11487029454906406,-0.1536639928817749,-0.36001092195510864,0.1658132370491785,-0.2120693325996399,-0.3786224126815796,0.1844315972109598,-0.2537055015563965,-0.383401095867157,0.19305874369342746,-0.09764206409454346,-0.23913127183914185,0.14089992604453982,-0.1714245080947876,-0.2951720952987671,0.19870650730331363,-0.22830593585968018,-0.3160859942436218,0.19611726663310947,-0.26725828647613525,-0.33297091722488403,0.18850600681503238,-0.120849609375,-0.1779322624206543,0.15663123092849673,-0.18647557497024536,-0.23616063594818115,0.19372631571491183,-0.23440152406692505,-0.272494912147522,0.17702273986537875,-0.27083784341812134,-0.29271548986434937,0.1620215322752756,-0.1461758017539978,-0.12350934743881226,0.16817209086616458,-0.2059473991394043,-0.18809396028518677,0.19130548796852054,-0.24254769086837769,-0.21932828426361084,0.18758062980373325,-0.26729071140289307,-0.2488299012184143,0.1826916631241602
MORE,0.0,0.0,0.0,-0.06404423713684082,-0.14605778455734253,-0.0371469917327647,-0.1398686170578003,-0.24751198291778564,-0.027537039163756827,-0.23248857259750366,-0.27323228120803833,-0.010360195915449122,-0.3000994920730591,-0.2756970524787903,0.01024972679163172,-0.05135709047317505,-0.3089386820793152,0.054787439611506006,-0.1684703826904297,-0.34233570098876953,0.07549515118892147,-0.2396431565284729,-0.3384227156639099,0.06997653594310238,-0.2846670150756836,-0.33088457584381104,0.06310318162734463,-0.0749925971031189,-0.23015403747558594,0.08049302300507977,-0.17643499374389648,-0.2731311321258545,0.10443619391019299,-0.24690335988998413,-0.280623197555542,0.07953062405879452,-0.2933233380317688,-0.2663988471031189,0.056419016179394266,-0.09856879711151123,-0.15752071142196655,0.1003494610458131,-0.19242864847183228,-0.1999436616897583,0.11476384600694134,-0.2487829327583313,-0.21733713150024414,0.08853064974839642,-0.285861074924469,-0.22266381978988647,0.06800994029338314,-0.12370961904525757,-0.09196984767913818,0.1176846598654504,-0.20289349555969238,-0.14800357818603516,0.12575393667514279,-0.2452518343925476,-0.1663256287574768,0.11930539956386044,-0.2690441608428955,-0.18449687957763672,0.11317476382548763
MORE,0.0,0.0,0.0,-0.07073068618774414,-0.1407235860824585,-0.057603619414166474,-0.16715145111083984,-0.23132973909378052,-0.056707612591580414,-0.2679572105407715,-0.244651198387146,-0.046491097080306076,-0.34087708592414856,-0.2527307868003845,-0.03504895733554747,-0.07267582416534424,-0.3225799798965454,0.040165451002522445,-0.20164108276367188,-0.33605217933654785,0.05555168224613283,-0.28308606147766113,-0.3148394823074341,0.04547200409810159,-0.3449254333972931,-0.2979148030281067,0.03254414035122011,-0.08482134342193604,-0.24201714992523193,0.07150038017074678,-0.2098866105079651,-0.23988091945648193,0.09103510959188554,-0.29961907863616943,-0.2285095453262329,0.057061486524744964,-0.3630656898021698,-0.20376521348953247,0.02274794375638578,-0.09730035066604614,-0.1580268144607544,0.09442966861765001,-0.2053510546684265,-0.16226881742477417,0.09897470904628847,-0.2868368625640869,-0.16874688863754272,0.053004440498753524,-0.3481559753417969,-0.16495078802108765,0.016433433276816345,-0.10941970348358154,-0.07845377922058105,0.11358499957363222,-0.19117486476898193,-0.09851431846618652,0.10709068609516237,-0.24600493907928467,-0.10058861970901489,0.08227196766178224,-0.283827543258667,-0.10011756420135498,0.06129990575949762
MORE,0.0,0.0,0.0,-0.020430266857147217,-0.16883742809295654,-0.027842196376667516,-0.0680965781211853,-0.2865939140319824,-0.006488643793062465,-0.15142852067947388,-0.33200252056121826,0.01827021062220524,-0.21226823329925537,-0.35588961839675903,0.04726833596672009,-0.04857790470123291,-0.2995094060897827,0.09347087636436413,-0.1210361123085022,-0.3598865866661072,0.131988738922729,-0.17107266187667847,-0.3848934769630432,0.14569382861103009,-0.20211094617843628,-0.3940888047218323,0.15421316519226025,-0.08082270622253418,-0.23458290100097656,0.12052917972053478,-0.1431124210357666,-0.2990185618400574,0.17038459077323864,-0.1884942650794983,-0.3299151062965393,0.1762753327175517,-0.21150600910186768,-0.3431495428085327,0.1778699804827113,-0.10278856754302979,-0.18063288927078247,0.1383557368799586,-0.1627630591392517,-0.24110543727874756,0.1737711627766032,-0.19777536392211914,-0.2786950469017029,0.17578840747322033,-0.21612811088562012,-0.29782015085220337,0.17656071975673626,-0.12189626693725586,-0.13015931844711304,0.15148255720581005,-0.1706271767616272,-0.19966286420822144,0.1773967345043559,-0.1998882293701172,-0.22995686531066895,0.18730748191322277,-0.21583563089370728,-0.2534758448600769,0.19529729083026837
MORE,0.0,0.0,0.0,-0.03620344400405884,-0.163885235786438,-0.027360352090681772,-0.083079993724823,-0.28002774715423584,-0.016196126452769022,-0.17152941226959229,-0.32353174686431885,0.000494863910944332,-0.23612946271896362,-0.34160351753234863,0.02015314217737796,-0.0029283761978149414,-0.3116724491119385,0.06824720803729178,-0.0999719500541687,-0.3647536039352417,0.1023009136699784,-0.16692346334457397,-0.38368117809295654,0.11148441735736014,-0.21276432275772095,-0.3947681486606598,0.11439128372899177,-0.030913472175598145,-0.24428510665893555,0.09233759496441962,-0.11444753408432007,-0.3044377863407135,0.13278085891238334,-0.1776149868965149,-0.33123621344566345,0.12697687152854087,-0.21922677755355835,-0.3473466634750366,0.11705207232466819,-0.06272846460342407,-0.18172764778137207,0.11103744957677009,-0.14014935493469238,-0.23989421129226685,0.13768609765998008,-0.19572019577026367,-0.2818847894668579,0.12868645194998862,-0.2332736849784851,-0.30929914116859436,0.11910063926211478,-0.10130244493484497,-0.12503862380981445,0.12741861645213248,-0.17244738340377808,-0.1931321620941162,0.14428127709857108,-0.21076363325119019,-0.2291417121887207,0.14815264348021628,-0.23325037956237793,-0.2670077085494995,0.14979534749022605
MORE,0.0,0.0,0.0,-0.05531996488571167,-0.17555862665176392,-0.035002824751202866,-0.1273697018623352,-0.285217821598053,-0.014446941105191513,-0.23666059970855713,-0.29756397008895874,0.011370457808013157,-0.310859739780426,-0.29233163595199585,0.04153960860007544,-0.08513849973678589,-0.34026890993118286,0.09146515941851874,-0.18599295616149902,-0.3782549500465393,0.12363553709023734,-0.2539330720901489,-0.3797157406806946,0.12537628329032202,-0.3045269846916199,-0.37544482946395874,0.12180595761769553,-0.12004518508911133,-0.25792551040649414,0.11653711563580771,-0.20970582962036133,-0.3035321831703186,0.15191973662608405,-0.2716825604438782,-0.3140326738357544,0.13150273180239935,-0.3154379725456238,-0.3175281286239624,0.11173694497578879,-0.1457076072692871,-0.1841908097267151,0.13245724058383246,-0.2262311577796936,-0.2291651964187622,0.1529787621521308,-0.2746456265449524,-0.2531090974807739,0.12843374824755927,-0.3127940893173218,-0.2713111340999603,0.10889156824582358,-0.16658693552017212,-0.11191678047180176,0.14474594509833594,-0.23975002765655518,-0.16984152793884277,0.1580158314728095,-0.27681106328964233,-0.19466519355773926,0.15303103542559882,-0.30263400077819824,-0.22413820028305054,0.14782980001204749
MORE,0.0,0.0,0.0,-0.030319809913635254,-0.18156886100769043,-0.020601848584618665,-0.08551442623138428,-0.29065680503845215,0.0033925746315901506,-0.18181222677230835,-0.32334721088409424,0.028390919345412158,-0.2535116672515869,-0.32396191358566284,0.056652647930178546,-0.03750544786453247,-0.3071964383125305,0.11422575407007685,-0.12547653913497925,-0.3621864914894104,0.15986259423473825,-0.18547743558883667,-0.38704776763916016,0.1758841886399125,-0.2247636318206787,-0.395821213722229,0.18482017658928385,-0.0773119330406189,-0.24128687381744385,0.13564698539951792,-0.15531480312347412,-0.3039759397506714,0.1933257295964097,-0.20797842741012573,-0.33438172936439514,0.19982706152180185,-0.23939621448516846,-0.352826327085495,0.20086507641056528,-0.10708290338516235,-0.18466967344284058,0.14717313789108744,-0.18412530422210693,-0.2400631308555603,0.18666364394405832,-0.22518473863601685,-0.27963945269584656,0.18508471690395822,-0.2529078722000122,-0.30582261085510254,0.18225357078293314,-0.14044076204299927,-0.12385356426239014,0.15467515729645243,-0.2038348913192749,-0.19455105066299438,0.1805436923382615,-0.238106369972229,-0.22648882865905762,0.18838660560825815,-0.2566075921058655,-0.2555358409881592,0.19411468647697916
MORE,0.0,0.0,0.0,-0.09889209270477295,-0.09581923484802246,-0.0489225360911405,-0.20261359214782715,-0.1910368800163269,-0.040070128754905454,-0.2859412431716919,-0.22863340377807617,-0.022385333792499296,-0.35144251585006714,-0.24251270294189453,-0.006908712570748321,-0.12696808576583862,-0.28235089778900146,0.04225475980229021,-0.2547634243965149,-0.2909337878227234,0.06537396727389932,-0.3291463851928711,-0.2527259588241577,0.06735617934054972,-0.38044899702072144,-0.22530055046081543,0.06588051734752298,-0.09487277269363403,-0.23197972774505615,0.07728638766593576,-0.22471797466278076,-0.19104671478271484,0.10140766470021845,-0.29853278398513794,-0.13408911228179932,0.08273737399167658,-0.33640366792678833,-0.08594202995300293,0.06466234741992594,-0.07244217395782471,-0.17623144388198853,0.10558782039470316,-0.19090312719345093,-0.12614476680755615,0.12219280271119715,-0.2587093710899353,-0.07996118068695068,0.08844004838056208,-0.29333698749542236,-0.05611848831176758,0.06202075151986719,-0.05530345439910889,-0.11874008178710938,0.1309177678663218,-0.1505325436592102,-0.08451932668685913,0.13984941957778574,-0.20356321334838867,-0.04284888505935669,0.1261214268047297,-0.22697925567626953,-0.016926288604736328,0.1150062706906283
MORE,0.0,0.0,0.0,-0.06517606973648071,-0.16278791427612305,-0.0407487601902119,-0.15927040576934814,-0.2614692449569702,-0.019052660178743963,-0.26937437057495117,-0.2647095322608948,0.006634137507177229,-0.3460814952850342,-0.26074957847595215,0.03576084217766606,-0.11409324407577515,-0.3114716410636902,0.10940550631622159,-0.21915572881698608,-0.3372613489627838,0.14374952382186734,-0.289070188999176,-0.3301738500595093,0.14089955753425443,-0.3438788056373596,-0.32126808166503906,0.13184842831233823,-0.14420676231384277,-0.2220173478126526,0.13255007928947293,-0.24028456211090088,-0.25349825620651245,0.1697041130695709,-0.31498658657073975,-0.2646036148071289,0.13849108285049283,-0.37390807271003723,-0.26423072814941406,0.1084093040857681,-0.1621929407119751,-0.14142292737960815,0.14404370254615628,-0.2539440989494324,-0.17643886804580688,0.15986492103675687,-0.3179130554199219,-0.20032012462615967,0.12053279942611539,-0.37416404485702515,-0.21994978189468384,0.09055514997581326,-0.1750522255897522,-0.05996662378311157,0.15114443368057096,-0.2585477828979492,-0.12087363004684448,0.1531441844139465,-0.31043440103530884,-0.14911878108978271,0.13492751485446774,-0.3529379963874817,-0.1847134828567505,0.11973799383977735
MORE,0.0,0.0,0.0,0.004444897174835205,-0.18697935342788696,-0.014261596768619711,-0.03689926862716675,-0.31125760078430176,0.018685500205037897,-0.12248516082763672,-0.3455352187156677,0.051388313130019014,-0.1911662220954895,-0.3518165349960327,0.08836914326298029,-0.089790940284729,-0.30200260877609253,0.13030427421676904,-0.14436554908752441,-0.3539077043533325,0.19046558167087824,-0.18958592414855957,-0.3848513662815094,0.22624115373241693,-0.2180107831954956,-0.39804312586784363,0.2519058408890942,-0.12444835901260376,-0.22715938091278076,0.1534386249934414,-0.17261874675750732,-0.29062145948410034,0.23068238522159845,-0.21033763885498047,-0.3250022232532501,0.26905716683018,-0.23400956392288208,-0.3497734069824219,0.2986788573418835,-0.1388224959373474,-0.1658468246459961,0.16516835714924127,-0.1870984435081482,-0.22754865884780884,0.21721134807216913,-0.21660882234573364,-0.27297425270080566,0.24468359078514368,-0.23828577995300293,-0.3000982999801636,0.2678366723214367,-0.15171170234680176,-0.10721135139465332,0.17152212287533075,-0.1980661153793335,-0.1783583164215088,0.20517714048969538,-0.2222265601158142,-0.21619188785552979,0.22843700374710352,-0.23829162120819092,-0.24541127681732178,0.2517718496476391
MEDICINE,0.0,0.0,0.0,-0.04975593090057373,-0.1408405900001526,-0.06633423831010532,-0.1189839243888855,-0.258190393447876,-0.07607293691182804,-0.18413984775543213,-0.33843958377838135,-0.07583230551028919,-0.2206275463104248,-0.41499096155166626,-0.07346686538005542,-0.2214093804359436,-0.18564116954803467,0.004918506334774975,-0.33143681287765503,-0.20278751850128174,0.013974689844303612,-0.39343708753585815,-0.1942158341407776,0.006398636347853426,-0.44926223158836365,-0.18471211194992065,-0.0025862239177740776,-0.22049039602279663,-0.11804664134979248,0.037167256663792614,-0.3212323784828186,-0.08409130573272705,0.022446099634521488,-0.3512008786201477,-0.01909738779067993,-0.01655381921375465,-0.35696664452552795,0.03995835781097412,-0.038258900900132176,-0.2142443060874939,-0.055754661560058594,0.06432383690332699,-0.3029504418373108,-0.03668570518493652,0.0517098810181551,-0.3377574682235718,0.007877767086029053,0.017008218880050663,-0.3477923274040222,0.04338449239730835,-0.001443579594365474,-0.20384317636489868,-0.010461568832397461,0.08695928935264874,-0.28320997953414917,-0.03653299808502197,0.0886424500152998,-0.3298580050468445,-0.03925997018814087,0.07893984947656918,-0.35901156067848206,-0.03700864315032959,0.07246051911567974
MEDICINE,0.0,0.0,0.0,-0.040528178215026855,-0.1351625919342041,-0.07921228315956341,-0.11361896991729736,-0.2543729543685913,-0.08919439967996823,-0.18518203496932983,-0.3406767249107361,-0.08519289400703656,-0.22788745164871216,-0.4276992976665497,-0.07737806942589032,-0.23361408710479736,-0.19174134731292725,0.003416489667301903,-0.3435414433479309,-0.2096618115901947,0.020272896249821315,-0.405952513217926,-0.19854986667633057,0.018262783621480594,-0.46472761034965515,-0.19019678235054016,0.011531755884220729,-0.23384791612625122,-0.12431198358535767,0.04320572185986293,-0.33454084396362305,-0.08247071504592896,0.038728597198655734,-0.3697923421859741,-0.014098584651947021,0.004578811206897626,-0.38235729932785034,0.044539690017700195,-0.01571942996508824,-0.2271624207496643,-0.06174123287200928,0.07594916466348423,-0.31205999851226807,-0.034283339977264404,0.06884173545711292,-0.3540812134742737,0.007345378398895264,0.03349632266633762,-0.3772810697555542,0.033486127853393555,0.012485868853559623,-0.21716099977493286,-0.017479240894317627,0.10279370341174854,-0.2902376651763916,-0.04991340637207031,0.10565055403583301,-0.33356916904449463,-0.058149635791778564,0.09412169698350681,-0.3623601794242859,-0.06323063373565674,0.08534503970020069
MEDICINE,0.0,0.0,0.0,-0.0687558650970459,-0.128434956073761,-0.08153513446782767,-0.1480383276939392,-0.2447386384010315,-0.08825654909347236,-0.2197539210319519,-0.328559011220932,-0.08058896288608253,-0.26612168550491333,-0.4048086404800415,-0.07116271183227241,-0.24256187677383423,-0.17964118719100952,0.02085183933044732,-0.35372522473335266,-0.17949187755584717,0.04407811909581483,-0.4130011796951294,-0.15872621536254883,0.041773926463378075,-0.4660155773162842,-0.1395052671432495,0.03393820672894776,-0.23534858226776123,-0.11727094650268555,0.06674854084516824,-0.3376064896583557,-0.05292201042175293,0.07382785901094735,-0.37275242805480957,0.01828145980834961,0.03615743666554749,-0.38912051916122437,0.08174371719360352,0.009335396808040741,-0.2253214716911316,-0.0596315860748291,0.10458428039814294,-0.30670058727264404,-0.010032415390014648,0.10519919916654885,-0.3592233657836914,0.04783308506011963,0.06046188622380555,-0.39299988746643066,0.0966997742652893,0.030106745656979683,-0.21042996644973755,-0.017216145992279053,0.1364961005714065,-0.2772027850151062,0.0020528435707092285,0.13924937322403252,-0.3096165657043457,0.024345695972442627,0.12095183506275475,-0.33221256732940674,0.05030262470245361,0.10695224627519906
MEDICINE,0.0,0.0,0.0,-0.07226359844207764,-0.11781036853790283,-0.07520032236359953,-0.15337079763412476,-0.22101855278015137,-0.07825859943412183,-0.22986453771591187,-0.29959678649902344,-0.06779548088096021,-0.2809355854988098,-0.3740406632423401,-0.05434450814507841,-0.24722206592559814,-0.1648455262184143,0.017884100507870926,-0.35756343603134155,-0.15687352418899536,0.0349787293932593,-0.4208611249923706,-0.13050049543380737,0.03095479747273089,-0.4791915714740753,-0.11165720224380493,0.022391081508175148,-0.23719322681427002,-0.09764331579208374,0.057354450877681984,-0.3389262557029724,-0.03537362813949585,0.056656201090589775,-0.37769708037376404,0.033873796463012695,0.020461584161893143,-0.39340126514434814,0.09293258190155029,-0.003234451683312045,-0.21805620193481445,-0.04002600908279419,0.08860481968142153,-0.30608195066452026,0.014842987060546875,0.07674434473730685,-0.3534737825393677,0.07254445552825928,0.027870715316311134,-0.3773544728755951,0.11777955293655396,-0.002763881860374795,-0.19643378257751465,-0.0021852850914001465,0.11470956793047549,-0.25260865688323975,0.014432013034820557,0.10085202446200014,-0.26152509450912476,0.02751290798187256,0.07465979149557711,-0.2547340393066406,0.040409862995147705,0.05815617060281397
MEDICINE,0.0,0.0,0.0,-0.06431031227111816,-0.1318162977695465,-0.09091504176220155,-0.1439805030822754,-0.24638688564300537,-0.10673553009590364,-0.21976596117019653,-0.33620211482048035,-0.10647373159488893,-0.27222758531570435,-0.4233723282814026,-0.10271552463134981,-0.25726115703582764,-0.18661454319953918,-0.005059552165477044,-0.38146287202835083,-0.18632030487060547,0.009740106974930995,-0.4524047374725342,-0.16625893115997314,0.0035412977256044087,-0.5167774260044098,-0.1499733328819275,-0.007623696020601756,-0.25100797414779663,-0.11905264854431152,0.041883436245115035,-0.359732449054718,-0.05248105525970459,0.03908227498570227,-0.40276098251342773,0.019119322299957275,0.0015174199167802271,-0.4245367646217346,0.08047771453857422,-0.02481586371621347,-0.236419677734375,-0.058719635009765625,0.08082870135942244,-0.3267769515514374,-0.013634562492370605,0.07538290808835768,-0.3811541497707367,0.03928029537200928,0.032164533836038345,-0.4146714210510254,0.08308655023574829,0.0016724520635023055,-0.21778559684753418,-0.016518771648406982,0.11269514004627013,-0.2798956036567688,-0.0058672428131103516,0.10889518002906584,-0.2971442937850952,0.008659601211547852,0.08933184782901549,-0.2984936237335205,0.02461707592010498,0.07442608217635893
MEDICINE,0.0,0.0,0.0,-0.06788367033004761,-0.11347657442092896,-0.09249795299237462,-0.1517035961151123,-0.21716701984405518,-0.1050644673055956,-0.22850263118743896,-0.29905539751052856,-0.09974077414935323,-0.28574204444885254,-0.3761214315891266,-0.09141612123912068,-0.252139687538147,-0.1652904748916626,-0.004675106389726125,-0.3687501549720764,-0.16031795740127563,0.013052960147803105,-0.4317297339439392,-0.13837790489196777,0.007801344373916663,-0.49374476075172424,-0.11171185970306396,-0.0021389578583637103,-0.2460271716117859,-0.10882347822189331,0.04609745297366885,-0.34494030475616455,-0.0378342866897583,0.04674488235050944,-0.38067418336868286,0.03794693946838379,0.008626949263458528,-0.4016050696372986,0.11062222719192505,-0.019252818787748538,-0.2342502474784851,-0.05108600854873657,0.08917719799811152,-0.31428736448287964,0.007034659385681152,0.08529552001292018,-0.3572327792644501,0.06516021490097046,0.04404342848593501,-0.3851686418056488,0.11191576719284058,0.015437146870141305,-0.2199285626411438,-0.011659681797027588,0.12559751350218562,-0.288995623588562,-0.00961977243423462,0.13008142191702632,-0.32537782192230225,0.004346370697021484,0.11559102613264827,-0.35197144746780396,0.02599388360977173,0.10234855789477137
MEDICINE,0.0,0.0,0.0,-0.0730324387550354,-0.10799199342727661,-0.088523662616808,-0.15772885084152222,-0.20865392684936523,-0.0987773304482289,-0.23205679655075073,-0.29080358147621155,-0.09216003768642622,-0.29006296396255493,-0.3639369010925293,-0.08207375459869581,-0.2478376030921936,-0.16485458612442017,-0.002749716830749094,-0.36436259746551514,-0.1540515422821045,0.01085980798552555,-0.43065154552459717,-0.13028639554977417,0.00463066067050022,-0.49257755279541016,-0.10766774415969849,-0.005265055657673656,-0.23823130130767822,-0.1027292013168335,0.04349013141791147,-0.3359517455101013,-0.032732367515563965,0.038698353836934984,-0.3702806234359741,0.035652339458465576,-0.00041418650334890117,-0.3885335922241211,0.09717744588851929,-0.026757704993087827,-0.22382491827011108,-0.050092995166778564,0.08157328612605852,-0.30595332384109497,0.0038534998893737793,0.07335328407089037,-0.3588334619998932,0.05531054735183716,0.02726224533716959,-0.3957005739212036,0.09711533784866333,-0.003952562311042129,-0.20741623640060425,-0.015608072280883789,0.11307744778196138,-0.2687183618545532,0.0009986162185668945,0.11016699768106264,-0.2917705178260803,0.01716548204421997,0.0904895523885898,-0.3036344647407532,0.03521794080734253,0.07526931263009828
MEDICINE,0.0,0.0,0.0,-0.06348276138305664,-0.10963815450668335,-0.09311290831351471,-0.14514172077178955,-0.2132452130317688,-0.10825050623202515,-0.22034096717834473,-0.291285902261734,-0.10523952544713211,-0.27835506200790405,-0.36796751618385315,-0.09874118120455933,-0.244479238986969,-0.16098439693450928,-0.01033594925934267,-0.3643791079521179,-0.15279847383499146,0.009481710372028829,-0.4272530972957611,-0.1282101273536682,0.007530372580049516,-0.48357003927230835,-0.10428839921951294,0.00035115906689497933,-0.23322969675064087,-0.10324198007583618,0.041169390072582246,-0.33390459418296814,-0.03442591428756714,0.04101177676534462,-0.3660516142845154,0.03921908140182495,0.00216050701169479,-0.37849730253219604,0.105682373046875,-0.024037268022539138,-0.2177857756614685,-0.04946869611740112,0.08615221082186508,-0.29805368185043335,0.002308964729309082,0.08802140503144074,-0.34787824749946594,0.05447947978973389,0.04612753539299774,-0.3811732232570648,0.09382772445678711,0.01598813570058155,-0.20075362920761108,-0.014258325099945068,0.12429995833849716,-0.2683887481689453,-0.006596207618713379,0.13319265096401978,-0.29950928688049316,0.0037186741828918457,0.11880489437794495,-0.31905853748321533,0.016444861888885498,0.10520446299528885
MEDICINE,0.0,0.0,0.0,-0.06469911336898804,-0.116668701171875,-0.09458966858792905,-0.14845049381256104,-0.21641665697097778,-0.11067974872995023,-0.22748470306396484,-0.29943934082984924,-0.10758871145654325,-0.28420180082321167,-0.3832792043685913,-0.10130263425517683,-0.2533738613128662,-0.1692332923412323,-0.020389887766128822,-0.3748963475227356,-0.1490248441696167,-0.009112335072046562,-0.4419715404510498,-0.11703842878341675,-0.014750581496542736,-0.4999549388885498,-0.09380435943603516,-0.023704954684859558,-0.24148869514465332,-0.10257011651992798,0.030912223010176376,-0.34793365001678467,-0.01622486114501953,0.027132111339682297,-0.3853347897529602,0.061056673526763916,-0.006368014757669016,-0.40023019909858704,0.12232911586761475,-0.028999540285354897,-0.21968668699264526,-0.04433184862136841,0.07451193474125262,-0.3027474880218506,0.021252810955047607,0.06598117641996737,-0.3514038324356079,0.07800263166427612,0.021766039281004623,-0.3790218234062195,0.11881089210510254,-0.008731722162252709,-0.1944941282272339,-0.005380868911743164,0.11133587799858446,-0.2406131625175476,0.014884531497955322,0.10126337103437777,-0.24281257390975952,0.027776777744293213,0.0776937796909749,-0.2304544448852539,0.03878110647201538,0.061116226686948494
MEDICINE,0.0,0.0,0.0,-0.07048499584197998,-0.12230348587036133,-0.09976127217072417,-0.15362924337387085,-0.23274511098861694,-0.11436534146326949,-0.23231345415115356,-0.3181696832180023,-0.1087808481838124,-0.28964024782180786,-0.3999745845794678,-0.09893558392781188,-0.2612473964691162,-0.17735940217971802,-0.008430486866416231,-0.38296765089035034,-0.16305053234100342,0.008313203840373262,-0.44970443844795227,-0.1325731873512268,0.0024336964402777994,-0.509842187166214,-0.1084325909614563,-0.007472243947120205,-0.25046783685684204,-0.11162787675857544,0.047251654467402204,-0.3595965802669525,-0.04469496011734009,0.04459879328948091,-0.3961063027381897,0.033104002475738525,0.0038518900096846664,-0.4120464324951172,0.10201537609100342,-0.023441935279549853,-0.23430514335632324,-0.050523459911346436,0.09462310900431703,-0.3216191530227661,0.002881348133087158,0.08951284517985414,-0.3711925148963928,0.06753784418106079,0.04232072239261697,-0.400123655796051,0.11700838804244995,0.010684995590565904,-0.21758395433425903,-0.009879708290100098,0.1347824015234096,-0.28399044275283813,0.0017444491386413574,0.1357504852626903,-0.31040704250335693,0.02133697271347046,0.11495544543009828,-0.3234269320964813,0.03939133882522583,0.09840862979632448
MEDICINE,0.0,0.0,0.0,-0.0781402587890625,-0.10954669117927551,-0.1056443659262527,-0.16567856073379517,-0.21148386597633362,-0.12016199358271251,-0.24308359622955322,-0.30342739820480347,-0.11491369285153041,-0.3063521981239319,-0.38933165371418,-0.10602020301388393,-0.2676861882209778,-0.17980101704597473,0.008513125437332292,-0.3842964768409729,-0.16952750086784363,0.03449753097726216,-0.45037195086479187,-0.14462602138519287,0.03086104601158013,-0.5125304758548737,-0.11755028367042542,0.02009635589553227,-0.25715237855911255,-0.11624974012374878,0.06603501162959446,-0.3634888529777527,-0.04647636413574219,0.07134705207778325,-0.3973792791366577,0.032752037048339844,0.030302852238548894,-0.4081597924232483,0.10712724924087524,0.0021181174880098297,-0.24127143621444702,-0.057654380798339844,0.11356207899285664,-0.32986998558044434,-0.010838150978088379,0.11845097116662373,-0.3861117959022522,0.04335278272628784,0.07204538754655232,-0.42370784282684326,0.08868616819381714,0.038123151133788724,-0.2203879952430725,-0.02039569616317749,0.15221767298413624,-0.28186970949172974,-0.013457536697387695,0.1605420278711449,-0.30934494733810425,0.0028931498527526855,0.14208612016869893,-0.3259739279747009,0.022263824939727783,0.12538561395837178
MEDICINE,0.0,0.0,0.0,-0.07927215099334717,-0.11475050449371338,-0.07563178758001143,-0.1555929183959961,-0.21708548069000244,-0.0752695329008084,-0.2257927656173706,-0.2927124500274658,-0.06083479667877967,-0.27733278274536133,-0.3562341630458832,-0.04460161696052367,-0.2339460849761963,-0.155207097530365,0.03404803802395051,-0.3373146057128906,-0.13706034421920776,0.06399701018953508,-0.3886665105819702,-0.11367350816726685,0.06347826351547425,-0.43809378147125244,-0.08874666690826416,0.056523887861015254,-0.21330654621124268,-0.09453457593917847,0.07985990722799485,-0.3062898516654968,-0.02349531650543213,0.09214958031797593,-0.3332911729812622,0.04351043701171875,0.05437525962615197,-0.3404715061187744,0.1049494743347168,0.02645185259306615,-0.19494205713272095,-0.03912973403930664,0.11806208123588746,-0.26823365688323975,0.017303466796875,0.12550018211031144,-0.3141290545463562,0.07167065143585205,0.0806486405911464,-0.3433184027671814,0.11250066757202148,0.0483138286056537,-0.17559391260147095,0.0001571178436279297,0.15055509884977525,-0.23874634504318237,0.02536386251449585,0.1620465465369243,-0.2766297459602356,0.049017906188964844,0.1470921881976146,-0.30632537603378296,0.07462579011917114,0.1329308100523967
MEDICINE,0.0,0.0,0.0,-0.06910401582717896,-0.10921996831893921,-0.08206107341158031,-0.1494017243385315,-0.19832396507263184,-0.09459621332990764,-0.22428756952285767,-0.2649988532066345,-0.09129236512291072,-0.28235357999801636,-0.335138201713562,-0.0844312893639767,-0.2379510998725891,-0.14845162630081177,-0.0004385822865629052,-0.34846776723861694,-0.1333482265472412,0.013866938981834664,-0.4074327349662781,-0.10637229681015015,0.009934775862518563,-0.4602799713611603,-0.08282536268234253,0.0020946842670923616,-0.22804027795791626,-0.08547651767730713,0.04340657718074681,-0.32679861783981323,-0.014442205429077148,0.03983609504592778,-0.35651910305023193,0.057949066162109375,0.007351129647020116,-0.36829274892807007,0.11659008264541626,-0.013045121584411845,-0.20922499895095825,-0.027057170867919922,0.0796205563057697,-0.287148654460907,0.0246121883392334,0.07434267676961781,-0.338623583316803,0.0809023380279541,0.037123405705813184,-0.3751513957977295,0.11901116371154785,0.01256891000610949,-0.18650031089782715,0.009713172912597656,0.1098816332925594,-0.24535173177719116,0.019690513610839844,0.11035220451248051,-0.27105122804641724,0.031712889671325684,0.09587583817136647,-0.2876451015472412,0.04155319929122925,0.08460042751920582
MEDICINE,0.0,0.0,0.0,-0.07195508480072021,-0.11289322376251221,-0.08476897063218303,-0.1496601104736328,-0.21071705222129822,-0.09776363255940623,-0.22203302383422852,-0.2835647463798523,-0.09426058562956996,-0.27536070346832275,-0.35636964440345764,-0.08705556126795955,-0.2415441870689392,-0.15252095460891724,-0.0027692859482044696,-0.35539430379867554,-0.14161604642868042,0.014489622651410627,-0.41918081045150757,-0.11698919534683228,0.011818036301804113,-0.4744742512702942,-0.09379881620407104,0.004475704724711704,-0.22925156354904175,-0.08704429864883423,0.04568287623561673,-0.33281588554382324,-0.009832382202148438,0.04926574123538785,-0.3691941499710083,0.05897963047027588,0.01849818495549016,-0.384036660194397,0.11725419759750366,-0.0032507929906273603,-0.20820778608322144,-0.030381202697753906,0.08707115320004277,-0.287567138671875,0.024710774421691895,0.0880888354543572,-0.33765923976898193,0.07816898822784424,0.051465201056373644,-0.36864081025123596,0.11763477325439453,0.02536846590675168,-0.18417894840240479,0.0011532306671142578,0.12213077662028127,-0.24051690101623535,0.0107155442237854,0.1256486874584084,-0.26603955030441284,0.02093327045440674,0.11055123326815419,-0.28192758560180664,0.0309218168258667,0.09787968812025838
MEDICINE,0.0,0.0,0.0,-0.0686306357383728,-0.1264459490776062,-0.08046422871829151,-0.14409714937210083,-0.2390548288822174,-0.0846795362520325,-0.21592599153518677,-0.3259895443916321,-0.07532019886256336,-0.26927649974823,-0.4000428318977356,-0.06409897628308414,-0.23630428314208984,-0.1834074854850769,0.028198199616063846,-0.3486860990524292,-0.1787658929824829,0.051962483943690074,-0.4084576964378357,-0.15680068731307983,0.04861089241622807,-0.46534085273742676,-0.1332263946533203,0.040186040372837795,-0.22509849071502686,-0.12234139442443848,0.07349848774193646,-0.32187944650650024,-0.060892343521118164,0.07767156538485409,-0.3502049446105957,0.008693337440490723,0.03647504773854138,-0.36229294538497925,0.07319128513336182,0.007781553817231668,-0.21323466300964355,-0.06244349479675293,0.11051265177248837,-0.29099041223526,-0.0130576491355896,0.10983689156292797,-0.3338075280189514,0.04509919881820679,0.06408143070458294,-0.3629034757614136,0.09143292903900146,0.033251304448832286,-0.19855457544326782,-0.013535916805267334,0.14167879548787,-0.27037638425827026,0.003494083881378174,0.14956602481125714,-0.3150455355644226,0.0340617299079895,0.13439181473969342,-0.35294052958488464,0.06893330812454224,0.12066099819659115
MEDICINE,0.0,0.0,0.0,-0.07907634973526001,-0.11854177713394165,-0.06904263030693869,-0.15693175792694092,-0.213367760181427,-0.06865012627051215,-0.22595560550689697,-0.282196044921875,-0.05571400355503897,-0.2718275189399719,-0.3497680723667145,-0.03997902553484778,-0.23019838333129883,-0.15169376134872437,0.03271140549375673,-0.3365507125854492,-0.1373833417892456,0.05787116307809015,-0.3932698369026184,-0.10979229211807251,0.05767349172427316,-0.44444888830184937,-0.08452361822128296,0.051251448877593475,-0.21690791845321655,-0.0865405797958374,0.07347425837113519,-0.30828243494033813,-0.014259815216064453,0.08496327716900964,-0.3456761837005615,0.05047839879989624,0.051547151245614486,-0.363100528717041,0.10632842779159546,0.025737391971489387,-0.19980287551879883,-0.029860496520996094,0.10610979069068094,-0.27410030364990234,0.025281846523284912,0.10744341481520792,-0.3248521685600281,0.0801122784614563,0.0618039371450152,-0.3547995090484619,0.12373441457748413,0.029545191862126785,-0.18248343467712402,0.006796538829803467,0.13368038106753488,-0.2374405860900879,0.023599326610565186,0.1324996279556956,-0.2563587427139282,0.039910733699798584,0.11036124099089761,-0.2633679509162903,0.05731403827667236,0.09333712626292368
MEDICINE,0.0,0.0,0.0,-0.07220101356506348,-0.11913692951202393,-0.07074434385609152,-0.14968109130859375,-0.2135370969772339,-0.07598669902395727,-0.21903538703918457,-0.2814735770225525,-0.06818733439754965,-0.26998186111450195,-0.34665489196777344,-0.0573362752885771,-0.2311253547668457,-0.14585524797439575,0.01539688947636364,-0.33913522958755493,-0.13567137718200684,0.037414471796040516,-0.39912790060043335,-0.11181694269180298,0.03783664404440401,-0.4511900842189789,-0.09488850831985474,0.03229633270788668,-0.21556395292282104,-0.07553231716156006,0.05562228634047983,-0.3133889436721802,-0.006038665771484375,0.0627397440283346,-0.3505694270133972,0.05566966533660889,0.032263788571839314,-0.36239171028137207,0.10316479206085205,0.010980326859538536,-0.1931217908859253,-0.017589092254638672,0.089046850046401,-0.27138620615005493,0.030995845794677734,0.09072270914006708,-0.32373958826065063,0.0743941068649292,0.048468570402150135,-0.3526363968849182,0.10638904571533203,0.018019513404254894,-0.16800624132156372,0.0168759822845459,0.11721154972005365,-0.2104499340057373,0.031272709369659424,0.11405322625327585,-0.21488243341445923,0.03310990333557129,0.09280649497199533,-0.2051640748977661,0.03378021717071533,0.07709273620534418
MEDICINE,0.0,0.0,0.0,-0.07001018524169922,-0.13000154495239258,-0.09617162145161728,-0.15487581491470337,-0.23376566171646118,-0.1078048462369452,-0.23038429021835327,-0.313651978969574,-0.0999058747985373,-0.2900960445404053,-0.39193710684776306,-0.08738508469843964,-0.25327903032302856,-0.17811071872711182,0.0015000631245811746,-0.3669152855873108,-0.17439454793930054,0.025782579337715106,-0.43244555592536926,-0.15039676427841187,0.025896360879301028,-0.49043965339660645,-0.12921565771102905,0.019886586596726374,-0.248812735080719,-0.11554467678070068,0.055683001657484965,-0.35714608430862427,-0.04681771993637085,0.06879303209996124,-0.39822918176651,0.029529452323913574,0.0407198628089418,-0.4127107858657837,0.08919447660446167,0.019578449209689097,-0.23592203855514526,-0.05381280183792114,0.10061063968157669,-0.3250899016857147,-0.009444952011108398,0.10648417823529144,-0.37671172618865967,0.05210834741592407,0.07159501664852996,-0.41038769483566284,0.09291219711303711,0.0461604630253305,-0.21577197313308716,-0.01746392250061035,0.13786591195082565,-0.292527437210083,-0.02332758903503418,0.1467086484334459,-0.32822874188423157,-0.01604992151260376,0.13485239051794906,-0.35420048236846924,-0.007649660110473633,0.12329483382916351
MEDICINE,0.0,0.0,0.0,-0.07451099157333374,-0.11630284786224365,-0.08738781528309403,-0.16089922189712524,-0.21992790699005127,-0.09540478156641541,-0.23889273405075073,-0.3008539080619812,-0.08731339888409195,-0.2984880208969116,-0.37659788131713867,-0.07642566429213105,-0.2521275281906128,-0.16990739107131958,0.012159300802792927,-0.3632461726665497,-0.1607111096382141,0.030530284924950024,-0.42360150814056396,-0.13076990842819214,0.023738231344665905,-0.4828590154647827,-0.09952014684677124,0.012424159629787823,-0.24452906847000122,-0.10793715715408325,0.058903999461378476,-0.3452886939048767,-0.03775477409362793,0.05352095870539131,-0.3718719780445099,0.04403352737426758,0.009955983443703076,-0.3787892460823059,0.1196853518486023,-0.018629221410904506,-0.2300490140914917,-0.04878801107406616,0.09724130464955749,-0.3155527710914612,0.007930338382720947,0.08921556158229293,-0.3597809970378876,0.06764054298400879,0.04253507016464653,-0.38677316904067993,0.11298984289169312,0.012158805339183232,-0.21103209257125854,-0.010954558849334717,0.12934123708173217,-0.2813376784324646,-0.010381698608398438,0.13084567321702423,-0.31624096632003784,0.0022780895233154297,0.1124734429852623,-0.340154230594635,0.019523322582244873,0.09722223116322937
MEDICINE,0.0,0.0,0.0,-0.08744978904724121,-0.09406512975692749,-0.0867053535796245,-0.17400819063186646,-0.18367063999176025,-0.08440559031735262,-0.25103235244750977,-0.2492436170578003,-0.0633121770835956,-0.3127455711364746,-0.31193530559539795,-0.03796761529813608,-0.2566172480583191,-0.13375437259674072,0.027481188529030476,-0.3617534339427948,-0.10744637250900269,0.05466233519543806,-0.41759389638900757,-0.07031786441802979,0.05269596678842703,-0.46555182337760925,-0.03595459461212158,0.046713705637351666,-0.23409271240234375,-0.07636356353759766,0.08133269427050749,-0.3288547396659851,-0.002784550189971924,0.09814410237301985,-0.35474681854248047,0.07239794731140137,0.06252669123639265,-0.3569306433200836,0.13889861106872559,0.03619508770932356,-0.21566390991210938,-0.023180842399597168,0.12554627982606092,-0.2910252809524536,0.03983151912689209,0.13409957615365187,-0.32936060428619385,0.11120986938476562,0.08525145379532972,-0.35242876410484314,0.16367799043655396,0.05129903880585829,-0.19756996631622314,0.015362262725830078,0.1631941231869618,-0.25708019733428955,0.05308675765991211,0.17289041308392683,-0.28665632009506226,0.08895301818847656,0.15218735066880384,-0.3094135522842407,0.1255142092704773,0.13524763611783186
MEDICINE,0.0,0.0,0.0,-0.06631916761398315,-0.09229803085327148,-0.10150864625200029,-0.15548092126846313,-0.18013307452201843,-0.12067537659629579,-0.23969107866287231,-0.24861997365951538,-0.11918230259641405,-0.3097105026245117,-0.31875452399253845,-0.11374027931913133,-0.2579036355018616,-0.14080524444580078,-0.01896504217609163,-0.3712928295135498,-0.11671024560928345,-0.005795515122258621,-0.4296492338180542,-0.07820487022399902,-0.009096477160596805,-0.4814150929450989,-0.04217463731765747,-0.014576208757603126,-0.24928921461105347,-0.08932441473007202,0.03754556646720175,-0.34853291511535645,-0.011562347412109375,0.030481603948032898,-0.36444464325904846,0.07693523168563843,-0.001955784604319888,-0.35842663049697876,0.150995671749115,-0.019297036322200256,-0.2346310019493103,-0.03507453203201294,0.08576810455099348,-0.313493013381958,0.03446286916732788,0.0764165977217317,-0.3437894284725189,0.11490267515182495,0.03960655352250342,-0.3624335527420044,0.1689966917037964,0.01853205731288199,-0.21955543756484985,0.0002695918083190918,0.12730594074503188,-0.2968294620513916,0.02041161060333252,0.12891784405485396,-0.3372940719127655,0.051130473613739014,0.11504432654157881,-0.37177401781082153,0.07653659582138062,0.10467022752538924
MEDICINE,0.0,0.0,0.0,-0.0762585997581482,-0.08699291944503784,-0.12697461403334387,-0.17187786102294922,-0.17897218465805054,-0.14947500980818518,-0.25570911169052124,-0.2657035291194916,-0.14635421491587408,-0.3281742334365845,-0.35616812109947205,-0.13843232549155005,-0.2871611714363098,-0.1652674674987793,-0.011515373991670685,-0.412071168422699,-0.13769236207008362,0.015769427945969028,-0.47983166575431824,-0.09655922651290894,0.013079302689192218,-0.5400103628635406,-0.06021180748939514,0.004100916745272798,-0.2674338221549988,-0.1073051393032074,0.061263831636068744,-0.38172781467437744,-0.016674339771270752,0.06726046495711557,-0.4083033502101898,0.08690410852432251,0.024911530619618816,-0.40517961978912354,0.17384451627731323,-0.0018676884228909785,-0.24992704391479492,-0.04812893271446228,0.12410916977202646,-0.33973848819732666,0.018156051635742188,0.13814903639828913,-0.3884052336215973,0.0940314531326294,0.09406293027674906,-0.4173648953437805,0.1498534083366394,0.061712509324905795,-0.23019933700561523,-0.007947742938995361,0.1760073884633755,-0.2980049252510071,0.029951751232147217,0.19699154638325922,-0.32538652420043945,0.06236875057220459,0.18362921320473902,-0.3381851315498352,0.0901871919631958,0.16969285749470941
MEDICINE,0.0,0.0,0.0,-0.08067935705184937,-0.05398356914520264,-0.1082107655090141,-0.179948627948761,-0.12244141101837158,-0.12344539233863827,-0.25712138414382935,-0.1974826455116272,-0.11661943116605755,-0.33103883266448975,-0.26169928908348083,-0.10449151018083569,-0.2721290588378906,-0.11936277151107788,-0.004022385677401985,-0.380892813205719,-0.09233081340789795,0.016484658481473957,-0.44154179096221924,-0.05118328332901001,0.009590246030981575,-0.4961085915565491,-0.01066732406616211,-0.0015799222598644747,-0.25633180141448975,-0.08050614595413208,0.05435158243953708,-0.35376161336898804,-0.018245339393615723,0.06285175612747196,-0.3805580735206604,0.07665342092514038,0.031323711635465656,-0.38368600606918335,0.15527141094207764,0.011871207753117119,-0.23593181371688843,-0.04275435209274292,0.10265909066974643,-0.33245187997817993,-0.03375375270843506,0.12367389282762531,-0.4036191701889038,-0.012929677963256836,0.09443654051601413,-0.4567955732345581,-0.004663586616516113,0.06813546946823124,-0.21039742231369019,-0.010123014450073242,0.13998617163478855,-0.26950275897979736,0.01191622018814087,0.16448862782299045,-0.3000861406326294,0.02328479290008545,0.16243652931034092,-0.3219924569129944,0.023436784744262695,0.1558472060280991
MEDICINE,0.0,0.0,0.0,-0.0705418586730957,-0.048103153705596924,-0.12357516136114555,-0.15828627347946167,-0.1267355978488922,-0.15177894678060966,-0.2386733889579773,-0.20399567484855652,-0.15473389174883323,-0.3145368695259094,-0.274781197309494,-0.15237061228697257,-0.2753148078918457,-0.12451493740081787,-0.03918920751755195,-0.3841199278831482,-0.09222686290740967,-0.02868624512200313,-0.4463628828525543,-0.05853283405303955,-0.03234280940239387,-0.4969952404499054,-0.022132158279418945,-0.035330514573502114,-0.26701992750167847,-0.08204886317253113,0.03315958831365151,-0.3782055974006653,-0.06059861183166504,0.054323424435210654,-0.45022013783454895,-0.03681802749633789,0.043815956301045844,-0.5041479170322418,-0.007045328617095947,0.03300238106305642,-0.2476174235343933,-0.03901851177215576,0.0929711506133799,-0.32542097568511963,0.026697814464569092,0.09679764214808984,-0.36087676882743835,0.10904800891876221,0.06628545824344201,-0.38620084524154663,0.16721802949905396,0.045724247432303855,-0.22515851259231567,-0.004725158214569092,0.1432549551492457,-0.28270983695983887,0.05452466011047363,0.14150336835439248,-0.2946627140045166,0.10157537460327148,0.12443340275342507,-0.3024364113807678,0.13859808444976807,0.11218904409463448
MEDICINE,0.0,0.0,0.0,-0.06377112865447998,-0.06688255071640015,-0.13860136742533768,-0.16228193044662476,-0.1510237157344818,-0.1760832118505391,-0.2469395399093628,-0.23185104131698608,-0.1869281130546483,-0.325639545917511,-0.3165018856525421,-0.19442469353617753,-0.2911885380744934,-0.14206844568252563,-0.04943414876998986,-0.4193018674850464,-0.11300647258758545,-0.03378843988122071,-0.49010908603668213,-0.079022616147995,-0.03799054126085366,-0.5495019257068634,-0.043189287185668945,-0.04607831041158761,-0.2780953049659729,-0.096067875623703,0.02600670878945266,-0.3845873475074768,-0.003915548324584961,0.022254590812906372,-0.41144540905952454,0.10159444808959961,-0.01181993826122607,-0.41575267910957336,0.19083112478256226,-0.03089193726719941,-0.2612954378128052,-0.04375842213630676,0.09194363926707183,-0.34349632263183594,0.029173552989959717,0.0944442180281726,-0.382036417722702,0.11218279600143433,0.06198281695304786,-0.4092947244644165,0.16755354404449463,0.040357514221057045,-0.24180376529693604,-0.004403889179229736,0.14703294162808334,-0.3157259225845337,0.039970219135284424,0.15943814342080032,-0.3513619899749756,0.0812649130821228,0.15254279499112045,-0.3783126473426819,0.11511695384979248,0.14556297187863265
MEDICINE,0.0,0.0,0.0,-0.07997685670852661,-0.07163900136947632,-0.1106568404458983,-0.1746368408203125,-0.147365540266037,-0.12893992448081804,-0.25996023416519165,-0.21940162777900696,-0.1251599469207747,-0.33073902130126953,-0.29641038179397583,-0.1172156834029181,-0.2828378677368164,-0.13933119177818298,-0.005446296370081427,-0.39646053314208984,-0.11599618196487427,0.014195963089861152,-0.45493826270103455,-0.08350697159767151,0.010035339092411277,-0.5079416036605835,-0.04679131507873535,0.002550897934980867,-0.2676470875740051,-0.09116730093955994,0.05843484243521857,-0.3659239411354065,-0.012939870357513428,0.06824485426912474,-0.39420440793037415,0.07242047786712646,0.039227674064733264,-0.4022796154022217,0.15569216012954712,0.019802632091142414,-0.24801892042160034,-0.04339486360549927,0.11146755730877089,-0.32122498750686646,0.019418418407440186,0.12294296389589476,-0.3659268319606781,0.08160978555679321,0.08904952025184798,-0.39991334080696106,0.12994736433029175,0.06324631935129332,-0.22641277313232422,-0.006745517253875732,0.15476581668625045,-0.2765968441963196,0.030987977981567383,0.1698382071233766,-0.29192984104156494,0.061601102352142334,0.16032611047992873,-0.3019064664840698,0.08741003274917603,0.15062242960701155
MEDICINE,0.0,0.0,0.0,-0.07832127809524536,-0.048393070697784424,-0.11107613323905241,-0.1781315803527832,-0.10710126161575317,-0.13085533111073744,-0.25943249464035034,-0.17208170890808105,-0.1280833873031355,-0.3412647247314453,-0.22994250059127808,-0.12172569512107145,-0.2811383605003357,-0.09538775682449341,-0.011648110958716984,-0.3785357177257538,-0.027193963527679443,-0.00026833373770784874,-0.41971221566200256,0.039901912212371826,-0.012967517512819882,-0.447992742061615,0.09418147802352905,-0.02310860893406641,-0.26763802766799927,-0.07560855150222778,0.054041145456054096,-0.36579206585884094,0.0016210675239562988,0.06657211304924715,-0.3951423168182373,0.09202927350997925,0.04011574955008257,-0.40767788887023926,0.17012375593185425,0.022262273442962055,-0.24643445014953613,-0.05816274881362915,0.10932221831104982,-0.33958083391189575,-0.048578083515167236,0.12934926719687212,-0.41198644042015076,-0.023260772228240967,0.1051258501531862,-0.4671044945716858,-0.002764463424682617,0.08374956817648638,-0.22219854593276978,-0.03787791728973389,0.15441956193468798,-0.27768176794052124,-0.04364269971847534,0.17746955723784197,-0.3154942989349365,-0.05200105905532837,0.17677951426527727,-0.3483007550239563,-0.062094688415527344,0.17256361813566912
MEDICINE,0.0,0.0,0.0,-0.07148945331573486,-0.04477423429489136,-0.11939925374866789,-0.16743135452270508,-0.10129129886627197,-0.1463254136073715,-0.25027042627334595,-0.15422219038009644,-0.14931390108944242,-0.3301783800125122,-0.2081095576286316,-0.14362767758251493,-0.27286356687545776,-0.06733423471450806,-0.03088233294369047,-0.3635517656803131,0.016673922538757324,-0.04044632288099592,-0.38335806131362915,0.11434721946716309,-0.06248513283611601,-0.3881053328514099,0.19548922777175903,-0.06887870701433485,-0.267917275428772,-0.03976261615753174,0.04167780233143503,-0.3750457465648651,-0.032346248626708984,0.07519937632201845,-0.44825851917266846,-0.023168504238128662,0.07872047600864107,-0.5068119764328003,-0.010577142238616943,0.07887556729434664,-0.2466120719909668,-0.015639960765838623,0.09881804463981325,-0.33763599395751953,-0.007391810417175293,0.12553406832336123,-0.4047777056694031,0.0007404088973999023,0.12397366342662508,-0.4581785500049591,0.006967425346374512,0.12167203006862337,-0.222120463848114,0.011404454708099365,0.1430761474144333,-0.2830401062965393,0.01900315284729004,0.16318548796294863,-0.3203592896461487,0.01732248067855835,0.17001148638843233,-0.35159242153167725,0.01831752061843872,0.17639664886115725
MEDICINE,0.0,0.0,0.0,-0.09259587526321411,-0.06413090229034424,-0.11014041039877043,-0.1943463683128357,-0.132329523563385,-0.1303806352966319,-0.27527111768722534,-0.206642746925354,-0.13024002793960676,-0.35563141107559204,-0.2771146297454834,-0.12745400253467665,-0.30133068561553955,-0.12573635578155518,0.007252049019854212,-0.40937018394470215,-0.08867758512496948,0.03768526282377138,-0.4648092985153198,-0.046977698802948,0.03389904540247812,-0.5182220339775085,-0.0051673054695129395,0.022607010642360592,-0.28048640489578247,-0.09250050783157349,0.07091442015237703,-0.37645554542541504,-0.01192784309387207,0.08803949024743929,-0.4051428735256195,0.08354306221008301,0.05750453736848726,-0.4141770601272583,0.16376227140426636,0.035019571746062184,-0.2517448663711548,-0.05994772911071777,0.1252936672813405,-0.34911227226257324,-0.04897761344909668,0.15437043722934618,-0.42398306727409363,-0.0259324312210083,0.13135180887050524,-0.482083797454834,-0.014419794082641602,0.10626904931135073,-0.22048550844192505,-0.037426114082336426,0.16851762946910753,-0.27684706449508667,-0.04368281364440918,0.1995572548753728,-0.310985803604126,-0.05196809768676758,0.2029546451217641,-0.34181681275367737,-0.06897830963134766,0.19849794622726336
MEDICINE,0.0,0.0,0.0,-0.08063530921936035,-0.04322552680969238,-0.11746040710409034,-0.17859792709350586,-0.10203331708908081,-0.1359553558488642,-0.25943851470947266,-0.16277289390563965,-0.12974324056108344,-0.3399529457092285,-0.22092419862747192,-0.11704776414831031,-0.27890467643737793,-0.08175349235534668,-0.013551418456927422,-0.3739437460899353,-0.0070618391036987305,-0.0073205235150908265,-0.4088655710220337,0.06838119029998779,-0.021945521022871617,-0.42826151847839355,0.12674874067306519,-0.02858502769072402,-0.26582008600234985,-0.06037318706512451,0.057030059609815,-0.3789536952972412,-0.045900821685791016,0.09233638665477883,-0.4486668109893799,-0.014017462730407715,0.08401319405834329,-0.49785298109054565,0.01916813850402832,0.07399608961145532,-0.2408626675605774,-0.04187905788421631,0.11286284050743234,-0.3365880846977234,-0.04339742660522461,0.14106944969694268,-0.4119017720222473,-0.023175954818725586,0.12086731961767327,-0.47021356225013733,-0.008189260959625244,0.10182398578922403,-0.21364569664001465,-0.023215413093566895,0.15675332418481958,-0.26820045709609985,-0.01500248908996582,0.1784749852756704,-0.2996785044670105,-0.014897406101226807,0.1756615864376272,-0.3260093927383423,-0.014374732971191406,0.17080933621923577
MEDICINE,0.0,0.0,0.0,-0.07848203182220459,-0.06481063365936279,-0.13988734850249784,-0.17808502912521362,-0.1450498104095459,-0.18019595810733335,-0.26226043701171875,-0.22418415546417236,-0.19552566179595487,-0.3449692130088806,-0.3054327666759491,-0.20829692551455992,-0.30295491218566895,-0.15385881066322327,-0.029488318353514842,-0.4258505403995514,-0.1289241909980774,-0.00666664795539873,-0.5004694759845734,-0.08845201134681702,-0.008451680406551532,-0.5582042634487152,-0.04540485143661499,-0.014806452892344169,-0.2836261987686157,-0.09960976243019104,0.04919614201821787,-0.39311808347702026,-0.0042171478271484375,0.059719125986475774,-0.420348584651947,0.10360729694366455,0.03252788192071421,-0.4247360825538635,0.18992668390274048,0.017872723997015783,-0.2617090344429016,-0.044124454259872437,0.11683861097731096,-0.3494429588317871,0.022772669792175293,0.13959644666351778,-0.406436562538147,0.10123872756958008,0.11307747593559725,-0.4481230676174164,0.15626555681228638,0.09102588823475344,-0.23621952533721924,0.0006780028343200684,0.17140456965603335,-0.30096137523651123,0.04545718431472778,0.19918066194691164,-0.3318464756011963,0.08572858572006226,0.19700035384335024,-0.35593634843826294,0.11608755588531494,0.1907765560451935
MEDICINE,0.0,0.0,0.0,-0.07692915201187134,-0.06793618202209473,-0.1209353857851454,-0.1801854968070984,-0.15253496170043945,-0.14342979874376738,-0.2698873281478882,-0.23012438416481018,-0.14049969401125395,-0.3467073440551758,-0.3099883496761322,-0.13268010105852568,-0.29052186012268066,-0.14958566427230835,-0.025704573578281043,-0.41445624828338623,-0.12120780348777771,-0.009230510070068476,-0.4796658158302307,-0.0872839093208313,-0.016025844699782965,-0.5373123586177826,-0.05177867412567139,-0.026144696137947676,-0.27975350618362427,-0.09767866134643555,0.04213813159699953,-0.39279884099960327,-0.041588783264160156,0.05334355149503267,-0.44232332706451416,0.02467191219329834,0.023210343235092523,-0.47183722257614136,0.09337490797042847,0.0003414182862400139,-0.2600502371788025,-0.04783552885055542,0.09919623497958696,-0.3510119915008545,-0.008726358413696289,0.1118297002100519,-0.4182022511959076,0.03504461050033569,0.07387530271049059,-0.4712241291999817,0.06856614351272583,0.0418194553637079,-0.23728454113006592,-0.008398592472076416,0.14582136485810793,-0.29580795764923096,0.02441108226776123,0.15887636158700502,-0.31751543283462524,0.051188647747039795,0.14613308224912203,-0.3330279290676117,0.07166540622711182,0.1320359877132944
MEDICINE,0.0,0.0,0.0,-0.08134913444519043,-0.07062029838562012,-0.11434507077797207,-0.18576329946517944,-0.14712336659431458,-0.13502944713695797,-0.27645426988601685,-0.2212764024734497,-0.1329771847115353,-0.3547426164150238,-0.2934836149215698,-0.12654092615707668,-0.29907363653182983,-0.13765013217926025,-0.014964822551746693,-0.4188486933708191,-0.11718595027923584,-0.0021838800632849598,-0.48216694593429565,-0.07980340719223022,-0.011131837836046543,-0.5366647243499756,-0.03902089595794678,-0.021446090994913902,-0.28641074895858765,-0.08165103197097778,0.04907691025869099,-0.38872140645980835,-7.736682891845703e-05,0.04891271436349598,-0.4176728129386902,0.09559285640716553,0.016491384373466644,-0.4270879924297333,0.1845341920852661,-0.0023445245926723146,-0.26339346170425415,-0.03149676322937012,0.10259819322959629,-0.3491571247577667,0.023640155792236328,0.10661006266013828,-0.3952180743217468,0.08458840847015381,0.07267464989558903,-0.43058687448501587,0.12740623950958252,0.048713124485175285,-0.23658281564712524,0.0022193193435668945,0.1462578951729938,-0.292479932308197,0.04569166898727417,0.1533171712769672,-0.3058925271034241,0.08079147338867188,0.1425931780947849,-0.3137766122817993,0.10359102487564087,0.13446063095466343
MEDICINE,0.0,0.0,0.0,-0.07013499736785889,-0.055337488651275635,-0.12900182477537214,-0.16725832223892212,-0.13188183307647705,-0.15671855084005415,-0.25152885913848877,-0.20642900466918945,-0.1560247378737074,-0.32713639736175537,-0.2903910279273987,-0.1507326500803572,-0.28156620264053345,-0.1469019055366516,-0.04815960175696432,-0.4098816514015198,-0.10790270566940308,-0.034166606733236904,-0.47989389300346375,-0.06935495138168335,-0.039649474093351955,-0.5422928333282471,-0.03147685527801514,-0.04803867138329565,-0.26791858673095703,-0.10342317819595337,0.025491454979743366,-0.37479501962661743,-0.01557624340057373,0.02277860358950079,-0.3997769057750702,0.07762044668197632,-0.01104187093082487,-0.4005385637283325,0.16154617071151733,-0.03088406346145689,-0.2515419125556946,-0.05441474914550781,0.09020362921651781,-0.3356218934059143,0.019072651863098145,0.0934687940090555,-0.3813713788986206,0.1004830002784729,0.054114182820882206,-0.4151346981525421,0.15781348943710327,0.026450851342048054,-0.2345733642578125,-0.015425503253936768,0.14497392006811083,-0.297221839427948,0.03377032279968262,0.1565079254716295,-0.3192055821418762,0.07320165634155273,0.14300532766279161,-0.33325862884521484,0.10190361738204956,0.13054554291662157
MEDICINE,0.0,0.0,0.0,-0.08154898881912231,-0.06099134683609009,-0.12091929136340696,-0.17442244291305542,-0.14390456676483154,-0.14507059423749524,-0.2578405737876892,-0.2214299440383911,-0.14498489765946942,-0.3331456780433655,-0.30162274837493896,-0.13955071239297467,-0.2799540162086487,-0.16151773929595947,-0.01722139535968381,-0.39270251989364624,-0.11107820272445679,-0.006865376108635246,-0.45181766152381897,-0.06346631050109863,-0.021217154772330105,-0.4966364800930023,-0.01088327169418335,-0.0321304727954157,-0.27335214614868164,-0.11475461721420288,0.05235465572650355,-0.3906558156013489,-0.0916215181350708,0.06625751735145968,-0.4584876298904419,-0.05136841535568237,0.03686245860035342,-0.5069587528705597,0.0026928186416625977,0.014408808699499787,-0.2609475255012512,-0.06282305717468262,0.10934090943510455,-0.35766804218292236,-0.026500701904296875,0.11788751514131945,-0.4213600158691406,0.02220284938812256,0.07959214182073993,-0.4662666320800781,0.06019282341003418,0.051762077524017513,-0.24873006343841553,-0.015142858028411865,0.15612694950277728,-0.318317174911499,0.011507630348205566,0.16954994530851764,-0.3479377329349518,0.03471672534942627,0.1576922717827074,-0.3675916790962219,0.05173516273498535,0.14583443434412402
MEDICINE,0.0,0.0,0.0,-0.08225315809249878,-0.06731468439102173,-0.13714100194431467,-0.17966771125793457,-0.14781951904296875,-0.16357525957084817,-0.26725536584854126,-0.22984382510185242,-0.1624624855563752,-0.34527552127838135,-0.3161287009716034,-0.15588657331920786,-0.2903536558151245,-0.15970921516418457,-0.018022881423007675,-0.40897929668426514,-0.12493810057640076,0.002829979804459981,-0.47998130321502686,-0.08682715892791748,-0.00020195054332816653,-0.532647430896759,-0.04803520441055298,-0.004770110429149099,-0.2780250310897827,-0.10397768020629883,0.0598386585965045,-0.3994244635105133,-0.05635124444961548,0.08437133806489783,-0.45396286249160767,0.011867403984069824,0.06324375646852332,-0.49037808179855347,0.07462769746780396,0.04775275888584929,-0.2632114887237549,-0.050252318382263184,0.12321417259715872,-0.36135968565940857,-0.00937199592590332,0.1400904678060897,-0.4198005795478821,0.05353057384490967,0.10179652499698477,-0.46218341588974,0.0977964997291565,0.07309460865997153,-0.24487018585205078,-0.007355988025665283,0.17430846619151907,-0.3130924105644226,0.03191804885864258,0.18852819728397208,-0.33902421593666077,0.06729423999786377,0.17268680262111502,-0.3517844080924988,0.09949290752410889,0.1585104935123809
MEDICINE,0.0,0.0,0.0,-0.0754551887512207,-0.06118011474609375,-0.12753926597309828,-0.1745051145553589,-0.1401880979537964,-0.1516563334293437,-0.26287341117858887,-0.21588513255119324,-0.14925624809933424,-0.3426321744918823,-0.29028356075286865,-0.141834307534225,-0.2886812090873718,-0.1490733027458191,-0.028981668946869377,-0.40997400879859924,-0.12064564228057861,-0.014117666592426303,-0.4805724024772644,-0.0837603211402893,-0.02029027983320475,-0.5352944731712341,-0.04380524158477783,-0.02731232538593531,-0.27766990661621094,-0.09473812580108643,0.043224543260805603,-0.3894798457622528,-0.03753143548965454,0.055947728382818696,-0.4415079355239868,0.03615248203277588,0.028653394358627793,-0.4722612500190735,0.11203813552856445,0.009260500708990094,-0.2609623074531555,-0.04280054569244385,0.1034565753512311,-0.34946879744529724,0.005900382995605469,0.1110111213498044,-0.39899858832359314,0.0705728530883789,0.07058364518212557,-0.4350355267524719,0.12026220560073853,0.041314262824528214,-0.2417483925819397,-0.0017528533935546875,0.15320346869754076,-0.30415570735931396,0.0469895601272583,0.1591174713544774,-0.32628124952316284,0.08917409181594849,0.1410004458599019,-0.3397003412246704,0.12446063756942749,0.1263069323472905
MEDICINE,0.0,0.0,0.0,-0.07616931200027466,-0.058497846126556396,-0.12144978939829798,-0.17316913604736328,-0.13346856832504272,-0.14379340260563822,-0.25802624225616455,-0.20046672224998474,-0.14036786406575175,-0.33703553676605225,-0.2671278119087219,-0.13234916179715128,-0.2845582962036133,-0.13818269968032837,-0.029016562172159865,-0.39633476734161377,-0.09855926036834717,-0.013377302692219928,-0.45969486236572266,-0.06433975696563721,-0.01850545070408316,-0.5128757059574127,-0.03329801559448242,-0.02483205533860655,-0.2720630168914795,-0.0938766598701477,0.04147645980776815,-0.38080033659935,-0.05184364318847656,0.058863287425651833,-0.43514469265937805,0.011568784713745117,0.03822473958791761,-0.47164422273635864,0.07395279407501221,0.02315751426579027,-0.251254141330719,-0.052388906478881836,0.1008219063347724,-0.34285402297973633,-0.025930047035217285,0.11539919079007177,-0.40406474471092224,0.02006697654724121,0.08250687421025305,-0.4514998197555542,0.05276358127593994,0.05659452602924375,-0.22999298572540283,-0.01394110918045044,0.1497534379428771,-0.28633832931518555,0.01822906732559204,0.16109733433188467,-0.3053957223892212,0.04084283113479614,0.1490566447442916,-0.3180089592933655,0.05342668294906616,0.138351233310118
MEDICINE,0.0,0.0,0.0,-0.07427865266799927,-0.05691730976104736,-0.12626977192564937,-0.17199528217315674,-0.14150524139404297,-0.15161997007533046,-0.26016783714294434,-0.2227344512939453,-0.15080805050536128,-0.33990544080734253,-0.30426225066185,-0.1455025367657754,-0.28975236415863037,-0.15303733944892883,-0.030374317638120374,-0.4139837622642517,-0.12158608436584473,-0.014251907564243993,-0.48365411162376404,-0.08730930089950562,-0.020620429165205678,-0.5413807332515717,-0.04665583372116089,-0.028223960868558606,-0.27945661544799805,-0.10127180814743042,0.042910647370376864,-0.39693501591682434,-0.05467194318771362,0.052944850899734774,-0.45361191034317017,0.004331529140472412,0.023024090357580462,-0.4857173562049866,0.07446163892745972,0.002264522273549119,-0.2640454173088074,-0.04717230796813965,0.10522131694153813,-0.3537529706954956,0.0114058256149292,0.11465819252327947,-0.40279465913772583,0.08523249626159668,0.07585555387333898,-0.4365806579589844,0.14410316944122314,0.04794918818072347,-0.24698138236999512,-0.003911852836608887,0.15718987656430272,-0.31378722190856934,0.04021042585372925,0.17038604689435033,-0.33872663974761963,0.08113753795623779,0.1555511809666541,-0.3548855781555176,0.11535781621932983,0.14180560482338933
MEDICINE,0.0,0.0,0.0,-0.08443194627761841,-0.059208452701568604,-0.13530012553496817,-0.1807134747505188,-0.13189250230789185,-0.1620368767337368,-0.2665407657623291,-0.21154063940048218,-0.16083460634513358,-0.34834545850753784,-0.291667640209198,-0.15511026566787223,-0.293697714805603,-0.14749005436897278,-0.024808281640844143,-0.41360968351364136,-0.11472058296203613,-0.006145961190895832,-0.4851013422012329,-0.07392150163650513,-0.011178349684314526,-0.5373490154743195,-0.029230892658233643,-0.016463528926806248,-0.2761074900627136,-0.09400957822799683,0.05391880909041902,-0.39548954367637634,-0.03159970045089722,0.06743078345493814,-0.4394710659980774,0.058739542961120605,0.03677007967667123,-0.461162269115448,0.14198458194732666,0.017429119367761814,-0.2611130475997925,-0.041406333446502686,0.12008601838783761,-0.3569604158401489,0.010898351669311523,0.1304961484117939,-0.40053242444992065,0.08885407447814941,0.08582161778645059,-0.4251716434955597,0.14630073308944702,0.055276193116469585,-0.24582910537719727,-0.002050340175628662,0.17514478081898233,-0.3115938901901245,0.04609668254852295,0.18792798036770364,-0.33279281854629517,0.08467543125152588,0.16875692123608133,-0.34102702140808105,0.11548125743865967,0.1530001949711277
MEDICINE,0.0,0.0,0.0,-0.08469289541244507,-0.058237433433532715,-0.11942362363083703,-0.18239587545394897,-0.13338834047317505,-0.1399307506774221,-0.26340222358703613,-0.20057231187820435,-0.13635600681050164,-0.34412646293640137,-0.2649674415588379,-0.12592230314953667,-0.28376317024230957,-0.13042855262756348,-0.014245562689438884,-0.3845844864845276,-0.08048748970031738,-0.0010798314735893655,-0.43915504217147827,-0.02839881181716919,-0.005507945982799356,-0.47183358669281006,0.01378786563873291,-0.0046850661431108165,-0.2695990204811096,-0.08528870344161987,0.05834539656893867,-0.38250091671943665,-0.06847679615020752,0.10351390813843864,-0.4507087767124176,-0.029100656509399414,0.10982626353757041,-0.5022321939468384,0.010369360446929932,0.11331639861123222,-0.24923396110534668,-0.048769354820251465,0.11604458515898841,-0.3479417562484741,-0.04979288578033447,0.15412772124068397,-0.4196767807006836,-0.03535515069961548,0.15015267257945197,-0.4725021719932556,-0.023971199989318848,0.14449130420939582,-0.22748512029647827,-0.01218646764755249,0.16042532449023383,-0.28601038455963135,0.008082747459411621,0.18824841504351753,-0.3170371651649475,0.017883777618408203,0.19469216888205665,-0.337413489818573,0.02522796392440796,0.19979349200980323
MEDICINE,0.0,0.0,0.0,-0.06827497482299805,-0.05613231658935547,-0.1407993927634834,-0.15882724523544312,-0.14466318488121033,-0.17385635227333296,-0.24051612615585327,-0.22270816564559937,-0.17835195809971083,-0.31939852237701416,-0.3008728325366974,-0.17765753418575514,-0.2698901295661926,-0.15348315238952637,-0.05026144236694563,-0.3871804475784302,-0.11419022083282471,-0.04075327963005293,-0.4583284854888916,-0.07715702056884766,-0.045113426450598126,-0.512184351682663,-0.039295196533203125,-0.04790514782439459,-0.2622673511505127,-0.10525023937225342,0.029813903566491717,-0.3832196593284607,-0.07988005876541138,0.05347240641344797,-0.4584118723869324,-0.0461956262588501,0.04167145415772211,-0.5136041641235352,-0.00858980417251587,0.02999000176419031,-0.24877208471298218,-0.05285227298736572,0.09572694003213655,-0.33429276943206787,0.010674834251403809,0.10184394865859758,-0.37630754709243774,0.09127843379974365,0.06649104803432238,-0.40766775608062744,0.14781898260116577,0.04230875447024118,-0.2326003909111023,-0.01055055856704712,0.15041514783729326,-0.29974913597106934,0.04544728994369507,0.15277984290946733,-0.3215638995170593,0.09551745653152466,0.1338696733080269,-0.33687466382980347,0.13968420028686523,0.11889296322692644
MEDICINE,0.0,0.0,0.0,-0.07244294881820679,-0.07224714756011963,-0.13320655708557183,-0.16905128955841064,-0.15903833508491516,-0.16054546420818383,-0.25484639406204224,-0.2421116828918457,-0.16085803096538598,-0.3330780863761902,-0.32698553800582886,-0.15714993660694176,-0.2853327989578247,-0.16436412930488586,-0.03183877055889184,-0.41082194447517395,-0.1383209228515625,-0.015497938332913463,-0.4827948212623596,-0.103177011013031,-0.023242828970609253,-0.5424662232398987,-0.0631522536277771,-0.03364482482319886,-0.2742463946342468,-0.10538524389266968,0.0411708060895819,-0.3895101547241211,-0.04446554183959961,0.04862444142455047,-0.4379427433013916,0.03740280866622925,0.01017552188241666,-0.46368733048439026,0.12047892808914185,-0.0175695955509525,-0.25855743885040283,-0.047174811363220215,0.10263471717590278,-0.348979651927948,0.004282832145690918,0.10813208336585944,-0.399565190076828,0.07362288236618042,0.0570147563015837,-0.4340096712112427,0.1304854154586792,0.019088037708939964,-0.24015772342681885,-0.003460705280303955,0.15354702288860267,-0.3051401376724243,0.03218501806259155,0.16093235130065864,-0.3270481824874878,0.06826514005661011,0.13761528248542731,-0.338842511177063,0.10140109062194824,0.11663183982128089
MEDICINE,0.0,0.0,0.0,-0.0810396671295166,-0.06991356611251831,-0.12451170011331669,-0.17813211679458618,-0.15183097124099731,-0.14240556581785313,-0.26259851455688477,-0.22852373123168945,-0.1323701701955997,-0.3417591452598572,-0.30087950825691223,-0.11650846525003544,-0.2856072187423706,-0.15095973014831543,-0.022043015797635235,-0.4093196392059326,-0.12256914377212524,-0.001156967588713087,-0.4805672764778137,-0.08887624740600586,-0.005063068111439861,-0.5387888252735138,-0.05316424369812012,-0.011199072924455322,-0.26854342222213745,-0.10097354650497437,0.05179189891646274,-0.38072431087493896,-0.03627145290374756,0.0688040964407719,-0.42069143056869507,0.04798012971878052,0.040117993961075626,-0.4400636553764343,0.12886542081832886,0.01985014603565105,-0.25199204683303833,-0.04929828643798828,0.11440629885623821,-0.3422499895095825,-0.003724336624145508,0.12890757993886837,-0.38684213161468506,0.058599114418029785,0.08683013544509777,-0.41717424988746643,0.10659182071685791,0.055573273460368,-0.2349047064781189,-0.01053464412689209,0.16664524749944576,-0.294605016708374,0.032183706760406494,0.18165776507089504,-0.3121376633644104,0.06087803840637207,0.1652137227458752,-0.3196535110473633,0.08592015504837036,0.15048750118444332
MEDICINE,0.0,0.0,0.0,-0.07449311017990112,-0.06444865465164185,-0.12550985542334558,-0.1743108034133911,-0.14906299114227295,-0.14834370938338282,-0.2577660083770752,-0.230027973651886,-0.14345274594820978,-0.33195507526397705,-0.3075338304042816,-0.13382847336329462,-0.2840108871459961,-0.15548783540725708,-0.043680385772361774,-0.4111292362213135,-0.1322203278541565,-0.03358822417654039,-0.4794105589389801,-0.09835904836654663,-0.04183056307233812,-0.5399746298789978,-0.06497973203659058,-0.050956112418546695,-0.2723221778869629,-0.10612863302230835,0.027739209037051182,-0.38497066497802734,-0.02872490882873535,0.01557791131340025,-0.4095785319805145,0.07788443565368652,-0.023733022708668727,-0.40948987007141113,0.17284739017486572,-0.04438249496020319,-0.25808078050613403,-0.05267226696014404,0.090227174486742,-0.3504728674888611,0.01003718376159668,0.08577943119011877,-0.3905045688152313,0.08691632747650146,0.04220621558629034,-0.41616109013557434,0.13668346405029297,0.014395746316537839,-0.24245375394821167,-0.010355234146118164,0.14335930618248938,-0.3087732195854187,0.03347855806350708,0.151569428767786,-0.3296778202056885,0.06876564025878906,0.13567137989006994,-0.3412816524505615,0.09103482961654663,0.12268900397025106
MEDICINE,0.0,0.0,0.0,-0.0842752456665039,-0.060456812381744385,-0.10504458129634031,-0.1746092438697815,-0.13206028938293457,-0.12249650836218962,-0.2529667019844055,-0.20032858848571777,-0.11979917466868528,-0.3256828188896179,-0.2697310447692871,-0.11221101165045866,-0.26469844579696655,-0.11863702535629272,-0.006160560829982842,-0.3628891706466675,-0.07791173458099365,0.009982297828003084,-0.420723021030426,-0.040418148040771484,0.011556709816261446,-0.46177250146865845,-0.009889066219329834,0.014305801761850034,-0.25401413440704346,-0.07739734649658203,0.05480382561455599,-0.3730790615081787,-0.08149474859237671,0.09545551210413805,-0.4392431974411011,-0.05901902914047241,0.10099242597590319,-0.4894219636917114,-0.03560936450958252,0.10141405433188311,-0.23386698961257935,-0.041516661643981934,0.10146193921337954,-0.3261047601699829,-0.02805870771408081,0.1256336715794646,-0.3814234435558319,0.009874939918518066,0.10766022622357241,-0.42167913913726807,0.03653120994567871,0.09259575575362078,-0.21426552534103394,-0.007493436336517334,0.1376401630021178,-0.27278149127960205,0.01811295747756958,0.15174658566485277,-0.2943847179412842,0.03911477327346802,0.14464546710024706,-0.3095923066139221,0.05524522066116333,0.13810144334803454
MEDICINE,0.0,0.0,0.0,-0.0720587968826294,-0.07087969779968262,-0.1340045112577002,-0.16774404048919678,-0.16187721490859985,-0.16283597829013274,-0.2503436803817749,-0.24402838945388794,-0.16415580393939422,-0.325228214263916,-0.33237841725349426,-0.16196689786582397,-0.27936166524887085,-0.17282873392105103,-0.040465932658008796,-0.41081321239471436,-0.14153343439102173,-0.023913106268338424,-0.48161715269088745,-0.10223883390426636,-0.03081136973767684,-0.5428465008735657,-0.06305825710296631,-0.04134884881048606,-0.26477932929992676,-0.11818516254425049,0.03324446795315339,-0.380166232585907,-0.03375762701034546,0.03065228989154889,-0.41255828738212585,0.06894183158874512,-0.012655617056481105,-0.4145680367946625,0.1649037003517151,-0.04061163248687194,-0.2501492500305176,-0.05959796905517578,0.09704665807814195,-0.33737874031066895,0.01360851526260376,0.09780823407501771,-0.37859517335891724,0.10043561458587646,0.045739948430963295,-0.40089040994644165,0.16626310348510742,0.009379620345242756,-0.2337241768836975,-0.017715275287628174,0.1508419585022409,-0.29955434799194336,0.030923843383789062,0.157998375276037,-0.322368323802948,0.0759429931640625,0.13504473088116242,-0.332042932510376,0.11587214469909668,0.11531142858595445
MEDICINE,0.0,0.0,0.0,-0.06419157981872559,-0.07699739933013916,-0.1364910171222391,-0.16339606046676636,-0.16975075006484985,-0.16591888823029421,-0.2499171495437622,-0.25404953956604004,-0.166225047488183,-0.3255361318588257,-0.3432047665119171,-0.1620603666495981,-0.28668731451034546,-0.17671066522598267,-0.05177697323676966,-0.4243760108947754,-0.15168976783752441,-0.038324406076640116,-0.4963109493255615,-0.11443978548049927,-0.04563309781667613,-0.5590330958366394,-0.07776343822479248,-0.055757647086352335,-0.2758275866508484,-0.11889767646789551,0.023850562344819082,-0.39539480209350586,-0.027503132820129395,0.013258860740393175,-0.4261550307273865,0.07865506410598755,-0.031125837643116938,-0.4272119998931885,0.17734670639038086,-0.05742963560339831,-0.26259690523147583,-0.058396875858306885,0.09042358241561033,-0.35405659675598145,0.017890214920043945,0.08713874809029676,-0.3997434377670288,0.10023093223571777,0.03817438177350141,-0.4272269606590271,0.16245222091674805,0.004984910428106559,-0.24713045358657837,-0.017004728317260742,0.14694554946902372,-0.31753575801849365,0.02873086929321289,0.15347114048483945,-0.3432709574699402,0.06993532180786133,0.1333841814804373,-0.3572238087654114,0.10527384281158447,0.1163151621032057
MEDICINE,0.0,0.0,0.0,-0.06875723600387573,-0.07492107152938843,-0.14327641612757702,-0.16840797662734985,-0.16332793235778809,-0.168673418824568,-0.25558769702911377,-0.24572238326072693,-0.16282560712565441,-0.3335607647895813,-0.3281569480895996,-0.15078047699202557,-0.29281049966812134,-0.16755926609039307,-0.047658365582123,-0.42445600032806396,-0.14277976751327515,-0.039740946506157115,-0.4964359700679779,-0.10301476716995239,-0.0522921908544447,-0.5592516958713531,-0.06001925468444824,-0.06444995886553784,-0.27988022565841675,-0.11241167783737183,0.029881007607087895,-0.39629703760147095,-0.03569328784942627,0.024681569646105572,-0.4344639480113983,0.058985352516174316,-0.01969638503064175,-0.4491104781627655,0.1531466841697693,-0.04857756978739758,-0.26428908109664917,-0.0552295446395874,0.09511782937775592,-0.3534558415412903,0.015290617942810059,0.08735073321591358,-0.3939848244190216,0.09491002559661865,0.029866177226409718,-0.42146551609039307,0.15837877988815308,-0.008289631818428234,-0.24616014957427979,-0.01650947332382202,0.14960039370785694,-0.3100370764732361,0.026551485061645508,0.14903477543126087,-0.32793503999710083,0.06162738800048828,0.12151564621458988,-0.3359668254852295,0.09411001205444336,0.09966414385567646
MEDICINE,0.0,0.0,0.0,-0.07418352365493774,-0.07215070724487305,-0.1298801501189928,-0.16621190309524536,-0.15913450717926025,-0.15686767295949267,-0.2519459128379822,-0.23239102959632874,-0.15828636781327532,-0.331731379032135,-0.3045005798339844,-0.15362097815625475,-0.2792775630950928,-0.15481102466583252,-0.03358257682077692,-0.39674052596092224,-0.12258487939834595,-0.024897580305264455,-0.46692973375320435,-0.09411543607711792,-0.03149641797892855,-0.5213801562786102,-0.06516867876052856,-0.03501772628180788,-0.2736961841583252,-0.105660080909729,0.03934017076142027,-0.3963671922683716,-0.09459793567657471,0.06411990775711729,-0.47330981492996216,-0.07404708862304688,0.05200455590136244,-0.5338442325592041,-0.04648423194885254,0.04073467358000471,-0.26065099239349365,-0.05854916572570801,0.09726211681015684,-0.35321658849716187,-0.025116264820098877,0.10625940813667967,-0.40371066331863403,0.024321794509887695,0.0688937108124037,-0.4393511116504669,0.06327098608016968,0.04331594585426046,-0.24669164419174194,-0.01480776071548462,0.14419859155066206,-0.31303977966308594,0.028774678707122803,0.1489350448454161,-0.337868332862854,0.06590032577514648,0.1296307246292372,-0.3510737419128418,0.10084539651870728,0.11479149266131117
STOP,0.0,0.0,0.0,-0.011241018772125244,-0.18213361501693726,-0.000719144626373236,-0.03501152992248535,-0.29959213733673096,0.0249410113549402,-0.06276535987854004,-0.39335897564888,0.04311048148633745,-0.07903891801834106,-0.46200644969940186,0.06241324080588129,-0.16098177433013916,-0.2279241681098938,0.14380137531520631,-0.2239987850189209,-0.26637041568756104,0.1864831736540964,-0.26130932569503784,-0.2827296853065491,0.19305233566524294,-0.2973456382751465,-0.2908652424812317,0.1934297522759607,-0.18532681465148926,-0.14354544878005981,0.14652652947665956,-0.25509363412857056,-0.17863619327545166,0.19678343741657045,-0.3010915517807007,-0.20533215999603271,0.19640275745155122,-0.33780717849731445,-0.23087674379348755,0.19186060039760378,-0.19871968030929565,-0.06748300790786743,0.13931375651122835,-0.2631377577781677,-0.09494805335998535,0.18240426389934328,-0.3000854253768921,-0.12222248315811157,0.1940425774312189,-0.32496577501296997,-0.15365588665008545,0.19717174677612093,-0.19877618551254272,0.023919105529785156,0.12626504807235506,-0.25112879276275635,0.007130146026611328,0.16488702504398134,-0.2832603454589844,-0.015857577323913574,0.18932624070407655,-0.3058389723300934,-0.044305622577667236,0.2045132508731058
STOP,0.0,0.0,0.0,-0.03221762180328369,-0.1967141032218933,0.013119263197154396,-0.05414104461669922,-0.3035467267036438,0.05055517479297578,-0.07013022899627686,-0.3806940019130707,0.07616128175970971,-0.08294391632080078,-0.4540485143661499,0.10385199039694726,-0.09737664461135864,-0.20837187767028809,0.20417373775956094,-0.13671427965164185,-0.2420300841331482,0.2745122849893278,-0.15940052270889282,-0.2544128894805908,0.3063381850671476,-0.17695403099060059,-0.2591467499732971,0.32743200063225686,-0.11228787899017334,-0.12495380640029907,0.21270551681038796,-0.15598756074905396,-0.1506252884864807,0.30353864430901467,-0.18442559242248535,-0.1689666509628296,0.33462517857071816,-0.20430588722229004,-0.1839444637298584,0.3554001092862791,-0.11798298358917236,-0.04724520444869995,0.2081479221534437,-0.15713602304458618,-0.06977719068527222,0.28454130291459023,-0.18126094341278076,-0.09197050333023071,0.320558482403726,-0.19708716869354248,-0.1174173355102539,0.3419190287542051,-0.11328303813934326,0.033992648124694824,0.19702703654286324,-0.14388704299926758,0.01806861162185669,0.2631893098306364,-0.15882712602615356,0.0020827651023864746,0.30436431765076577,-0.16929090023040771,-0.01442950963973999,0.33302157520768105
STOP,0.0,0.0,0.0,-0.030002593994140625,-0.1935652494430542,0.015640222439969875,-0.051059842109680176,-0.29822754859924316,0.050875985036100246,-0.0663103461265564,-0.3764069676399231,0.07360864893576036,-0.08060836791992188,-0.44887787103652954,0.0980959878959311,-0.1022801399230957,-0.19696789979934692,0.20874975339552293,-0.1414223313331604,-0.23441863059997559,0.28068549648901353,-0.1648561954498291,-0.24934279918670654,0.3149304212727202,-0.18153637647628784,-0.25419139862060547,0.3387860180534972,-0.11658811569213867,-0.11809098720550537,0.21686134950300584,-0.16250020265579224,-0.14583224058151245,0.31117491141935716,-0.19122475385665894,-0.16828447580337524,0.3457146705784453,-0.21112173795700073,-0.18631678819656372,0.3698594392933501,-0.12135732173919678,-0.044583261013031006,0.21174011842390428,-0.16188675165176392,-0.0637933611869812,0.2925241710343016,-0.18612784147262573,-0.08766436576843262,0.3285606624283446,-0.2010514736175537,-0.11554074287414551,0.3498744489349974,-0.11714094877243042,0.03426682949066162,0.20019656137606034,-0.1486005187034607,0.024686098098754883,0.2703619422115935,-0.16461843252182007,0.006118178367614746,0.3106376351513518,-0.1751575469970703,-0.013991117477416992,0.3384020747341765
STOP,0.0,0.0,0.0,-0.02041935920715332,-0.20069152116775513,-0.0035277270494589175,-0.039030611515045166,-0.32374927401542664,0.022292613446097675,-0.04923355579376221,-0.4176093637943268,0.037608297004680935,-0.06374388933181763,-0.5014549791812897,0.05592588095305473,-0.0901525616645813,-0.24902474880218506,0.18789106367466957,-0.13215798139572144,-0.28501343727111816,0.2511921948039344,-0.16256612539291382,-0.3024047613143921,0.27808929739831,-0.18715953826904297,-0.3106316924095154,0.2952475076758674,-0.11083388328552246,-0.1658969223499298,0.1980015015446952,-0.15883851051330566,-0.19773313403129578,0.28181214390633613,-0.19113868474960327,-0.2233264446258545,0.31010140238640815,-0.2206522822380066,-0.24809560179710388,0.32847372947571785,-0.12357133626937866,-0.08446884155273438,0.19293384014008552,-0.1647067666053772,-0.11683768033981323,0.2619744068229011,-0.18715167045593262,-0.14175277948379517,0.29331482706902534,-0.20513474941253662,-0.1714833676815033,0.31110264120934517,-0.1240268349647522,-2.4616718292236328e-05,0.17965522168515236,-0.15436911582946777,-0.026685357093811035,0.23823520301220924,-0.16768372058868408,-0.044037699699401855,0.27422843633530647,-0.17878341674804688,-0.06434094905853271,0.29860327897904426
STOP,0.0,0.0,0.0,-0.022805213928222656,-0.19743680953979492,-0.015878032805289877,-0.04420113563537598,-0.33704204857349396,0.00783966956112181,-0.05095332860946655,-0.43692952394485474,0.02590024480048214,-0.05698955059051514,-0.5242946147918701,0.0462927465272287,-0.1086168885231018,-0.25185495615005493,0.17544815884355103,-0.15106338262557983,-0.30693836510181427,0.24059675083879029,-0.1775619387626648,-0.3302605450153351,0.2645873670411447,-0.19944751262664795,-0.3447459936141968,0.27695339368108307,-0.12667632102966309,-0.16932308673858643,0.1931440626216272,-0.18291455507278442,-0.20965734124183655,0.2769992892575601,-0.21501803398132324,-0.24171388149261475,0.29172834203961884,-0.23884886503219604,-0.2680719494819641,0.2961825673413614,-0.13992339372634888,-0.08472809195518494,0.1963157151770929,-0.18669581413269043,-0.11532384157180786,0.2665654663873056,-0.21222764253616333,-0.14349308609962463,0.2790748421979288,-0.22503018379211426,-0.17489469051361084,0.2794964854550699,-0.1428004503250122,0.0012191534042358398,0.19137052641633545,-0.1777644157409668,-0.02333521842956543,0.2493192051482538,-0.195451021194458,-0.043241918087005615,0.27340688751462494,-0.20653367042541504,-0.06555548310279846,0.28542541907552277
STOP,0.0,0.0,0.0,-0.023916900157928467,-0.21090081334114075,0.003960907724035678,-0.03894609212875366,-0.3406538963317871,0.036531829539967475,-0.0479092001914978,-0.43568554520606995,0.058395886127186714,-0.06319987773895264,-0.5247036814689636,0.08227778718276113,-0.10607010126113892,-0.2414053976535797,0.21337197468085378,-0.1534210443496704,-0.2868078351020813,0.2934512470702657,-0.18302512168884277,-0.30916887521743774,0.33248263344569295,-0.20672643184661865,-0.322493314743042,0.35766541704936117,-0.1262686848640442,-0.1550237238407135,0.22573563203616231,-0.18069010972976685,-0.1884397268295288,0.32901409015460104,-0.2140488624572754,-0.21868640184402466,0.3655817781428823,-0.2375195026397705,-0.24153867363929749,0.3891435240249166,-0.13656890392303467,-0.07005429267883301,0.22290727243228048,-0.18508684635162354,-0.09687194228172302,0.3065047834853658,-0.20959383249282837,-0.12038734555244446,0.33821579561038106,-0.2234078049659729,-0.1496964991092682,0.35595333323283285,-0.13804316520690918,0.017252683639526367,0.212643412206603,-0.17892992496490479,-0.004578769207000732,0.28250163540644735,-0.1940392255783081,-0.027307987213134766,0.32008996352954,-0.2037646770477295,-0.052682340145111084,0.3453511868457326
STOP,0.0,0.0,0.0,-0.040283799171447754,-0.17367029190063477,-0.012830236817592322,-0.0699911117553711,-0.29078710079193115,0.009441308786279023,-0.09040361642837524,-0.37524285912513733,0.02665865432203418,-0.109394371509552,-0.4422677159309387,0.04468851733685142,-0.12456077337265015,-0.20720666646957397,0.1422285531807006,-0.18434178829193115,-0.22341179847717285,0.19377046275616294,-0.21646881103515625,-0.22932279109954834,0.21201116788864738,-0.2484511137008667,-0.22701740264892578,0.22120987821102744,-0.1331595778465271,-0.1366226077079773,0.15713510859490043,-0.19649475812911987,-0.14426922798156738,0.22343334007740623,-0.2306075096130371,-0.15478980541229248,0.23796094406128532,-0.2639220952987671,-0.15922987461090088,0.24426233220577842,-0.1354585886001587,-0.07161277532577515,0.16016819525242454,-0.19020158052444458,-0.07945168018341064,0.2108543609428466,-0.21828418970108032,-0.08381205797195435,0.22657900500774986,-0.2428709864616394,-0.0880996584892273,0.233890781288153,-0.1274356245994568,-0.01126164197921753,0.15697054017067558,-0.17246311902999878,-0.007550239562988281,0.19499885488033897,-0.18921202421188354,-0.0014475584030151367,0.21766673970699912,-0.2086891531944275,0.005912899971008301,0.23393660235882408
STOP,0.0,0.0,0.0,-0.03219825029373169,-0.15972119569778442,-0.013900352182645292,-0.057530224323272705,-0.2668426036834717,0.0064136627997868345,-0.07338821887969971,-0.3475582003593445,0.02155902375761798,-0.08788156509399414,-0.4169312119483948,0.03851199475411704,-0.10851126909255981,-0.17162728309631348,0.1437625992048197,-0.15734624862670898,-0.19547563791275024,0.19480099854354194,-0.18570268154144287,-0.20991992950439453,0.21068921265487006,-0.21247422695159912,-0.21445584297180176,0.21684741554145148,-0.11634200811386108,-0.09975641965866089,0.15606906590346625,-0.17759990692138672,-0.11149179935455322,0.21638336357955268,-0.21234232187271118,-0.12916046380996704,0.22012482163790992,-0.2415163218975067,-0.14015018939971924,0.21737479743842414,-0.12009340524673462,-0.03595888614654541,0.15700268325690558,-0.17144513130187988,-0.04349309206008911,0.20396086153868964,-0.198727548122406,-0.05551791191101074,0.210306163405221,-0.21789813041687012,-0.07233613729476929,0.20987492380027106,-0.11174017190933228,0.021923720836639404,0.15183417079333594,-0.15654343366622925,0.017448127269744873,0.19070861813906959,-0.17826974391937256,0.011688232421875,0.20952297327403357,-0.1964360475540161,0.004205524921417236,0.2202120381343775
STOP,0.0,0.0,0.0,-0.020259439945220947,-0.16691774129867554,-0.0014333533104036178,-0.04989659786224365,-0.2825218439102173,0.016823594437028078,-0.0672605037689209,-0.3715295195579529,0.02714128883280864,-0.0802236795425415,-0.4470589756965637,0.037656090200925973,-0.11773765087127686,-0.1999528408050537,0.13699616396525016,-0.16358399391174316,-0.23293793201446533,0.18415750467875114,-0.19086790084838867,-0.24610894918441772,0.19383574926951042,-0.2151387333869934,-0.25039613246917725,0.19485366249182334,-0.13283854722976685,-0.12145769596099854,0.13852016532518974,-0.18453699350357056,-0.14891213178634644,0.1952945431480657,-0.21730852127075195,-0.16840463876724243,0.194584204793955,-0.245032399892807,-0.18676459789276123,0.18634146356680503,-0.14097851514816284,-0.04101431369781494,0.1307383021126043,-0.1836467981338501,-0.06945222616195679,0.18046678507425895,-0.2066633105278015,-0.08976536989212036,0.1872049858579885,-0.22372972965240479,-0.11689621210098267,0.18215502703287711,-0.13538819551467896,0.04042017459869385,0.1176171665797483,-0.1675829291343689,0.023912012577056885,0.16390477025606742,-0.18623632192611694,0.007667243480682373,0.1864546527872335,-0.20069241523742676,-0.013619601726531982,0.1952887912998449
STOP,0.0,0.0,0.0,-0.028561890125274658,-0.1903194785118103,0.0069954871867139445,-0.06484794616699219,-0.30662399530410767,0.03336963399465276,-0.08852940797805786,-0.3952431380748749,0.04985077648575498,-0.10672420263290405,-0.4686031639575958,0.06839881061728192,-0.13590669631958008,-0.22698253393173218,0.17086362808163358,-0.19188851118087769,-0.25794488191604614,0.2306918647807379,-0.2211403250694275,-0.2710424065589905,0.2507850226681967,-0.246304452419281,-0.2739229202270508,0.26065483658726407,-0.15454059839248657,-0.147139310836792,0.1748320457261343,-0.2118511199951172,-0.1732112169265747,0.24953390627320005,-0.2429388165473938,-0.19380617141723633,0.26678460805828763,-0.2686416506767273,-0.2140447497367859,0.2745752033513327,-0.16459929943084717,-0.06938028335571289,0.16768386929447843,-0.21460533142089844,-0.09147083759307861,0.23410434990341855,-0.23541110754013062,-0.11555874347686768,0.26260924308712674,-0.2518376111984253,-0.14591628313064575,0.2751881477158804,-0.15963995456695557,0.01423102617263794,0.15414369075710965,-0.19987010955810547,-0.005040109157562256,0.21420390873367978,-0.21756267547607422,-0.022050678730010986,0.25193530290539456,-0.23069560527801514,-0.04146742820739746,0.27490204542095853
STOP,0.0,0.0,0.0,-0.03740161657333374,-0.15765690803527832,0.01160213444177316,-0.08664655685424805,-0.2521049529314041,0.04549308679793285,-0.1395159363746643,-0.2952171564102173,0.07189660332892345,-0.1804370880126953,-0.31676051020622253,0.10126501880381511,-0.12586647272109985,-0.2664078176021576,0.130713319403867,-0.18244677782058716,-0.34110406041145325,0.1751045193502705,-0.2232561707496643,-0.3803982138633728,0.19067288003657268,-0.26129698753356934,-0.4033001661300659,0.19969644211028026,-0.1520208716392517,-0.20066672563552856,0.13793784938548015,-0.21274203062057495,-0.2688746601343155,0.19272654317114757,-0.25724852085113525,-0.30547115206718445,0.2039458062479298,-0.29656296968460083,-0.33877938985824585,0.20986122451517986,-0.17269551753997803,-0.13265711069107056,0.1384354736635487,-0.22052597999572754,-0.19185954332351685,0.19285625777934,-0.2497408390045166,-0.22593846917152405,0.2090182509252827,-0.270552396774292,-0.26112912595272064,0.21506688557360576,-0.1859179139137268,-0.048358768224716187,0.1348147746155064,-0.22143346071243286,-0.08863875269889832,0.18685995600912975,-0.2442876696586609,-0.11272668838500977,0.21326922438834117,-0.25967055559158325,-0.14885583519935608,0.2292874660322468
STOP,0.0,0.0,0.0,-0.018314123153686523,-0.2187444269657135,0.007112722552164996,-0.04329568147659302,-0.35771873593330383,0.03716063330580255,-0.05055499076843262,-0.4669169485569,0.055862175474658216,-0.05185830593109131,-0.5551474690437317,0.07647282833863756,-0.13312643766403198,-0.24863243103027344,0.19972153211642762,-0.18701821565628052,-0.29465052485466003,0.2654017081360962,-0.22066211700439453,-0.3154355138540268,0.2849588563542511,-0.2511770725250244,-0.3215814083814621,0.2940092256169464,-0.15837013721466064,-0.1545971930027008,0.20261791552115938,-0.22357594966888428,-0.19328364729881287,0.28548164869357606,-0.26299041509628296,-0.2251661717891693,0.29695220495273134,-0.29392194747924805,-0.2506468892097473,0.29934172535945436,-0.17449772357940674,-0.0642687976360321,0.19259748066474458,-0.23001009225845337,-0.09574335813522339,0.26648791338016053,-0.2584908604621887,-0.12840178608894348,0.28911157156039735,-0.27598869800567627,-0.162285715341568,0.29625724459697267,-0.17149490118026733,0.03453570604324341,0.17513063753654023,-0.21805351972579956,0.01292949914932251,0.24129736627151033,-0.24305039644241333,-0.012553095817565918,0.27817003632594606,-0.26175594329833984,-0.0411144495010376,0.2991710772614624
STOP,0.0,0.0,0.0,-0.018825650215148926,-0.20680201053619385,0.01594791911372795,-0.05157661437988281,-0.33492162823677063,0.05639396957883491,-0.07187533378601074,-0.43574315309524536,0.08357391856441154,-0.0915268063545227,-0.5128888040781021,0.11198482267388954,-0.14332371950149536,-0.2400626838207245,0.20602058224210396,-0.2069627046585083,-0.26733019948005676,0.2733966892195667,-0.23950165510177612,-0.2809962034225464,0.30275957636365547,-0.268781840801239,-0.28218212723731995,0.3213264828158344,-0.16979116201400757,-0.15743982791900635,0.2075122033787693,-0.23577052354812622,-0.1736646294593811,0.2903407698107685,-0.2715529203414917,-0.18650513887405396,0.3207483773661579,-0.3037412762641907,-0.19421625137329102,0.3420098905993427,-0.18050134181976318,-0.07964110374450684,0.19511396042832985,-0.23847746849060059,-0.0958104133605957,0.2574179058505024,-0.2587411403656006,-0.10450619459152222,0.2938355093432392,-0.27185314893722534,-0.11864840984344482,0.3188657348586048,-0.17598915100097656,0.0012499094009399414,0.1766874974204029,-0.22847944498062134,-0.011902928352355957,0.2276331966353382,-0.2402745485305786,-0.01727926731109619,0.26758374623784675,-0.24666827917099,-0.026417315006256104,0.29889984778890266
STOP,0.0,0.0,0.0,-0.05187565088272095,-0.14046144485473633,-0.013534239807142967,-0.09472757577896118,-0.23943597078323364,0.0031754632136085092,-0.12474191188812256,-0.312677264213562,0.01829691106735254,-0.14650338888168335,-0.3641616106033325,0.034636010102019554,-0.1409306526184082,-0.14818072319030762,0.10449308591245199,-0.21712857484817505,-0.15410655736923218,0.1478372036135056,-0.2575054168701172,-0.16746139526367188,0.16582746492980505,-0.28994664549827576,-0.16888797283172607,0.1758278875267365,-0.14397060871124268,-0.093852698802948,0.11991377609132314,-0.22193199396133423,-0.09789639711380005,0.17189337002395177,-0.2597997486591339,-0.11124312877655029,0.1839303194200852,-0.29128092527389526,-0.11283403635025024,0.19025461064933324,-0.14314395189285278,-0.04702502489089966,0.12711585747359777,-0.20684891939163208,-0.05215048789978027,0.16825939404128576,-0.23456305265426636,-0.05764967203140259,0.18123137640117193,-0.25002408027648926,-0.06338673830032349,0.1880608765995362,-0.13465440273284912,-0.010114669799804688,0.12963822173236395,-0.18499070405960083,-0.0045059919357299805,0.16170741306899572,-0.20023655891418457,-0.0007200241088867188,0.18131929325221563,-0.21111387014389038,0.001317739486694336,0.19579019831775213
STOP,0.0,0.0,0.0,-0.01316159963607788,-0.14022600650787354,-0.025311313654356127,-0.04366856813430786,-0.2461225986480713,-0.0195236989213754,-0.06919437646865845,-0.3302449584007263,-0.014383881437652235,-0.09304887056350708,-0.40119826793670654,-0.007187592881791716,-0.1256108283996582,-0.16026192903518677,0.09026465742749679,-0.18387621641159058,-0.1897715926170349,0.12482112078828322,-0.2232603132724762,-0.20453619956970215,0.1304288896815251,-0.25624537467956543,-0.20529145002365112,0.12864568262261855,-0.137409508228302,-0.09358203411102295,0.10219630776805388,-0.20392978191375732,-0.1132628321647644,0.14029740719956862,-0.2489503026008606,-0.13001543283462524,0.13210693924588668,-0.28625452518463135,-0.14001727104187012,0.12004850982589232,-0.14433073997497559,-0.030594170093536377,0.10548959105176436,-0.20176514983177185,-0.041359007358551025,0.13503543465299117,-0.2383878231048584,-0.05239760875701904,0.12933238773507583,-0.26663410663604736,-0.06507712602615356,0.11971027581853377,-0.1378653645515442,0.01973932981491089,0.1032181250945996,-0.18961352109909058,0.013689815998077393,0.12755850880307662,-0.2205638885498047,0.007453203201293945,0.1343281510369252,-0.24959561228752136,-0.00033676624298095703,0.1350641640917729
STOP,0.0,0.0,0.0,-0.04475158452987671,-0.10657232999801636,0.007507285527935892,-0.10168933868408203,-0.19061821699142456,0.02380957031255093,-0.15320706367492676,-0.23594874143600464,0.035505255177668005,-0.1914665699005127,-0.2624337673187256,0.048345935955694586,-0.14643877744674683,-0.23224592208862305,0.061742932960441976,-0.19923913478851318,-0.33181071281433105,0.07419275628035393,-0.23741644620895386,-0.39519527554512024,0.07303821431105462,-0.27150315046310425,-0.4407215416431427,0.07097632573550072,-0.1733027696609497,-0.1963706612586975,0.06225568936770287,-0.22278952598571777,-0.2919899821281433,0.0816517187804493,-0.25798118114471436,-0.35039210319519043,0.0801214812845501,-0.2891520857810974,-0.40272870659828186,0.07796311514084664,-0.19120556116104126,-0.15414506196975708,0.05950851129000512,-0.24117547273635864,-0.23648768663406372,0.07855614410345879,-0.28095757961273193,-0.28816550970077515,0.07980072633927193,-0.31232184171676636,-0.335798442363739,0.07796482877438393,-0.1992228627204895,-0.10036420822143555,0.05547217042749253,-0.2437800168991089,-0.1550036072731018,0.07351087169354287,-0.27456313371658325,-0.18583565950393677,0.08327831463520852,-0.29795578122138977,-0.21881479024887085,0.08953316645329323
STOP,0.0,0.0,0.0,-0.0490572452545166,-0.23206770420074463,0.029044775370607567,-0.09254062175750732,-0.3494109809398651,0.08290149279321213,-0.13840347528457642,-0.4055439233779907,0.12497928746427078,-0.17398834228515625,-0.44390788674354553,0.17099404342854996,-0.15189224481582642,-0.3068838119506836,0.19423677035058518,-0.22648805379867554,-0.3730626404285431,0.2539137751647331,-0.27916181087493896,-0.40855923295021057,0.2730008215495445,-0.3258175253868103,-0.4297049343585968,0.28397639103616257,-0.18350231647491455,-0.22283345460891724,0.19687798627103348,-0.26144570112228394,-0.28491446375846863,0.2711107582637169,-0.3151816129684448,-0.3235257565975189,0.28351475306237717,-0.35444438457489014,-0.3583156168460846,0.2895528525897362,-0.20327091217041016,-0.1438562273979187,0.19018229850018997,-0.2692440450191498,-0.19711774587631226,0.2577094585486748,-0.3038491904735565,-0.23041465878486633,0.2743301541396477,-0.3252623379230499,-0.26888710260391235,0.2810865492411949,-0.20895296335220337,-0.04475128650665283,0.17946481712544937,-0.26034215092658997,-0.08918502926826477,0.24009355910504837,-0.28818631172180176,-0.11089956760406494,0.2695730180331566,-0.3072153329849243,-0.14714378118515015,0.28836326308930893
STOP,0.0,0.0,0.0,-0.01047062873840332,-0.2283039093017578,-0.005893262518497977,-0.04235011339187622,-0.38203996419906616,0.019113128123876777,-0.05352574586868286,-0.505435585975647,0.03343023271679613,-0.06348198652267456,-0.6080544292926788,0.05166726843833658,-0.14339840412139893,-0.2696647644042969,0.20479589985131952,-0.2029118537902832,-0.31736844778060913,0.27319908426522943,-0.2426101565361023,-0.342305064201355,0.29970720694780084,-0.273007869720459,-0.34886014461517334,0.3170127301049206,-0.16843116283416748,-0.17399486899375916,0.216018873317239,-0.23701661825180054,-0.21355831623077393,0.31051844642877313,-0.28120261430740356,-0.25111865997314453,0.3410544423890087,-0.3144261837005615,-0.27789634466171265,0.3607918946576092,-0.18456941843032837,-0.08333176374435425,0.2104731528592083,-0.24393129348754883,-0.11358743906021118,0.2954322128128979,-0.27201247215270996,-0.15069186687469482,0.3366767196488354,-0.2871137857437134,-0.18811699748039246,0.35947466181039545,-0.18858057260513306,0.013644993305206299,0.1946253804993603,-0.23453879356384277,-0.005333304405212402,0.2695905594658825,-0.2600094676017761,-0.030018210411071777,0.31609773920297357,-0.27571558952331543,-0.05693960189819336,0.34723326848268243
STOP,0.0,0.0,0.0,-0.020396947860717773,-0.22345545887947083,0.015082949914358323,-0.05219525098800659,-0.35675346851348877,0.056256266452692216,-0.07227623462677002,-0.4662501811981201,0.0835891646820528,-0.08124428987503052,-0.5526088625192642,0.11168872392954654,-0.157992422580719,-0.25980716943740845,0.2168112528997881,-0.2244987189769745,-0.29969874024391174,0.28969144649090595,-0.25997716188430786,-0.32087627053260803,0.3198962492424471,-0.2943079173564911,-0.3280014991760254,0.3373393995243532,-0.18742036819458008,-0.16971391439437866,0.21901966459336109,-0.2588004767894745,-0.19956287741661072,0.3074011487442476,-0.300897479057312,-0.22098994255065918,0.33528163857045,-0.3370095491409302,-0.23701930046081543,0.3530850095230562,-0.20015382766723633,-0.08385729789733887,0.20687626130165881,-0.2629117965698242,-0.10704344511032104,0.27635353631558246,-0.29028069972991943,-0.12407106161117554,0.31070765680851764,-0.30894285440444946,-0.146731436252594,0.3322025818306429,-0.19468480348587036,0.012121081352233887,0.18802334196152515,-0.24827533960342407,-0.010289192199707031,0.2485388202148897,-0.26748496294021606,-0.023250937461853027,0.2900805456119997,-0.28128209710121155,-0.03928959369659424,0.31976610250058
STOP,0.0,0.0,0.0,-0.020670175552368164,-0.18446946144104004,-0.01860420079276537,-0.05861908197402954,-0.3152725100517273,-0.000293550017090638,-0.08792924880981445,-0.4194393455982208,0.013510209980154286,-0.10820496082305908,-0.49214041233062744,0.02871332830443407,-0.156471848487854,-0.23557305335998535,0.12394725857927824,-0.2400972545146942,-0.25463438034057617,0.16463930486395384,-0.2932276129722595,-0.2687382698059082,0.17285185633852507,-0.3408159613609314,-0.267250120639801,0.1728173899526837,-0.17287898063659668,-0.15032684803009033,0.13348349510386015,-0.2522677481174469,-0.165771484375,0.1831151056165936,-0.2942274510860443,-0.18236154317855835,0.1849827724571469,-0.33366984128952026,-0.19355422258377075,0.18069901643946196,-0.17869514226913452,-0.07410240173339844,0.13173497794821287,-0.24532902240753174,-0.08771884441375732,0.17011935590460325,-0.2817777395248413,-0.09942054748535156,0.18068456231310392,-0.31008654832839966,-0.1099168062210083,0.1827835249777081,-0.1678224802017212,-0.0030527114868164062,0.1229008021826985,-0.22428998351097107,-0.0030689239501953125,0.15225494979574705,-0.2489423155784607,-0.0043375492095947266,0.17226585327341581,-0.27043166756629944,-0.008007526397705078,0.18495119689657713
STOP,0.0,0.0,0.0,-0.014023065567016602,-0.16385549306869507,-0.014294412321532945,-0.038135826587677,-0.2749423384666443,-0.0013013941786539363,-0.06421667337417603,-0.37093931436538696,0.005842776634608526,-0.08714920282363892,-0.44272568821907043,0.013521548957442064,-0.13119161128997803,-0.198560893535614,0.10966020137152555,-0.18772360682487488,-0.23770147562026978,0.14500660508952024,-0.22558128833770752,-0.25168782472610474,0.1500694534190643,-0.2568919062614441,-0.25650638341903687,0.14944633156142118,-0.15204733610153198,-0.117470383644104,0.11388708710751416,-0.21591150760650635,-0.1527705192565918,0.157510184348439,-0.2602989375591278,-0.17114591598510742,0.15646382480940701,-0.2982403635978699,-0.19049018621444702,0.15043597728094937,-0.16096365451812744,-0.0367467999458313,0.10827019870362165,-0.21691042184829712,-0.06895869970321655,0.1425553640731323,-0.251069039106369,-0.08975404500961304,0.1479622802146423,-0.2761722803115845,-0.11278599500656128,0.14600767999968411,-0.15410858392715454,0.04721343517303467,0.09661595583042981,-0.19697338342666626,0.03962606191635132,0.12422682404599072,-0.22586995363235474,0.02472621202468872,0.14078188747248532,-0.24833238124847412,0.0016877055168151855,0.14955716639838101
STOP,0.0,0.0,0.0,-0.026178419589996338,-0.1984555721282959,0.01002068325522032,-0.05760854482650757,-0.3066248595714569,0.044466414224530126,-0.08531582355499268,-0.3633080720901489,0.06850933722796526,-0.11145490407943726,-0.4130866825580597,0.09498312018456545,-0.15564876794815063,-0.26693108677864075,0.14940860561671343,-0.2117917537689209,-0.3186871409416199,0.1980522542411336,-0.24740731716156006,-0.3431793749332428,0.21491695634665575,-0.2788403630256653,-0.3583240807056427,0.22471376947703448,-0.1787223219871521,-0.18947717547416687,0.15011265568080034,-0.2419688105583191,-0.24087131023406982,0.2107408016139516,-0.28689444065093994,-0.2717357873916626,0.2226917862111577,-0.32224154472351074,-0.30083534121513367,0.22891145638766375,-0.1885661482810974,-0.11211788654327393,0.1409691243583211,-0.24102431535720825,-0.16102969646453857,0.19129462234320727,-0.27304357290267944,-0.1926925778388977,0.20517466656508532,-0.2978225350379944,-0.2236936092376709,0.2116586982423314,-0.18703937530517578,-0.01910698413848877,0.12680585376563158,-0.23476600646972656,-0.04896968603134155,0.16792043737711992,-0.25965654850006104,-0.07254254817962646,0.19122685186209765,-0.27805131673812866,-0.10060679912567139,0.2075369178468236
STOP,0.0,0.0,0.0,-0.031237661838531494,-0.21786993741989136,0.02854727127623846,-0.06258022785186768,-0.31519776582717896,0.0844362556285887,-0.09521079063415527,-0.35561925172805786,0.1295150920100241,-0.1224510669708252,-0.3902219831943512,0.1793381824440985,-0.1370486617088318,-0.27388057112693787,0.19648192369413664,-0.19988566637039185,-0.3320876657962799,0.25845296227407744,-0.2451009750366211,-0.362102746963501,0.28164575540495207,-0.2834800183773041,-0.3779037594795227,0.2965077265448599,-0.16714006662368774,-0.18435028195381165,0.20026877068949034,-0.24390870332717896,-0.24586838483810425,0.27337000810575773,-0.29425638914108276,-0.2821930944919586,0.2919348880000143,-0.32955271005630493,-0.31368133425712585,0.30434192263555815,-0.1882873773574829,-0.10041463375091553,0.19365100109052946,-0.25556761026382446,-0.14956605434417725,0.2591290875620871,-0.2878776490688324,-0.18053370714187622,0.2789478405661612,-0.3076649010181427,-0.22153764963150024,0.2904289766497641,-0.19304203987121582,0.003891289234161377,0.1828382714934378,-0.24663615226745605,-0.03722977638244629,0.24334017478895476,-0.2721179723739624,-0.05922037363052368,0.27469194971990873,-0.28722578287124634,-0.09799998998641968,0.29566595994901945
STOP,0.0,0.0,0.0,0.006226480007171631,-0.19892019033432007,-0.011101370675874023,-0.02214592695236206,-0.3441484570503235,0.013637107798444958,-0.03961145877838135,-0.45618030428886414,0.032777702437329026,-0.048134803771972656,-0.550993025302887,0.05414818786232445,-0.14031463861465454,-0.24704217910766602,0.1556737218066928,-0.2042807936668396,-0.29924553632736206,0.21148526109902832,-0.24379009008407593,-0.3247218728065491,0.2241556886598346,-0.27736133337020874,-0.33317163586616516,0.2258910331889865,-0.16791504621505737,-0.15869444608688354,0.16305285133569214,-0.23955923318862915,-0.20250073075294495,0.22828818299024078,-0.28701701760292053,-0.2352522909641266,0.22432988323419067,-0.3235816955566406,-0.262851744890213,0.21249754168240997,-0.18499618768692017,-0.07082337141036987,0.15872440673558685,-0.24334746599197388,-0.1056196391582489,0.21246945299355957,-0.27497631311416626,-0.1353285312652588,0.21393863298146698,-0.29452016949653625,-0.17005890607833862,0.20543114282338593,-0.1848769187927246,0.028346776962280273,0.1474369410440204,-0.23503261804580688,0.005064070224761963,0.1943014655277011,-0.2616350054740906,-0.014962375164031982,0.21298202313630554,-0.28143376111984253,-0.04091989994049072,0.21927908994405243
STOP,0.0,0.0,0.0,-0.02472829818725586,-0.18961971998214722,-0.01587756095136683,-0.06419157981872559,-0.31866276264190674,0.0019132230602281197,-0.09650105237960815,-0.4212378263473511,0.01510414736662824,-0.11948060989379883,-0.48746687173843384,0.028950514964208196,-0.15240943431854248,-0.2235349416732788,0.11687346803341825,-0.23485082387924194,-0.24046576023101807,0.1520298074403854,-0.28253352642059326,-0.2567110061645508,0.15773619221840818,-0.32449227571487427,-0.2590228319168091,0.1577957521597,-0.17599117755889893,-0.14429473876953125,0.12456760811005552,-0.2720157504081726,-0.1590951681137085,0.16937067615185697,-0.32425087690353394,-0.17938226461410522,0.16889653610382993,-0.37230563163757324,-0.19242703914642334,0.16403789328728635,-0.18583524227142334,-0.07652020454406738,0.12183951096926648,-0.2644498646259308,-0.0915447473526001,0.15198593842183072,-0.2993624806404114,-0.10047221183776855,0.15626677381192167,-0.3256550431251526,-0.11250483989715576,0.1568419139305206,-0.17691177129745483,-0.014300823211669922,0.11345105128680188,-0.24342340230941772,-0.011206626892089844,0.13587021338139493,-0.2646455764770508,-0.009608864784240723,0.15265793608818967,-0.28176242113113403,-0.012929797172546387,0.1649152736583801
STOP,0.0,0.0,0.0,-0.01905733346939087,-0.14785271883010864,-0.025281638007697893,-0.052591919898986816,-0.25986629724502563,-0.023853317003784014,-0.0864189863204956,-0.34998536109924316,-0.02269215333097918,-0.10565298795700073,-0.4252551794052124,-0.02169219973319514,-0.14469009637832642,-0.18037426471710205,0.05488359545535104,-0.21638846397399902,-0.20299363136291504,0.06912155811852472,-0.25681036710739136,-0.20663076639175415,0.059992886979046034,-0.291679322719574,-0.20877230167388916,0.04887110357350366,-0.16044700145721436,-0.10973548889160156,0.06143736829227464,-0.23707863688468933,-0.1293507218360901,0.08386944596833246,-0.27903273701667786,-0.13972938060760498,0.06529790525502221,-0.31325873732566833,-0.14783459901809692,0.043465040523472,-0.16631066799163818,-0.048798322677612305,0.0614420770592119,-0.23735016584396362,-0.062422871589660645,0.0773305705673124,-0.2794560194015503,-0.07389628887176514,0.06462280814713495,-0.3127097487449646,-0.08555126190185547,0.047873701799574064,-0.16198909282684326,0.005697131156921387,0.056902423400345015,-0.2222624123096466,0.0015919208526611328,0.0693989134318258,-0.25825050473213196,-0.006298959255218506,0.07277729724711435,-0.2890225648880005,-0.014749765396118164,0.06996758644646661
STOP,0.0,0.0,0.0,-0.022456705570220947,-0.16848427057266235,-0.006365816852053285,-0.0461081862449646,-0.276067852973938,0.01518729627321136,-0.06460380554199219,-0.35370659828186035,0.030115380140046,-0.07888036966323853,-0.4159226417541504,0.04662094004640949,-0.13887745141983032,-0.20873552560806274,0.12385865412841213,-0.1957659125328064,-0.25020503997802734,0.16267762445102107,-0.22880211472511292,-0.2658323049545288,0.16803223751674068,-0.2596232295036316,-0.27475035190582275,0.1673690613378085,-0.15491825342178345,-0.12975645065307617,0.12830525003562343,-0.21927452087402344,-0.16684186458587646,0.1759016003478564,-0.26182955503463745,-0.18911248445510864,0.1719602581132449,-0.29544034600257874,-0.21139204502105713,0.16273700557837856,-0.16142940521240234,-0.05008143186569214,0.12337681763062847,-0.21481049060821533,-0.07891422510147095,0.16474592052588832,-0.24645668268203735,-0.0992436408996582,0.1659959938396014,-0.26842600107192993,-0.12446039915084839,0.16009875498900783,-0.15297263860702515,0.03730100393295288,0.11277552806029689,-0.19728240370750427,0.023371219635009766,0.15085379146228206,-0.22197061777114868,0.006462156772613525,0.1689036127198733,-0.23829475045204163,-0.018600761890411377,0.17676401995311153
STOP,0.0,0.0,0.0,-0.005951941013336182,-0.22938299179077148,-0.014345607096629465,-0.031530678272247314,-0.3795393407344818,0.0019529060643890261,-0.048878490924835205,-0.49825769662857056,0.008363540908021605,-0.06127786636352539,-0.6025179922580719,0.01776712263904301,-0.15789508819580078,-0.2873222529888153,0.17269079077027527,-0.22739756107330322,-0.33811521530151367,0.2322796999194452,-0.27254003286361694,-0.36488214135169983,0.2555635838486978,-0.3044201135635376,-0.376044362783432,0.27118733215115753,-0.18906110525131226,-0.19694802165031433,0.18385809349797455,-0.269347220659256,-0.2421168088912964,0.26807450938008515,-0.3188270926475525,-0.274215966463089,0.29843029069684235,-0.35739201307296753,-0.2991812229156494,0.3195911912896463,-0.20902115106582642,-0.10718667507171631,0.17914192068360535,-0.27818870544433594,-0.144301176071167,0.25184490966580597,-0.3112512230873108,-0.1757258176803589,0.28633978652737824,-0.3348546028137207,-0.20775896310806274,0.3070092468240091,-0.214036226272583,-0.007260560989379883,0.16444869029305664,-0.26737600564956665,-0.031149059534072876,0.22680270361684052,-0.29396727681159973,-0.05594789981842041,0.26620256590626923,-0.3116310238838196,-0.08245447278022766,0.29440003323338715
STOP,0.0,0.0,0.0,-0.011220753192901611,-0.2359985113143921,-0.009649552119640248,-0.04249000549316406,-0.3910122364759445,0.015637621568771465,-0.05732768774032593,-0.5138515830039978,0.03165032370600329,-0.07200491428375244,-0.6090102791786194,0.052229721384378536,-0.16630476713180542,-0.29116855561733246,0.18823851300987826,-0.23889440298080444,-0.3441166281700134,0.2528284306696378,-0.28083956241607666,-0.3719489425420761,0.27671743585381137,-0.31373411417007446,-0.38107991218566895,0.29226453258308993,-0.19712191820144653,-0.19739654660224915,0.20146479858669863,-0.27652880549430847,-0.24184101819992065,0.2880590374639951,-0.32521602511405945,-0.27778360247612,0.31698198272499667,-0.3640594482421875,-0.30651575326919556,0.3366807515791379,-0.21686798334121704,-0.10748639702796936,0.19915324105534182,-0.28464752435684204,-0.13636010885238647,0.27906031562599765,-0.31751489639282227,-0.1722642481327057,0.3202174718550168,-0.34117668867111206,-0.2106558382511139,0.3441459651163541,-0.2226012945175171,-0.001801908016204834,0.18652401520523654,-0.2725224494934082,-0.019224226474761963,0.25855417205605136,-0.2997508645057678,-0.042728304862976074,0.3059410865477048,-0.31570616364479065,-0.06815230846405029,0.3387203927210294
STOP,0.0,0.0,0.0,-0.014311254024505615,-0.23106598854064941,0.0027300367988800645,-0.04996758699417114,-0.37740448117256165,0.03880481463113483,-0.0750536322593689,-0.49339577555656433,0.06361298676768001,-0.09014725685119629,-0.5806901156902313,0.09102566208878216,-0.17250221967697144,-0.27790382504463196,0.2023909729365414,-0.24805516004562378,-0.3222945034503937,0.27056014951506313,-0.2901242673397064,-0.3470946252346039,0.29898047860899624,-0.32816082239151,-0.35375311970710754,0.3158216517809933,-0.203169047832489,-0.18548321723937988,0.21094038006106075,-0.28589028120040894,-0.21645435690879822,0.29500446137228664,-0.33213096857070923,-0.24284067749977112,0.3254295628909176,-0.37206828594207764,-0.2613283395767212,0.3463215869311398,-0.21814918518066406,-0.09686887264251709,0.20444153662958797,-0.29028815031051636,-0.11964315176010132,0.2738880854491299,-0.3199221193790436,-0.14172542095184326,0.31455356296339687,-0.34011632204055786,-0.16774046421051025,0.34113902267256435,-0.21411919593811035,0.003180384635925293,0.18957756873408016,-0.2730410099029541,-0.01710689067840576,0.2516029816512173,-0.29497912526130676,-0.03132075071334839,0.29703578766623195,-0.30986887216567993,-0.049277544021606445,0.3303722482565945
STOP,0.0,0.0,0.0,-0.019031822681427002,-0.2189534306526184,0.00928419430942995,-0.054201722145080566,-0.35485607385635376,0.04979310997964603,-0.08299136161804199,-0.4622460603713989,0.07987999984266025,-0.09748858213424683,-0.5437546372413635,0.1125826320910619,-0.16857939958572388,-0.2619152069091797,0.2011434144640134,-0.2388157844543457,-0.2935625910758972,0.271797419276254,-0.2804637551307678,-0.3094310760498047,0.3040927357340024,-0.31312739849090576,-0.3134020268917084,0.32607567378522617,-0.19303840398788452,-0.16551274061203003,0.21152940460683567,-0.2693377137184143,-0.192823588848114,0.3023717112207578,-0.3168647289276123,-0.21696901321411133,0.3393093354368375,-0.35478442907333374,-0.23586654663085938,0.3665976531171964,-0.20526552200317383,-0.07939469814300537,0.20818163522721989,-0.2710390090942383,-0.10065531730651855,0.2844978875780271,-0.3035529851913452,-0.1265971064567566,0.32954725691320164,-0.32448267936706543,-0.15417945384979248,0.36021253534795505,-0.2043818235397339,0.023088812828063965,0.19722740420343143,-0.25569871068000793,0.005422234535217285,0.26085800000669224,-0.28077036142349243,-0.01311647891998291,0.3068628317976163,-0.2978883981704712,-0.03562009334564209,0.3428186185026334
STOP,0.0,0.0,0.0,-0.011873304843902588,-0.21714121103286743,-0.004646438613121973,-0.04910367727279663,-0.3520349860191345,0.02042354226898624,-0.07791405916213989,-0.4607909619808197,0.037708635934109225,-0.09399211406707764,-0.5477542281150818,0.05923317328881694,-0.17155134677886963,-0.26554304361343384,0.16214600534033252,-0.24470371007919312,-0.3081974685192108,0.21524435610365344,-0.2868672013282776,-0.3277795612812042,0.23264396519255115,-0.31935060024261475,-0.33155131340026855,0.24332413405966236,-0.19861412048339844,-0.17491132020950317,0.171358737655396,-0.27771252393722534,-0.2170926332473755,0.24141437143873645,-0.3269200325012207,-0.2454352080821991,0.26131208569597675,-0.3641202449798584,-0.2652876079082489,0.27406724125933124,-0.2134832739830017,-0.08740460872650146,0.16764556200098468,-0.2813822627067566,-0.11494767665863037,0.2310925456960149,-0.31674399971961975,-0.14294761419296265,0.26115562350344135,-0.34212762117385864,-0.17404812574386597,0.27800788313936664,-0.21255433559417725,0.009938538074493408,0.15587744445394947,-0.26380741596221924,-0.010261356830596924,0.21333113641333057,-0.29143184423446655,-0.030577361583709717,0.25049095184397174,-0.3099004030227661,-0.05363297462463379,0.27593674094271137
STOP,0.0,0.0,0.0,-0.005029857158660889,-0.2336936593055725,-0.005169752682832041,-0.030959248542785645,-0.37595614790916443,0.021300483331742726,-0.05343586206436157,-0.4910185635089874,0.0378665028370051,-0.06891006231307983,-0.5871709585189819,0.058422360405984364,-0.15836751461029053,-0.28030675649642944,0.19000468386775538,-0.23458963632583618,-0.3285754323005676,0.25514840318328424,-0.2775905728340149,-0.35461050271987915,0.2784438057101397,-0.30895495414733887,-0.3632519841194153,0.29224544002181574,-0.18783259391784668,-0.18712449073791504,0.20058385266429468,-0.2738378643989563,-0.2331533432006836,0.2840733451998858,-0.32312822341918945,-0.2648639976978302,0.30715664459830805,-0.35894185304641724,-0.29085102677345276,0.32101916505462214,-0.20713746547698975,-0.09596732258796692,0.19621632231837793,-0.2771608233451843,-0.12715935707092285,0.2697424812472491,-0.3142266869544983,-0.15840956568717957,0.29974987341529413,-0.3380560576915741,-0.1956070065498352,0.31541629864341303,-0.20979267358779907,0.006650090217590332,0.18298690749770685,-0.26354897022247314,-0.01857548952102661,0.2494347019351153,-0.29381975531578064,-0.04222714900970459,0.28906094266540094,-0.31162768602371216,-0.07010650634765625,0.3147300107634692
STOP,0.0,0.0,0.0,-0.015489399433135986,-0.2562181353569031,-0.008781171458053905,-0.04681366682052612,-0.41255423426628113,0.015293942710172814,-0.06830859184265137,-0.5414507687091827,0.028794547488701028,-0.08068549633026123,-0.6487019658088684,0.047468015869867486,-0.17981868982315063,-0.30873584747314453,0.20991033123971192,-0.2596427798271179,-0.35988642275333405,0.2815094571018335,-0.3056871294975281,-0.38294824957847595,0.3153656105899927,-0.3372323513031006,-0.3889472931623459,0.34079116391183106,-0.20963400602340698,-0.21201986074447632,0.22874259757043092,-0.29734984040260315,-0.25515544414520264,0.3271403293514368,-0.3479669690132141,-0.28719913959503174,0.3718533794784662,-0.3883787989616394,-0.3124080002307892,0.4072529952430841,-0.22868329286575317,-0.11728250980377197,0.22994617926121919,-0.3045302927494049,-0.15082618594169617,0.31975823449135987,-0.33782464265823364,-0.18376660346984863,0.3730581383609888,-0.3620454668998718,-0.22181275486946106,0.4093838910961267,-0.23546284437179565,-0.010036885738372803,0.2205188702249643,-0.2930101454257965,-0.03802698850631714,0.3020724933052179,-0.31752631068229675,-0.06077069044113159,0.3568367640876886,-0.3321542739868164,-0.0871438980102539,0.3981924633884546
STOP,0.0,0.0,0.0,-0.008661925792694092,-0.24079620838165283,0.008530415213613196,-0.04331541061401367,-0.3983316719532013,0.04802652782848327,-0.07087868452072144,-0.5207728147506714,0.07559081501415221,-0.0838729739189148,-0.616335928440094,0.10506587064912765,-0.1800106167793274,-0.304349422454834,0.21890157050540893,-0.25557953119277954,-0.3488718867301941,0.29853176659992187,-0.30058160424232483,-0.3709408938884735,0.3343713838522717,-0.33729976415634155,-0.3789260983467102,0.35739275402477233,-0.21130090951919556,-0.2045774757862091,0.2282470125620648,-0.2960665822029114,-0.244073748588562,0.3286561030810162,-0.34529775381088257,-0.27426138520240784,0.3667471665804669,-0.38492920994758606,-0.29802677035331726,0.393572356170921,-0.22959905862808228,-0.11116665601730347,0.22260739988735168,-0.3028446435928345,-0.13887256383895874,0.3067736286585614,-0.3380664587020874,-0.16733920574188232,0.3502482730810925,-0.35998430848121643,-0.19738948345184326,0.3785809833472058,-0.23258674144744873,-0.0007886886596679688,0.2087441194718167,-0.28920769691467285,-0.024940907955169678,0.2828458804552838,-0.31557324528694153,-0.04936867952346802,0.3314369577830121,-0.33239465951919556,-0.07143229246139526,0.36733203715732543
STOP,0.0,0.0,0.0,-0.02361196279525757,-0.22283858060836792,0.0027558934735907314,-0.06320619583129883,-0.3634685277938843,0.037161249513815164,-0.09147793054580688,-0.4809533357620239,0.060930590923021555,-0.11020147800445557,-0.5687179267406464,0.08726006358403993,-0.19385719299316406,-0.27231860160827637,0.2006499057962401,-0.2673812210559845,-0.30880850553512573,0.2691536432458861,-0.30975043773651123,-0.32496365904808044,0.2975008076383574,-0.34366941452026367,-0.32653436064720154,0.3165938740922911,-0.21913021802902222,-0.17465311288833618,0.21038373171825242,-0.2999085783958435,-0.20750224590301514,0.2989760225965483,-0.3491857349872589,-0.23386281728744507,0.3322136288835509,-0.38844364881515503,-0.25390467047691345,0.3567962831212981,-0.2322986125946045,-0.08534842729568481,0.20533033072490525,-0.3039422631263733,-0.10958552360534668,0.2786031252099974,-0.33836013078689575,-0.13786232471466064,0.3219533151342375,-0.3594280481338501,-0.16741842031478882,0.35172360002536607,-0.23090291023254395,0.02042412757873535,0.19190279006500077,-0.2877289652824402,-0.0023804306983947754,0.25320662915248704,-0.3167876601219177,-0.02530616521835327,0.29896994292278123,-0.3358573913574219,-0.05027925968170166,0.3350319153024657
STOP,0.0,0.0,0.0,-0.00881493091583252,-0.23249775171279907,0.0016521809620826389,-0.042213618755340576,-0.3782486319541931,0.03155529608466168,-0.0693507194519043,-0.4963994324207306,0.0516198213908865,-0.08194518089294434,-0.5836483836174011,0.07502072413899441,-0.16888123750686646,-0.287821888923645,0.1786274175856306,-0.245317280292511,-0.3307071626186371,0.23735387732722302,-0.290316104888916,-0.35188978910446167,0.25963965167738934,-0.32421207427978516,-0.3576066493988037,0.27427354564406414,-0.19844812154769897,-0.19161123037338257,0.18792298545577069,-0.27951860427856445,-0.23247212171554565,0.2646182488415434,-0.3276609778404236,-0.2603394091129303,0.2922657143089964,-0.3658558428287506,-0.28197726607322693,0.3121975671265318,-0.21616816520690918,-0.10256171226501465,0.1837953489039137,-0.286178320646286,-0.13310617208480835,0.2531201850388243,-0.322883665561676,-0.16431188583374023,0.2919065069172575,-0.35022759437561035,-0.19739031791687012,0.3164658855412199,-0.21813827753067017,-0.0005363225936889648,0.171637923619528,-0.2715924084186554,-0.023437559604644775,0.23340460767485638,-0.30061519145965576,-0.04437631368637085,0.27638962974288006,-0.3187442719936371,-0.06777894496917725,0.30798238625266094
STOP,0.0,0.0,0.0,-0.011803746223449707,-0.24672549962997437,-0.003070970153316921,-0.04979795217514038,-0.4047885239124298,0.02364169331838184,-0.07325601577758789,-0.5334219336509705,0.03967100279976421,-0.08737504482269287,-0.6407194435596466,0.059971137816205555,-0.1814696192741394,-0.29954439401626587,0.19854086908151203,-0.2592476010322571,-0.3463071584701538,0.2677044299488216,-0.3035227060317993,-0.3699578195810318,0.29451903971482807,-0.33594003319740295,-0.3775692731142044,0.31130790981103473,-0.21129578351974487,-0.20337077975273132,0.20817072960187488,-0.2979338765144348,-0.2477596402168274,0.3008404699211269,-0.34702014923095703,-0.27901196479797363,0.33210975202371174,-0.3848365247249603,-0.3029891848564148,0.3526580658798366,-0.23104339838027954,-0.10917806625366211,0.20199588211823993,-0.3050568699836731,-0.14340919256210327,0.2843750444297939,-0.34210801124572754,-0.175757497549057,0.3240114775543361,-0.3683607876300812,-0.21180492639541626,0.3461835113411098,-0.23539668321609497,-0.0028681159019470215,0.18622002276231342,-0.29125022888183594,-0.027756690979003906,0.25920442017365986,-0.3189646005630493,-0.051740050315856934,0.3052550283317714,-0.33802735805511475,-0.07832187414169312,0.3366165486221462
STOP,0.0,0.0,0.0,-0.00950324535369873,-0.26602745056152344,-0.0012862977919212426,-0.04142719507217407,-0.42484012246131897,0.029812012461661652,-0.05506443977355957,-0.5584114193916321,0.04788987397932942,-0.06440389156341553,-0.669160395860672,0.07068955957674916,-0.18972313404083252,-0.31260113418102264,0.22849362402939732,-0.26608163118362427,-0.36442700028419495,0.30651127606415685,-0.31152623891830444,-0.39115768671035767,0.3421336641886228,-0.34192878007888794,-0.4001614600419998,0.36737402587914403,-0.21804159879684448,-0.21380454301834106,0.24139670341992314,-0.3026617169380188,-0.26032477617263794,0.34475167900109227,-0.3534376621246338,-0.29616591334342957,0.388883226213693,-0.39034876227378845,-0.32357117533683777,0.4227291277029508,-0.23569244146347046,-0.11882799863815308,0.23563606351399358,-0.3105352520942688,-0.15553447604179382,0.3251481285669797,-0.3488658368587494,-0.19032883644104004,0.37543573289894994,-0.37571829557418823,-0.229958176612854,0.4092820516207212,-0.23972594738006592,-0.009107410907745361,0.21938891023182805,-0.29893767833709717,-0.03456670045852661,0.2953288188555234,-0.33050185441970825,-0.0582827627658844,0.3450291386225217,-0.3515666127204895,-0.08552047610282898,0.3832119932749265
STOP,0.0,0.0,0.0,-0.00832134485244751,-0.24114388227462769,-0.0014346474158628553,-0.042852580547332764,-0.41086728870868683,0.027706737692369643,-0.07471102476119995,-0.5458120852708817,0.04797790112615985,-0.09650182723999023,-0.642316609621048,0.07201809349180621,-0.193526029586792,-0.31185466051101685,0.18705088558317584,-0.2647305130958557,-0.36221759021282196,0.25428693654657764,-0.3055492639541626,-0.3868563324213028,0.2800835883867876,-0.3383297920227051,-0.3962635397911072,0.29637979629160327,-0.2262834906578064,-0.20919010043144226,0.20011424186350268,-0.30596262216567993,-0.24930813908576965,0.287484399105324,-0.35146602988243103,-0.2769473195075989,0.31862842204691333,-0.3927861154079437,-0.30388689041137695,0.3394952035200731,-0.2460055947303772,-0.11180990934371948,0.19981548848272723,-0.3145316243171692,-0.14518845081329346,0.2787357187521593,-0.34817880392074585,-0.17741850018501282,0.3249918437254564,-0.37051090598106384,-0.2107854187488556,0.35330017569185657,-0.24965274333953857,-0.0010233521461486816,0.19086798193575305,-0.30083566904067993,-0.028715014457702637,0.26362120273233813,-0.3278353810310364,-0.05469167232513428,0.31647684338213367,-0.3416631817817688,-0.0792531967163086,0.3545953548205034
STOP,0.0,0.0,0.0,-0.014127612113952637,-0.232381671667099,0.010032587128421255,-0.04588615894317627,-0.37962856888771057,0.051670283454200217,-0.07138025760650635,-0.4978574067354202,0.08132927157237191,-0.09191614389419556,-0.5845447331666946,0.11313222386195321,-0.1801174283027649,-0.2890804409980774,0.22098131515338082,-0.2532810568809509,-0.32883596420288086,0.29959259964778084,-0.29540008306503296,-0.3474567234516144,0.3333560381109919,-0.33213257789611816,-0.3510931730270386,0.3553089056189265,-0.20792734622955322,-0.19136279821395874,0.23146842457606454,-0.2874472141265869,-0.22577530145645142,0.3300034854586329,-0.3361230194568634,-0.25398725271224976,0.3671634946043696,-0.37773993611335754,-0.2766686677932739,0.39362712241961617,-0.22433435916900635,-0.09987562894821167,0.22712346948935647,-0.29316848516464233,-0.1284986138343811,0.30941532589747567,-0.32715511322021484,-0.1561727523803711,0.35589586235835213,-0.3505304157733917,-0.18672257661819458,0.3867993805582728,-0.2270621657371521,0.007489919662475586,0.21476633884265084,-0.2830272316932678,-0.01772332191467285,0.2855097506220545,-0.30906644463539124,-0.04102730751037598,0.335865483063003,-0.32764166593551636,-0.06774187088012695,0.3739586923296656
STOP,0.0,0.0,0.0,-0.019314467906951904,-0.20691955089569092,-0.0018202426417701645,-0.05224210023880005,-0.3405721187591553,0.031903436729407986,-0.07853209972381592,-0.4449523687362671,0.05680707688043185,-0.09532195329666138,-0.5263558626174927,0.08474393034884997,-0.1723753809928894,-0.2434709072113037,0.1909036248416669,-0.2422543168067932,-0.27483922243118286,0.25757325286576815,-0.2840648591518402,-0.2928081154823303,0.2859956979245908,-0.31598544120788574,-0.2990657687187195,0.30473068947503634,-0.19253689050674438,-0.14544743299484253,0.20369691247651645,-0.2688117027282715,-0.17162346839904785,0.2886684298009641,-0.31703686714172363,-0.19643741846084595,0.31928218002030917,-0.35590946674346924,-0.21878761053085327,0.3411453127355344,-0.20271742343902588,-0.058255136013031006,0.20189837212274142,-0.2683751881122589,-0.07949209213256836,0.2716427504510648,-0.3035517930984497,-0.1045384407043457,0.3084542214364774,-0.32737746834754944,-0.13461536169052124,0.3330207824201352,-0.19954073429107666,0.04131746292114258,0.1919114499778516,-0.250804603099823,0.026621997356414795,0.25046632284829684,-0.27791455388069153,0.010551989078521729,0.2908626853914029,-0.2969466745853424,-0.011666715145111084,0.321790909716583
STOP,0.0,0.0,0.0,-0.020049750804901123,-0.21091902256011963,-0.008297240621459423,-0.05473238229751587,-0.3399949073791504,0.023813375011968674,-0.07949262857437134,-0.4386250376701355,0.04803250238387591,-0.09597945213317871,-0.5189783573150635,0.07619922116487032,-0.16140258312225342,-0.24071604013442993,0.18500282868831164,-0.2306498885154724,-0.27906370162963867,0.2538307110974074,-0.2742314338684082,-0.2975943088531494,0.28426102802245623,-0.30587488412857056,-0.30366718769073486,0.3042258422085524,-0.1825760006904602,-0.14761948585510254,0.20049848660914904,-0.25621646642684937,-0.17992687225341797,0.2897634606072188,-0.3061032295227051,-0.20403027534484863,0.32566873237578875,-0.3448300063610077,-0.22269296646118164,0.3513333897301436,-0.1952562928199768,-0.06125563383102417,0.2004356335112334,-0.2593510150909424,-0.08144813776016235,0.27548722431151873,-0.29416394233703613,-0.1056981086730957,0.3168355326363326,-0.3218691051006317,-0.13389503955841064,0.34349221989600665,-0.1963478922843933,0.039016127586364746,0.1908761213728667,-0.24422723054885864,0.028954267501831055,0.2529283265778304,-0.2707242965698242,0.012582719326019287,0.29442749425857073,-0.2910987138748169,-0.012013912200927734,0.3251287440964461
STOP,0.0,0.0,0.0,-0.0068849921226501465,-0.21868294477462769,-0.0013871401662299832,-0.04058903455734253,-0.3482816219329834,0.025067044503771285,-0.07425910234451294,-0.45247283577919006,0.04319832482167385,-0.09029984474182129,-0.5328433215618134,0.06439881779976986,-0.15988022089004517,-0.25607454776763916,0.16016975798436306,-0.23288565874099731,-0.2957116961479187,0.2112599835617175,-0.273384690284729,-0.31459861993789673,0.2260815874559512,-0.30708205699920654,-0.31963175535202026,0.23413082220383785,-0.1893104910850525,-0.1669750213623047,0.1692626700622668,-0.26687926054000854,-0.20260602235794067,0.23641162373849056,-0.3117457330226898,-0.22763997316360474,0.2537229732496371,-0.34893983602523804,-0.24628227949142456,0.26385814704724453,-0.206723153591156,-0.08220487833023071,0.16624545314141415,-0.2736663818359375,-0.11048233509063721,0.22940611102410458,-0.3061726689338684,-0.13706880807876587,0.25822255768605373,-0.331167995929718,-0.1679263710975647,0.2732755915147891,-0.20775538682937622,0.015797853469848633,0.15586721160241268,-0.2566995620727539,-0.004713773727416992,0.2138607279283633,-0.2825861871242523,-0.021998465061187744,0.2507658676130404,-0.2975994944572449,-0.04366028308868408,0.2754164413435092
STOP,0.0,0.0,0.0,-0.00895315408706665,-0.2175028920173645,-0.008729386172149134,-0.03605693578720093,-0.3542024791240692,0.012170561560537863,-0.058843374252319336,-0.46363750100135803,0.024184360140111494,-0.07504689693450928,-0.5512389838695526,0.03934995547786002,-0.1609911322593689,-0.2744554877281189,0.15887872219934707,-0.23080652952194214,-0.3249015510082245,0.20954787076368575,-0.27170485258102417,-0.3468959629535675,0.22471099437132125,-0.30449360609054565,-0.354557603597641,0.2335369968499208,-0.1908290982246399,-0.18751084804534912,0.16678329647436385,-0.27148890495300293,-0.23212921619415283,0.2357952976311708,-0.31725427508354187,-0.2591173052787781,0.25483059228315597,-0.3538094758987427,-0.28095465898513794,0.2661295765723253,-0.2105165719985962,-0.09857040643692017,0.1610735142315889,-0.2788870930671692,-0.13075947761535645,0.2209601187790895,-0.31031668186187744,-0.159040629863739,0.24945307613268142,-0.33130860328674316,-0.18943601846694946,0.2652711206759477,-0.2141239047050476,0.0009259581565856934,0.1468593114699388,-0.2668033838272095,-0.02328336238861084,0.19998184681787734,-0.29177260398864746,-0.046275436878204346,0.23664934278383498,-0.30680519342422485,-0.07354944944381714,0.26175766528501754
STOP,0.0,0.0,0.0,-0.005398690700531006,-0.2301836609840393,-0.00577059750207809,-0.0359002947807312,-0.37653885781764984,0.019738827936862435,-0.059343576431274414,-0.48794302344322205,0.03668013691208216,-0.07294046878814697,-0.5789105892181396,0.057369348697875466,-0.17300719022750854,-0.28569021821022034,0.17264962672493311,-0.2465815544128418,-0.3343799114227295,0.23273472964069697,-0.29254525899887085,-0.35477137565612793,0.25544247507355067,-0.3278976082801819,-0.3595721125602722,0.2703943002154574,-0.2036590576171875,-0.19101732969284058,0.1825942891766772,-0.2842622399330139,-0.24015384912490845,0.26337075709602686,-0.33713871240615845,-0.271316260099411,0.2914666879107699,-0.3763490319252014,-0.2935793399810791,0.31115964531204554,-0.2226046919822693,-0.10010987520217896,0.17840965568325373,-0.29542648792266846,-0.13319748640060425,0.2494410771062121,-0.3320954442024231,-0.16454553604125977,0.285045241110538,-0.35758543014526367,-0.19653648138046265,0.30709502577087733,-0.22724974155426025,0.006130397319793701,0.16532555698654505,-0.28226566314697266,-0.019101083278656006,0.22802675246498438,-0.3121178150177002,-0.0427669882774353,0.2692603218486056,-0.33104392886161804,-0.06718748807907104,0.2991046059062228
STOP,0.0,0.0,0.0,2.5331974029541016e-05,-0.2487637996673584,0.01415376248667144,-0.024473190307617188,-0.3915919065475464,0.0577922461078515,-0.04707759618759155,-0.4988895058631897,0.08844090602258348,-0.0672028660774231,-0.5776668787002563,0.12274195602992677,-0.15452462434768677,-0.28195956349372864,0.22464117756942414,-0.2299264669418335,-0.3313014507293701,0.2997523134098401,-0.2748066782951355,-0.3571714460849762,0.3317419772491803,-0.30683743953704834,-0.3647203892469406,0.35368569544414186,-0.18953418731689453,-0.1855863630771637,0.2329546695099225,-0.2722681164741516,-0.2298375964164734,0.32875888398746156,-0.3228776454925537,-0.2604618966579437,0.3642350023136487,-0.3621620535850525,-0.28266197443008423,0.3905707185612073,-0.21274453401565552,-0.09651702642440796,0.22645868710139894,-0.28553515672683716,-0.12618792057037354,0.3102445786342969,-0.32057511806488037,-0.15857303142547607,0.3562787955150952,-0.34391966462135315,-0.19579505920410156,0.38639231375316285,-0.2186216115951538,0.010363638401031494,0.2118946348772397,-0.274478554725647,-0.01636260747909546,0.2856536989555707,-0.300588995218277,-0.038053035736083984,0.3359517937050214,-0.31566834449768066,-0.0639573335647583,0.3732229357109418
STOP,0.0,0.0,0.0,-0.015978097915649414,-0.2074141502380371,-0.008196444054192398,-0.05949091911315918,-0.34471672773361206,0.018366779397183564,-0.09404563903808594,-0.4582400321960449,0.03646598682826152,-0.11920297145843506,-0.5368216633796692,0.057220763723307755,-0.18090832233428955,-0.2430417537689209,0.1584617711705505,-0.26006150245666504,-0.2805904150009155,0.20834194795315852,-0.3074691891670227,-0.30689942836761475,0.2247428067130386,-0.35088324546813965,-0.3121168613433838,0.23242939190095058,-0.2088838815689087,-0.15367424488067627,0.16353919283574214,-0.30384907126426697,-0.18702316284179688,0.2236715324324905,-0.3560348153114319,-0.21789807081222534,0.2378583170575439,-0.4048768877983093,-0.23843276500701904,0.24585572556679836,-0.2201036810874939,-0.07444369792938232,0.1552717007798492,-0.30006447434425354,-0.09031736850738525,0.20142475442116847,-0.33481985330581665,-0.1125485897064209,0.22193715647881618,-0.36208343505859375,-0.13626885414123535,0.2339847751063644,-0.21109336614608765,0.009865999221801758,0.13944797889416805,-0.2785298228263855,0.008809566497802734,0.1770927228135406,-0.3053930401802063,0.0018451213836669922,0.2053147323531448,-0.3250727951526642,-0.00936734676361084,0.22596900836651912
STOP,0.0,0.0,0.0,-0.003884255886077881,-0.1948961615562439,-0.022014249481571824,-0.03819096088409424,-0.3328041434288025,-0.010502457984102875,-0.07278281450271606,-0.44406116008758545,-0.004141097788078696,-0.08778965473175049,-0.5286552011966705,0.0035042482033986744,-0.15712738037109375,-0.2488366961479187,0.1006369270455707,-0.22967404127120972,-0.2889714241027832,0.12391865775703081,-0.2730650305747986,-0.3077073097229004,0.11753492579578051,-0.31317663192749023,-0.3186999559402466,0.10827352628825793,-0.1850222945213318,-0.16309118270874023,0.10440699533342013,-0.2697691321372986,-0.20643311738967896,0.13212471977590212,-0.32559213042259216,-0.23679298162460327,0.11760259941934237,-0.37396544218063354,-0.2644498348236084,0.10125328377603182,-0.19983845949172974,-0.07973611354827881,0.09723480568050036,-0.27189162373542786,-0.11232781410217285,0.11737414971707949,-0.3058217167854309,-0.13888472318649292,0.10895724371789584,-0.3292396068572998,-0.1673707365989685,0.09830865041135439,-0.20287680625915527,0.011466622352600098,0.08373732642053255,-0.25716620683670044,-0.009978234767913818,0.10454064384816775,-0.28558579087257385,-0.02688300609588623,0.11338127926705965,-0.30174556374549866,-0.0504077672958374,0.11519610659001955
STOP,0.0,0.0,0.0,-0.017592549324035645,-0.21431714296340942,-0.00633598494312082,-0.037177085876464844,-0.34330737590789795,0.016787171336204665,-0.05918681621551514,-0.4259314239025116,0.031415920676977294,-0.0769612193107605,-0.501223623752594,0.04889027399042334,-0.17594575881958008,-0.3125612735748291,0.14565258842924322,-0.2460637092590332,-0.3726156949996948,0.19247202199915137,-0.2904534339904785,-0.3980514109134674,0.2030431292674848,-0.33115750551223755,-0.41450056433677673,0.2070832960031339,-0.20607852935791016,-0.22533482313156128,0.15181174499014105,-0.2869035601615906,-0.28348013758659363,0.21121802550771918,-0.33837562799453735,-0.31650158762931824,0.21617817503431525,-0.378676176071167,-0.3500477969646454,0.21486422044256415,-0.22319310903549194,-0.13528087735176086,0.1466241441390821,-0.28997331857681274,-0.1864895224571228,0.19913190227964606,-0.3263776898384094,-0.22039103507995605,0.20835628730276312,-0.35339248180389404,-0.25911933183670044,0.20920250934580054,-0.22511202096939087,-0.025562584400177002,0.13445019346693243,-0.28270620107650757,-0.06415426731109619,0.1832697055957624,-0.31341588497161865,-0.09117275476455688,0.20863166076162543,-0.3344152271747589,-0.1244966983795166,0.22331247848489966
STOP,0.0,0.0,0.0,0.012086629867553711,-0.2165793776512146,-0.010467602430139777,0.001141965389251709,-0.3718228042125702,0.012161961266542676,-0.016778767108917236,-0.46703022718429565,0.029267373936022523,-0.016847670078277588,-0.5476422905921936,0.04889943587943435,-0.16763246059417725,-0.3165389895439148,0.13359998303815246,-0.2457231879234314,-0.3914860785007477,0.17676293987199188,-0.2935449481010437,-0.4208800494670868,0.18350733953877807,-0.3343896269798279,-0.4407168924808502,0.18438045817777038,-0.20611435174942017,-0.22313708066940308,0.14215020972653747,-0.29583728313446045,-0.2850046008825302,0.1964031173603189,-0.3521385192871094,-0.32376253604888916,0.19370409983559966,-0.39324259757995605,-0.3564223647117615,0.18652740258141876,-0.23163199424743652,-0.12462002038955688,0.1408376558439386,-0.30793988704681396,-0.1705089509487152,0.1891190870420587,-0.34780555963516235,-0.2083703875541687,0.1924619688408029,-0.3721742630004883,-0.24741147458553314,0.1888425214903009,-0.2358679175376892,-0.010101318359375,0.13304214316769958,-0.29889512062072754,-0.04377257823944092,0.17852452534600616,-0.32834145426750183,-0.07437151670455933,0.2018682225362909,-0.34662091732025146,-0.11234518885612488,0.21493221956654907
ME,0.0,0.0,0.0,0.022298574447631836,-0.09160071611404419,-0.03545096641655654,-0.006284534931182861,-0.2634814977645874,-0.05550685649986953,-0.09720462560653687,-0.32274192571640015,-0.07502487054343909,-0.1749308705329895,-0.28182440996170044,-0.09036449095483512,-0.11877530813217163,-0.3286079168319702,0.0008663696654362951,-0.1508292555809021,-0.3940829634666443,-0.031010446457822027,-0.1663440465927124,-0.43783408403396606,-0.03796532130118102,-0.18292975425720215,-0.48247435688972473,-0.0398543191539833,-0.17876434326171875,-0.25671207904815674,-0.001572131964076462,-0.18875020742416382,-0.32396411895751953,-0.04386381929989547,-0.10711520910263062,-0.2347986102104187,-0.0363980730461666,-0.11674392223358154,-0.21793973445892334,-0.016369418560225668,-0.2132725715637207,-0.18427151441574097,-0.011722161753732863,-0.22148334980010986,-0.23192644119262695,-0.07152369370933265,-0.13689804077148438,-0.15950876474380493,-0.043788013367612066,-0.14717954397201538,-0.1325371265411377,-0.010042498207349482,-0.24462831020355225,-0.094260573387146,-0.02357163591559619,-0.24507659673690796,-0.14928823709487915,-0.0625370939659664,-0.17833513021469116,-0.1019933819770813,-0.03820284953590125,-0.1846538782119751,-0.07114094495773315,-0.010713287948329153
ME,0.0,0.0,0.0,0.027724802494049072,-0.10535800457000732,-0.028666223371335064,0.010405182838439941,-0.2719491124153137,-0.04296049193472484,-0.07205730676651001,-0.34313249588012695,-0.059697949299522435,-0.15074223279953003,-0.33110445737838745,-0.07365987167687038,-0.08242207765579224,-0.3310703635215759,0.010913961594990695,-0.11586493253707886,-0.41984593868255615,-0.015731438035079037,-0.13474804162979126,-0.47459352016448975,-0.019597300300308262,-0.15250897407531738,-0.5221017301082611,-0.020121618146010434,-0.14212459325790405,-0.2699931263923645,0.005129323368958438,-0.15642940998077393,-0.35495513677597046,-0.03790066481561283,-0.08431512117385864,-0.2584800124168396,-0.03328836799592594,-0.09094417095184326,-0.22899746894836426,-0.01425062769085983,-0.1816009283065796,-0.2070581316947937,-0.007803929010339772,-0.191078782081604,-0.2758328914642334,-0.06923753486008266,-0.11446428298950195,-0.19421523809432983,-0.046215285519071614,-0.12470310926437378,-0.1576319932937622,-0.013985712053187882,-0.2212420105934143,-0.12695437669754028,-0.021788503015347516,-0.2239760160446167,-0.20249783992767334,-0.06365742252201656,-0.1656453013420105,-0.15283364057540894,-0.043138966867633854,-0.17216849327087402,-0.1137743592262268,-0.017656595418163334
ME,0.0,0.0,0.0,0.033301591873168945,-0.10768109560012817,-0.028003606662039715,0.01770949363708496,-0.28318023681640625,-0.039317343100790936,-0.06989806890487671,-0.36122918128967285,-0.053024287983660656,-0.14965951442718506,-0.33833301067352295,-0.06489234761882301,-0.07034462690353394,-0.33415937423706055,0.013271511815602821,-0.10025596618652344,-0.4266700744628906,-0.008104263521616417,-0.11789673566818237,-0.48089534044265747,-0.009959443189089257,-0.1389368176460266,-0.530161440372467,-0.010902022659664112,-0.13200277090072632,-0.2795581817626953,0.008543186172957462,-0.14267998933792114,-0.362005352973938,-0.029710098817830044,-0.07533818483352661,-0.2586117386817932,-0.02528983326244827,-0.08541136980056763,-0.2297617793083191,-0.007496706392501551,-0.1717737913131714,-0.22139191627502441,-0.002668913869072753,-0.18543732166290283,-0.2895299196243286,-0.06052439258981224,-0.11076897382736206,-0.20061135292053223,-0.03982819215941902,-0.12095475196838379,-0.1627492904663086,-0.009806851573173958,-0.21284908056259155,-0.14654028415679932,-0.014594617947821575,-0.21888500452041626,-0.22073137760162354,-0.053644597247128445,-0.16365426778793335,-0.16753727197647095,-0.03370198206592079,-0.1684267520904541,-0.12901264429092407,-0.009543190427010018
ME,0.0,0.0,0.0,0.02424454689025879,-0.12222921848297119,-0.02132421621883651,0.008871018886566162,-0.281358540058136,-0.031077598052270616,-0.06679391860961914,-0.35200339555740356,-0.0443466108461692,-0.1432395577430725,-0.3288305997848511,-0.055536108853466715,-0.07369393110275269,-0.32824742794036865,0.01720744108950356,-0.10322117805480957,-0.41742753982543945,-0.0034854666499271048,-0.1152462363243103,-0.47188496589660645,-0.007717749865896906,-0.13184142112731934,-0.5236311256885529,-0.01092373097146293,-0.13018286228179932,-0.27480393648147583,0.008936060761861597,-0.1414816975593567,-0.3544800877571106,-0.025746638717301096,-0.07735556364059448,-0.2602553367614746,-0.02245572099293014,-0.08534634113311768,-0.23539793491363525,-0.008021950552411283,-0.16891354322433472,-0.21646958589553833,-0.0055349514057709825,-0.17937225103378296,-0.2827954888343811,-0.05813493842089912,-0.10935753583908081,-0.20219171047210693,-0.03928853461349746,-0.1204034686088562,-0.1695297360420227,-0.012736442329533304,-0.20763885974884033,-0.14289110898971558,-0.02076451184058925,-0.2117377519607544,-0.21456480026245117,-0.05647253135050079,-0.16097986698150635,-0.1691988706588745,-0.03814325744117042,-0.16968053579330444,-0.1344008445739746,-0.016611927019603456
ME,0.0,0.0,0.0,0.029111027717590332,-0.10696429014205933,-0.02623261261497234,0.011572182178497314,-0.27945762872695923,-0.035922196989400135,-0.07477855682373047,-0.3480485677719116,-0.04648127157006954,-0.15127134323120117,-0.317008376121521,-0.053772119169575916,-0.07902759313583374,-0.326982319355011,0.013590209821717991,-0.11614656448364258,-0.41220369935035706,-0.007232882378144012,-0.12651675939559937,-0.46334850788116455,-0.01098828140412067,-0.1457270383834839,-0.5157875120639801,-0.012876260390026317,-0.13630777597427368,-0.2688291668891907,0.009811404796796097,-0.15571361780166626,-0.35016345977783203,-0.025076278781039463,-0.07983070611953735,-0.25192737579345703,-0.020044385751230465,-0.08144110441207886,-0.22294294834136963,-0.002178829691825257,-0.17395156621932983,-0.20623284578323364,9.397503426455955e-05,-0.1924925446510315,-0.26984554529190063,-0.05149215209995006,-0.11168169975280762,-0.18780845403671265,-0.027746753131491886,-0.11580073833465576,-0.1534554362297058,0.0039001763169785875,-0.2127867341041565,-0.12839937210083008,-0.01046118728582357,-0.22273015975952148,-0.1989380121231079,-0.04179844010387157,-0.16538262367248535,-0.15220504999160767,-0.017393480350715862,-0.16972112655639648,-0.11809432506561279,0.00947422877188231
ME,0.0,0.0,0.0,0.021819353103637695,-0.11052972078323364,-0.034249386072730204,0.004529416561126709,-0.2829552888870239,-0.05289551454839625,-0.08361369371414185,-0.34883108735084534,-0.0712454153901092,-0.16674083471298218,-0.31300467252731323,-0.08608528065738597,-0.0959826111793518,-0.3319486975669861,0.0021504533732183972,-0.1326439380645752,-0.4119889736175537,-0.02611839424130835,-0.1432666778564453,-0.46558690071105957,-0.033572985113238474,-0.16211086511611938,-0.5204647481441498,-0.036937469870423456,-0.15591531991958618,-0.27009785175323486,-0.00018590463801615442,-0.17255795001983643,-0.34929966926574707,-0.03901351082382121,-0.09421133995056152,-0.24965232610702515,-0.032825595021819254,-0.09937793016433716,-0.2255258560180664,-0.013989424586867472,-0.19331175088882446,-0.20071935653686523,-0.009183257140790602,-0.20874977111816406,-0.26165759563446045,-0.06663136023340144,-0.12487912178039551,-0.18020766973495483,-0.04008972483930506,-0.13136041164398193,-0.14921480417251587,-0.0058295403352133235,-0.22892087697982788,-0.1148989200592041,-0.0193351360714189,-0.23720026016235352,-0.184939444065094,-0.05434823992905535,-0.17572426795959473,-0.1383996605873108,-0.02666257906017222,-0.1796979308128357,-0.10443133115768433,0.0033899829512336055
ME,0.0,0.0,0.0,0.01959991455078125,-0.10346192121505737,-0.017283573540790798,-0.012022435665130615,-0.2599650025367737,-0.027477400171502353,-0.08803808689117432,-0.32730358839035034,-0.04149861985717607,-0.1557210087776184,-0.2870029807090759,-0.055264882537468196,-0.11151176691055298,-0.3092554807662964,0.006486902684972762,-0.14175176620483398,-0.39263737201690674,-0.011679320390268089,-0.16157031059265137,-0.4461956024169922,-0.014257098342223884,-0.1859700083732605,-0.4939182698726654,-0.017671532723053218,-0.1624266505241394,-0.24426382780075073,-0.004226637798293353,-0.17240655422210693,-0.317369282245636,-0.04026456156645608,-0.09792113304138184,-0.2310187816619873,-0.03648694211517167,-0.10133284330368042,-0.19993650913238525,-0.021669359671815158,-0.19058692455291748,-0.17691701650619507,-0.018674427437527896,-0.19708603620529175,-0.23399204015731812,-0.06958914900098634,-0.1194421648979187,-0.1640576720237732,-0.04698994362626863,-0.1256716251373291,-0.12516993284225464,-0.018817264380796672,-0.2162521481513977,-0.09537595510482788,-0.0334464980093081,-0.22019469738006592,-0.16123157739639282,-0.06739055717264009,-0.16225355863571167,-0.12233752012252808,-0.04587758684430909,-0.16483741998672485,-0.08813697099685669,-0.022647522183998348
ME,0.0,0.0,0.0,0.0041329264640808105,-0.11302632093429565,-0.025864867285804394,-0.028210878372192383,-0.2575974464416504,-0.03941928574533904,-0.10651719570159912,-0.3090593218803406,-0.05398852729888404,-0.17786598205566406,-0.2829585075378418,-0.06666232252212012,-0.12252980470657349,-0.2889149785041809,0.0011803789278701515,-0.1586679220199585,-0.36931389570236206,-0.021442357243017796,-0.17818522453308105,-0.4241269528865814,-0.02874004447551215,-0.2038702368736267,-0.47494378685951233,-0.03449657166095221,-0.17129623889923096,-0.22488313913345337,-0.004865423102842215,-0.18493741750717163,-0.3002781271934509,-0.040234334559158924,-0.11046624183654785,-0.21906298398971558,-0.03855418393106902,-0.11241906881332397,-0.18628406524658203,-0.026014230937676075,-0.19886383414268494,-0.15747547149658203,-0.01570567095370734,-0.20927441120147705,-0.22287988662719727,-0.06784779930205787,-0.1295894980430603,-0.15641134977340698,-0.04672938564510787,-0.1358182430267334,-0.11943602561950684,-0.019077345521168354,-0.2211000621318817,-0.07257348299026489,-0.027349548206643703,-0.22299474477767944,-0.14702773094177246,-0.06327397728057349,-0.16334748268127441,-0.11095011234283447,-0.04161738956065619,-0.167660653591156,-0.07336652278900146,-0.01729989962370837
ME,0.0,0.0,0.0,0.013300657272338867,-0.08867120742797852,-0.023593815904380477,-0.024258792400360107,-0.2419130802154541,-0.03704783033979098,-0.10907292366027832,-0.30027276277542114,-0.0514319733942763,-0.1798911690711975,-0.2615063190460205,-0.06379662912738482,-0.12504833936691284,-0.2835829257965088,-0.0025816710426376233,-0.16427010297775269,-0.35833680629730225,-0.026778523739697135,-0.1870039701461792,-0.40933340787887573,-0.032557804998280204,-0.21512025594711304,-0.45742955803871155,-0.036679030325533546,-0.17243775725364685,-0.21324533224105835,-0.009317840379001296,-0.18584275245666504,-0.28308504819869995,-0.045061820116163886,-0.10623335838317871,-0.19933104515075684,-0.03917082857740084,-0.11051487922668457,-0.16945785284042358,-0.023467169072748817,-0.1967889666557312,-0.14406907558441162,-0.020654755573989547,-0.2101057767868042,-0.20189732313156128,-0.07323618691814104,-0.12677234411239624,-0.1367834210395813,-0.0488401622737662,-0.13105720281600952,-0.10057103633880615,-0.019588538375021614,-0.2179216742515564,-0.062205612659454346,-0.03252043661129633,-0.22159215807914734,-0.1246986985206604,-0.06737991881024996,-0.16076445579528809,-0.08761608600616455,-0.044806131091238655,-0.16428327560424805,-0.05369746685028076,-0.020530511554600395
ME,0.0,0.0,0.0,0.011083006858825684,-0.10019069910049438,-0.03297679076350013,-0.028573155403137207,-0.2518933415412903,-0.04617303187406341,-0.11301159858703613,-0.29891425371170044,-0.05757526258385459,-0.1866914927959442,-0.2670271396636963,-0.06502047876274863,-0.1302025318145752,-0.28544682264328003,-0.006289747975829041,-0.168981671333313,-0.3597339689731598,-0.0371822262779502,-0.18997028470039368,-0.40975865721702576,-0.047152097769143975,-0.21771952509880066,-0.459900826215744,-0.05299835229671279,-0.1757737398147583,-0.21559596061706543,-0.009527969606283104,-0.19073307514190674,-0.2860967516899109,-0.04934423366940299,-0.10934233665466309,-0.2087816596031189,-0.044773783035638726,-0.11216181516647339,-0.18562018871307373,-0.029486929498675263,-0.20213079452514648,-0.145624041557312,-0.01962072724855224,-0.21354326605796814,-0.1987316608428955,-0.07693085024512092,-0.12859678268432617,-0.13857334852218628,-0.05367604220664779,-0.13567787408828735,-0.11214298009872437,-0.02401959101116935,-0.22119960188865662,-0.06131356954574585,-0.0313078383580474,-0.22666853666305542,-0.11975604295730591,-0.06869048575318137,-0.16460174322128296,-0.0860031247138977,-0.04653434405482093,-0.17085450887680054,-0.05227118730545044,-0.021982261411908066
ME,0.0,0.0,0.0,0.016172349452972412,-0.10752898454666138,-0.03797468557516481,-0.015625,-0.2781068980693817,-0.06361670806566622,-0.10574382543563843,-0.3337891697883606,-0.0889339970008507,-0.1881122589111328,-0.28295403718948364,-0.11232695743004228,-0.14859306812286377,-0.3214246332645416,-0.017565472196139353,-0.18069177865982056,-0.40301865339279175,-0.0557410383180752,-0.19781339168548584,-0.46492376923561096,-0.0710640029565468,-0.2260233759880066,-0.5267982184886932,-0.08131188913742449,-0.20276087522506714,-0.24440985918045044,-0.022096239174999255,-0.20022016763687134,-0.31387388706207275,-0.07195237293402101,-0.10952043533325195,-0.22945398092269897,-0.07062411322752382,-0.11778515577316284,-0.2026016116142273,-0.057094697053827304,-0.22832274436950684,-0.1634044051170349,-0.032785069342054385,-0.22077924013137817,-0.21471130847930908,-0.09835115089575197,-0.12951725721359253,-0.15113288164138794,-0.07041873797336962,-0.13918018341064453,-0.12000471353530884,-0.03696388020674135,-0.24672651290893555,-0.06630891561508179,-0.045267459149755496,-0.23617693781852722,-0.12267708778381348,-0.08808343126932527,-0.16575658321380615,-0.0906374454498291,-0.06180494665662195,-0.17144232988357544,-0.06124591827392578,-0.03296465813676264
ME,0.0,0.0,0.0,0.010662853717803955,-0.1062631607055664,-0.03803114443757494,-0.026683688163757324,-0.2716027498245239,-0.06351181715466936,-0.11681884527206421,-0.33254721760749817,-0.08985708504655321,-0.19948109984397888,-0.2797242999076843,-0.11397848129012544,-0.15947973728179932,-0.3273269534111023,-0.008773154949032858,-0.19409528374671936,-0.4094611406326294,-0.04341794773676355,-0.21142035722732544,-0.4664285182952881,-0.05429102331140001,-0.23737111687660217,-0.5231724977493286,-0.06115462481715639,-0.2120053768157959,-0.24724718928337097,-0.013397158493482664,-0.20933741331100464,-0.3113936185836792,-0.062489143011355,-0.11770832538604736,-0.22347119450569153,-0.060140120235466554,-0.13055527210235596,-0.19893419742584229,-0.044244429466509416,-0.23734614253044128,-0.1653273105621338,-0.02486331611611803,-0.22951197624206543,-0.21029263734817505,-0.09075739830472429,-0.13807004690170288,-0.14705902338027954,-0.06614848077037294,-0.15134626626968384,-0.11523634195327759,-0.034070136395477846,-0.2560841739177704,-0.06771743297576904,-0.038196670261406496,-0.24685770273208618,-0.1223410964012146,-0.08350889235475023,-0.17846307158470154,-0.08981472253799438,-0.061622498926901415,-0.18592005968093872,-0.05867564678192139,-0.034974282977366045
ME,0.0,0.0,0.0,0.005781829357147217,-0.11760711669921875,-0.04433769625285322,-0.03521013259887695,-0.2755100131034851,-0.06767872986057455,-0.11897963285446167,-0.33425086736679077,-0.09056466337898428,-0.19848811626434326,-0.2936592102050781,-0.10960457739093954,-0.153100848197937,-0.32449811697006226,-0.011949625654608553,-0.19740796089172363,-0.41510623693466187,-0.0499285113499468,-0.2176523208618164,-0.46995818614959717,-0.06262427088478262,-0.2482932209968567,-0.5274028778076172,-0.06988440719106848,-0.20223739743232727,-0.24961590766906738,-0.013224275639743155,-0.21283787488937378,-0.31658172607421875,-0.061788434951097315,-0.1283278465270996,-0.2407107949256897,-0.05947676938632185,-0.14076673984527588,-0.22404003143310547,-0.04436090108612234,-0.2303672730922699,-0.16968369483947754,-0.023098423002750224,-0.2323569655418396,-0.21692031621932983,-0.08946487572649175,-0.14565664529800415,-0.15524375438690186,-0.06772420075395758,-0.15988397598266602,-0.1287543773651123,-0.03716713455179388,-0.252925306558609,-0.07510608434677124,-0.03574224826553518,-0.24816659092903137,-0.1302201747894287,-0.08056019511678869,-0.18551528453826904,-0.09947800636291504,-0.061356379507572,-0.1956157684326172,-0.06881117820739746,-0.036980087725908106
ME,0.0,0.0,0.0,0.022579550743103027,-0.10310906171798706,-0.02226288833614376,-0.020774424076080322,-0.2701806426048279,-0.03343139433260944,-0.11391675472259521,-0.32842350006103516,-0.04804415845271137,-0.18501552939414978,-0.28953230381011963,-0.062377212876043586,-0.13767403364181519,-0.3193258047103882,-0.001941275740563242,-0.18190142512321472,-0.4027329981327057,-0.025232777306399612,-0.21426525712013245,-0.4610733091831207,-0.032953230971060066,-0.2432728409767151,-0.5089626908302307,-0.03996112414594677,-0.18745547533035278,-0.23718106746673584,-0.011009669238291053,-0.1906467080116272,-0.30045968294143677,-0.04922996305819538,-0.10745877027511597,-0.2234843373298645,-0.046615613931379585,-0.10611528158187866,-0.19162362813949585,-0.0339766911506274,-0.2086026668548584,-0.15922969579696655,-0.024374861577115325,-0.216037780046463,-0.2089633345603943,-0.07630330168601063,-0.13164573907852173,-0.1534205675125122,-0.05198875286575344,-0.1305256485939026,-0.11509871482849121,-0.02456917085643795,-0.22357824444770813,-0.06719714403152466,-0.038992708855829505,-0.2300906479358673,-0.12389564514160156,-0.07496234619017628,-0.1659184992313385,-0.09661465883255005,-0.05283735909458187,-0.1627660095691681,-0.06701278686523438,-0.029392468118629722
ME,0.0,0.0,0.0,0.01738637685775757,-0.09718585014343262,-0.02643249780787471,-0.02010345458984375,-0.2522889971733093,-0.04043281861497405,-0.10022783279418945,-0.3229445219039917,-0.05767716505481246,-0.1705952286720276,-0.2913116216659546,-0.074491545938983,-0.11583924293518066,-0.2911064624786377,-0.0018885507333123996,-0.16801798343658447,-0.3819005489349365,-0.024863567584290536,-0.19519054889678955,-0.4409758448600769,-0.03170722388578895,-0.22328805923461914,-0.48922765254974365,-0.037317723416819604,-0.16238147020339966,-0.2259119153022766,-0.00926277638329509,-0.17904990911483765,-0.3026975989341736,-0.05433082246138099,-0.10250979661941528,-0.2256251573562622,-0.05629155077888015,-0.09521573781967163,-0.18034148216247559,-0.04337241166187766,-0.18730098009109497,-0.15962189435958862,-0.02122360878540519,-0.20206928253173828,-0.2252967357635498,-0.07745751776649001,-0.12251168489456177,-0.16408228874206543,-0.05861481317235473,-0.11616212129592896,-0.11541414260864258,-0.030892195561065705,-0.2093220055103302,-0.08080214262008667,-0.03442599662496093,-0.21634602546691895,-0.14742451906204224,-0.07189589031888488,-0.15822649002075195,-0.11670005321502686,-0.05410465263678077,-0.15446490049362183,-0.07952767610549927,-0.03240397238089088
ME,0.0,0.0,0.0,0.017040908336639404,-0.10511672496795654,-0.0199256351114947,-0.020926713943481445,-0.25953686237335205,-0.028201861110492388,-0.1002916693687439,-0.320820689201355,-0.03918205554501597,-0.16944843530654907,-0.2869717478752136,-0.0490117853404719,-0.1155233383178711,-0.2892809510231018,0.003658812689618429,-0.16104555130004883,-0.38165974617004395,-0.01918938736335818,-0.18545514345169067,-0.44083017110824585,-0.026067187813087145,-0.21337422728538513,-0.493438720703125,-0.03160567189471308,-0.16169530153274536,-0.22302186489105225,-0.0053321060621875915,-0.17783653736114502,-0.30416637659072876,-0.047058701318665186,-0.1016278862953186,-0.22679460048675537,-0.046277940076752344,-0.09793859720230103,-0.18978208303451538,-0.03260251114980761,-0.18982714414596558,-0.15695422887802124,-0.018774399337335268,-0.2025546431541443,-0.22544360160827637,-0.07430994490997378,-0.12136167287826538,-0.16204357147216797,-0.052623580944700876,-0.12103009223937988,-0.12081021070480347,-0.02396502698676173,-0.21525856852531433,-0.07728403806686401,-0.03272068853394572,-0.22046297788619995,-0.14972549676895142,-0.06975991259233538,-0.16105610132217407,-0.11018431186676025,-0.04921639691011492,-0.16320866346359253,-0.07046258449554443,-0.026210741874738375
ME,0.0,0.0,0.0,0.008087754249572754,-0.11033761501312256,-0.027368182601605895,-0.019560813903808594,-0.26838773488998413,-0.045310652168666365,-0.0979955792427063,-0.3331538438796997,-0.06525876587835455,-0.17744648456573486,-0.29210782051086426,-0.084260450961267,-0.14299601316452026,-0.3160175085067749,0.0008085452195132348,-0.1709733009338379,-0.39528965950012207,-0.02741518458930159,-0.1845996379852295,-0.4496101140975952,-0.04003355121818686,-0.20956289768218994,-0.5043429434299469,-0.049363265099202636,-0.19756489992141724,-0.2483953833580017,-0.006037804117625001,-0.19211339950561523,-0.31784987449645996,-0.04049125528541708,-0.10991322994232178,-0.23292005062103271,-0.038611272635137084,-0.12087684869766235,-0.20365101099014282,-0.027295589732204917,-0.22583332657814026,-0.17225003242492676,-0.01865278212932253,-0.21624279022216797,-0.2273767590522766,-0.07094980991092825,-0.1314907670021057,-0.15775138139724731,-0.04918052843419218,-0.1454085111618042,-0.11919093132019043,-0.022106509940897467,-0.24611881375312805,-0.07636809349060059,-0.03247182285991812,-0.23296242952346802,-0.13801366090774536,-0.06710262811390066,-0.17222416400909424,-0.10638391971588135,-0.04442355251518393,-0.18243885040283203,-0.06890600919723511,-0.01965853227881098
ME,0.0,0.0,0.0,0.006660759449005127,-0.10226023197174072,-0.031639190467089406,-0.026582956314086914,-0.2569425702095032,-0.054346261622399084,-0.10086387395858765,-0.32103216648101807,-0.07841846168228983,-0.17799413204193115,-0.28558939695358276,-0.09964706570097803,-0.15302973985671997,-0.3192863464355469,-0.002765704022735349,-0.1742762327194214,-0.38722124695777893,-0.03698712408730387,-0.17964929342269897,-0.43606358766555786,-0.04972376123258471,-0.1929963231086731,-0.48882144689559937,-0.05717956096121668,-0.2093573808670044,-0.24908149242401123,-0.008852913120776407,-0.2037961483001709,-0.31428951025009155,-0.04972823158094286,-0.12165385484695435,-0.23453891277313232,-0.045729475172251455,-0.13341748714447021,-0.21846336126327515,-0.03105868965575098,-0.2396010160446167,-0.16981321573257446,-0.022136870848029844,-0.2216767966747284,-0.21623778343200684,-0.07935137868115305,-0.139154851436615,-0.15606051683425903,-0.05589344546386599,-0.15392392873764038,-0.13286727666854858,-0.02698445141503214,-0.2604216933250427,-0.0734792947769165,-0.03719384789654612,-0.23983484506607056,-0.12587952613830566,-0.07565580874869227,-0.1765124797821045,-0.09281247854232788,-0.053916493507117025,-0.1882365345954895,-0.0629805326461792,-0.028861075716108076
ME,0.0,0.0,0.0,0.0025725960731506348,-0.1150970458984375,-0.03290089296919518,-0.029024064540863037,-0.27646252512931824,-0.0569932654760521,-0.10838687419891357,-0.3429450988769531,-0.0832081184051674,-0.18692630529403687,-0.29010969400405884,-0.1076451808474701,-0.15199542045593262,-0.32409241795539856,0.0026976754162717498,-0.17682600021362305,-0.39767682552337646,-0.03403862642866784,-0.17665040493011475,-0.45502418279647827,-0.049883433457438286,-0.18673032522201538,-0.5161319971084595,-0.05838058220965081,-0.20791512727737427,-0.2503143548965454,-0.00312902692516559,-0.21681633591651917,-0.327878475189209,-0.044425175365034875,-0.12956005334854126,-0.2430434226989746,-0.041301385339323815,-0.14067476987838745,-0.21591341495513916,-0.025900707419935998,-0.23989921808242798,-0.16825944185256958,-0.016761037360851105,-0.2408428192138672,-0.2241053581237793,-0.07411592903358155,-0.15056633949279785,-0.15812379121780396,-0.048412659045283135,-0.15993350744247437,-0.12347078323364258,-0.01638675185662919,-0.2648051679134369,-0.0644305944442749,-0.03224251496416741,-0.2609393894672394,-0.12369775772094727,-0.0677785545848053,-0.19509482383728027,-0.09658551216125488,-0.04202732893449479,-0.2007741928100586,-0.06498926877975464,-0.01375427174193078
ME,0.0,0.0,0.0,0.026842832565307617,-0.10497677326202393,-0.040580263461244215,0.004086136817932129,-0.26649802923202515,-0.06438471573151361,-0.0685964822769165,-0.33935683965682983,-0.08777106004513513,-0.1454872488975525,-0.31353533267974854,-0.1092543025568844,-0.11780238151550293,-0.3377836346626282,-0.023007005553019155,-0.15300917625427246,-0.44394809007644653,-0.05822451981462251,-0.16466838121414185,-0.510232150554657,-0.07153751152313959,-0.18671733140945435,-0.5756595134735107,-0.08159231590784799,-0.176186203956604,-0.26959890127182007,-0.026716459642422308,-0.16566318273544312,-0.33999502658843994,-0.07533895420588266,-0.0862663984298706,-0.24786823987960815,-0.0735414494828106,-0.0971449613571167,-0.21943557262420654,-0.06104560020126115,-0.20867931842803955,-0.19220685958862305,-0.03738670619882356,-0.18794947862625122,-0.2417164444923401,-0.10208688127554666,-0.10813170671463013,-0.16796904802322388,-0.0820904989794613,-0.12555867433547974,-0.13678550720214844,-0.05532062249935876,-0.23233017325401306,-0.09968000650405884,-0.050226604665887464,-0.20865464210510254,-0.15516334772109985,-0.0963882227496029,-0.14839792251586914,-0.11138325929641724,-0.08002218800343286,-0.1643294095993042,-0.07578396797180176,-0.05921075316823732
ME,0.0,0.0,0.0,0.0022974014282226562,-0.12380403280258179,-0.02712784776494459,-0.02366429567337036,-0.2845759987831116,-0.043033285755967654,-0.09985768795013428,-0.3556796908378601,-0.060911911297893084,-0.1804434061050415,-0.32599717378616333,-0.07798154162273363,-0.1369316577911377,-0.32750028371810913,0.0015918099178691136,-0.1784304976463318,-0.43064212799072266,-0.029454226363753833,-0.19669044017791748,-0.5072863698005676,-0.04774682851538614,-0.2234945297241211,-0.5749869644641876,-0.060662756432151355,-0.18994945287704468,-0.2605791687965393,-0.006041057166015662,-0.2064705491065979,-0.35584086179733276,-0.047261296529626406,-0.12296414375305176,-0.269487202167511,-0.05042574064836458,-0.12358665466308594,-0.22984904050827026,-0.03927347691760019,-0.22148555517196655,-0.18758487701416016,-0.01899818027422384,-0.2351483702659607,-0.2592918276786804,-0.07102019595012621,-0.1478745937347412,-0.19172322750091553,-0.04686182247505144,-0.15291249752044678,-0.1515653133392334,-0.01590939680144743,-0.24595355987548828,-0.09156984090805054,-0.03389982016787485,-0.2516629695892334,-0.16399675607681274,-0.06627635167942003,-0.19082611799240112,-0.13643783330917358,-0.03951384754881815,-0.19545620679855347,-0.09891724586486816,-0.010812614802574672
ME,0.0,0.0,0.0,0.008553266525268555,-0.12146556377410889,-0.032163964178792526,-0.019312381744384766,-0.2760271430015564,-0.05571710091494708,-0.09116178750991821,-0.34659069776535034,-0.08277505781911998,-0.17123931646347046,-0.32150763273239136,-0.1078832313086906,-0.14502638578414917,-0.33010268211364746,-0.0038620723079958452,-0.17831778526306152,-0.43221235275268555,-0.041999829527370025,-0.19227182865142822,-0.5039723813533783,-0.057203417238227416,-0.21269261837005615,-0.5716703236103058,-0.0660847961571136,-0.1961606740951538,-0.26084500551223755,-0.01203791290932088,-0.19757074117660522,-0.3415336012840271,-0.06221999746226459,-0.1155174970626831,-0.2518104910850525,-0.060474516418210555,-0.12362200021743774,-0.2256944179534912,-0.04542759951614528,-0.2274962067604065,-0.1864156723022461,-0.027577265691391517,-0.22475838661193848,-0.25165343284606934,-0.09239003207945018,-0.14117944240570068,-0.1791989803314209,-0.06548807915710597,-0.15076535940170288,-0.14701616764068604,-0.031445322152606536,-0.2532675862312317,-0.09340119361877441,-0.04512661096119075,-0.24837321043014526,-0.16591042280197144,-0.08694820996784358,-0.1834315061569214,-0.1280980110168457,-0.06103505712412982,-0.18755275011062622,-0.09297627210617065,-0.031680890884629775
ME,0.0,0.0,0.0,0.02507251501083374,-0.1165844202041626,-0.03827881215729523,0.0044615864753723145,-0.2954992651939392,-0.0635433286301117,-0.07793575525283813,-0.37903261184692383,-0.09005648045458603,-0.16839319467544556,-0.36283040046691895,-0.11412196754135895,-0.12374037504196167,-0.38120365142822266,-0.009311236987195493,-0.14994102716445923,-0.4809730350971222,-0.04902653916396904,-0.1579926609992981,-0.5492072105407715,-0.0631502061954956,-0.16891616582870483,-0.6190078854560852,-0.07115052043118286,-0.18690913915634155,-0.31051206588745117,-0.015494142273746014,-0.1825045347213745,-0.39049583673477173,-0.0678409650794487,-0.10215979814529419,-0.2821832299232483,-0.06712810097851563,-0.11552250385284424,-0.2548379898071289,-0.05209110824980545,-0.2266128659248352,-0.23244047164916992,-0.029232883440635682,-0.21523404121398926,-0.291775643825531,-0.09820772110142517,-0.13063198328018188,-0.20606261491775513,-0.07279292641796875,-0.1467374563217163,-0.17222082614898682,-0.039564890401742936,-0.2616293430328369,-0.1329823136329651,-0.04508104695596504,-0.2483752965927124,-0.20073604583740234,-0.0921567022673111,-0.1811666488647461,-0.15388405323028564,-0.06849552838721085,-0.19333523511886597,-0.11818879842758179,-0.0401440910867672
ME,0.0,0.0,0.0,0.022723734378814697,-0.1362171769142151,-0.03067296860137958,0.00745701789855957,-0.30133187770843506,-0.04960299027482051,-0.06753432750701904,-0.38697266578674316,-0.07314439979711551,-0.1532319188117981,-0.3705477714538574,-0.09629404661575336,-0.10122501850128174,-0.3544195890426636,0.007045302303936296,-0.13259655237197876,-0.46809232234954834,-0.021753716518674082,-0.14434367418289185,-0.5425597429275513,-0.03133380157271404,-0.16202926635742188,-0.6041992902755737,-0.03694764641443271,-0.1593039631843567,-0.29196232557296753,-0.0003537519111205256,-0.165671706199646,-0.3931467533111572,-0.04757708800354976,-0.09124213457107544,-0.2883794903755188,-0.048041311328802294,-0.09869372844696045,-0.23958098888397217,-0.032332361911926455,-0.1968868374824524,-0.22388595342636108,-0.01462079328814525,-0.1955999732017517,-0.30956798791885376,-0.08109551039854068,-0.11811250448226929,-0.21586304903030396,-0.06290781614700336,-0.1317763328552246,-0.1603969931602478,-0.031846360539589114,-0.23306292295455933,-0.13751035928726196,-0.029698348840270228,-0.2259349226951599,-0.2278699278831482,-0.07434603688636798,-0.16807329654693604,-0.17936867475509644,-0.05459197354832668,-0.17888003587722778,-0.13020777702331543,-0.028866657292041964
ME,0.0,0.0,0.0,0.034600675106048584,-0.13545793294906616,-0.024139703212611607,0.015826106071472168,-0.2912772297859192,-0.03440402351164096,-0.044527292251586914,-0.38323497772216797,-0.05016774587177508,-0.11976277828216553,-0.3777398467063904,-0.06609889767908328,-0.07457613945007324,-0.3334037661552429,0.012143543960220882,-0.11037939786911011,-0.44952529668807983,-0.011290319225125245,-0.1221780776977539,-0.5192620754241943,-0.018318788109652928,-0.13981950283050537,-0.5801863670349121,-0.023295528216593198,-0.12515991926193237,-0.27981746196746826,0.003846208603746959,-0.13117390871047974,-0.3732835650444031,-0.04144653208398097,-0.06426173448562622,-0.28332996368408203,-0.04308086536669009,-0.06383317708969116,-0.24474596977233887,-0.029725565536253384,-0.16204893589019775,-0.21883559226989746,-0.01091324720376008,-0.16496968269348145,-0.3095722794532776,-0.07116390667700045,-0.0956341028213501,-0.22443163394927979,-0.05387629471563571,-0.10259276628494263,-0.17698556184768677,-0.025765004528992108,-0.1990795135498047,-0.14257508516311646,-0.026688749863140515,-0.19570624828338623,-0.23343318700790405,-0.06651379071020358,-0.1441594362258911,-0.1864723563194275,-0.04912191904925578,-0.15040504932403564,-0.14223432540893555,-0.027052367998592786
ME,0.0,0.0,0.0,0.010712862014770508,-0.15461879968643188,-0.0170309292774391,-0.01465386152267456,-0.3123127222061157,-0.024123934159774763,-0.08295559883117676,-0.3982585668563843,-0.036481511841316205,-0.16226762533187866,-0.3896813988685608,-0.04822274396826742,-0.11987811326980591,-0.3408423662185669,0.02712285046766283,-0.14609301090240479,-0.4490499496459961,0.004999547668944615,-0.15975421667099,-0.5240373611450195,-0.009373118231792432,-0.18432116508483887,-0.5918838679790497,-0.020594612757463437,-0.17193603515625,-0.29082536697387695,0.017180572201709765,-0.16686761379241943,-0.3779122829437256,-0.017250589157242757,-0.10406309366226196,-0.28281646966934204,-0.020630854244132024,-0.11638027429580688,-0.2511054277420044,-0.011123752283651811,-0.20837026834487915,-0.23446035385131836,0.0012003429543483435,-0.20327448844909668,-0.3113265633583069,-0.047249783823986036,-0.13655847311019897,-0.228479266166687,-0.027693861226339322,-0.1527581810951233,-0.19417661428451538,-0.0008845367741514565,-0.2420375943183899,-0.1563490629196167,-0.016049950445790273,-0.23248016834259033,-0.23388242721557617,-0.04615867609788893,-0.18142932653427124,-0.18988239765167236,-0.02255662071218012,-0.19304877519607544,-0.15107089281082153,0.0033365894884127556
ME,0.0,0.0,0.0,0.006966054439544678,-0.16904330253601074,-0.02626138788517096,-0.016062617301940918,-0.33434802293777466,-0.04638426800127604,-0.08408606052398682,-0.4330894947052002,-0.07272845555897334,-0.17460429668426514,-0.4235626459121704,-0.095527828232008,-0.1359645128250122,-0.3798728883266449,0.023460888742846464,-0.1409890055656433,-0.47684672474861145,-0.019708117962437655,-0.13092279434204102,-0.5237731635570526,-0.0447393176412163,-0.1533670425415039,-0.5851113796234131,-0.06017732296939471,-0.1950739622116089,-0.32624882459640503,0.012697070344728445,-0.18316489458084106,-0.41686081886291504,-0.03769351218696215,-0.11050927639007568,-0.3277810215950012,-0.04547604967709162,-0.13484370708465576,-0.32108908891677856,-0.03791877304072955,-0.23735010623931885,-0.261574387550354,-0.006819366969722296,-0.21835285425186157,-0.34491002559661865,-0.06881870378609278,-0.14458954334259033,-0.25776201486587524,-0.04232970301862338,-0.17022812366485596,-0.22955560684204102,-0.009192040682393099,-0.27556419372558594,-0.17317986488342285,-0.028974822283345247,-0.24578869342803955,-0.253132164478302,-0.06711484541054347,-0.1903039813041687,-0.20370137691497803,-0.040272851035553,-0.20581239461898804,-0.16769301891326904,-0.00981839981730559
ME,0.0,0.0,0.0,0.013322234153747559,-0.1383267641067505,-0.03426230758520887,-0.0020769238471984863,-0.30631840229034424,-0.06353844016882704,-0.07131320238113403,-0.39746150374412537,-0.09493972420784758,-0.15611374378204346,-0.3748362958431244,-0.12420624554249571,-0.15354770421981812,-0.37853825092315674,-0.012031499893396358,-0.1673927903175354,-0.47852540016174316,-0.055436146111219387,-0.17507225275039673,-0.5589633882045746,-0.07800530701968,-0.1903219223022461,-0.6335794031620026,-0.09297097534033583,-0.22088152170181274,-0.31297141313552856,-0.02172554530295656,-0.18795037269592285,-0.38975995779037476,-0.07346003562304304,-0.10699081420898438,-0.2851752042770386,-0.07395679563376234,-0.12364351749420166,-0.25434190034866333,-0.060858708471982936,-0.2584015130996704,-0.233873188495636,-0.038677666933267574,-0.21301156282424927,-0.28798627853393555,-0.10448864907118605,-0.13425779342651367,-0.20368391275405884,-0.07918724477383421,-0.1572747826576233,-0.17034834623336792,-0.04697300180885122,-0.2827976942062378,-0.13319021463394165,-0.05825978949758337,-0.2408704161643982,-0.18822181224822998,-0.10321296811196135,-0.18129998445510864,-0.14683854579925537,-0.08033099830242918,-0.20080101490020752,-0.11231821775436401,-0.05254513084980772
ME,0.0,0.0,0.0,0.01394808292388916,-0.12635022401809692,-0.03652727883007856,-0.00042510032653808594,-0.29216113686561584,-0.06876760255244108,-0.06675970554351807,-0.38010889291763306,-0.10389001201536985,-0.1520458459854126,-0.3661019802093506,-0.1365160969987187,-0.16186153888702393,-0.3674708604812622,-0.015386600975659803,-0.1730380654335022,-0.46424999833106995,-0.06177810486104818,-0.16939765214920044,-0.5410446524620056,-0.08130742888596387,-0.169569194316864,-0.614143431186676,-0.0914454935088429,-0.22844326496124268,-0.29692551493644714,-0.02352194022085996,-0.1892891526222229,-0.3698226511478424,-0.0760547025099072,-0.1039208173751831,-0.26250720024108887,-0.07117364089634748,-0.120597243309021,-0.2383987307548523,-0.05371066089418264,-0.26334208250045776,-0.21399718523025513,-0.03983843605664106,-0.21050220727920532,-0.26956239342689514,-0.10980434249785276,-0.12815088033676147,-0.18201345205307007,-0.08320509921458097,-0.15145748853683472,-0.1506444215774536,-0.04908772464540334,-0.2872677445411682,-0.11225903034210205,-0.058403014202383474,-0.24083280563354492,-0.1713505983352661,-0.10614443849470945,-0.17590421438217163,-0.12353551387786865,-0.08337372075465055,-0.1950005292892456,-0.08793920278549194,-0.054780936796930746
ME,0.0,0.0,0.0,0.019694983959197998,-0.12951600551605225,-0.035344224718215855,0.006579339504241943,-0.29279565811157227,-0.066196162548664,-0.06212770938873291,-0.3808145523071289,-0.10033868655264655,-0.15021979808807373,-0.3652663230895996,-0.1337035115033416,-0.1450687050819397,-0.36654868721961975,-0.012201513458791169,-0.16164278984069824,-0.4631924480199814,-0.05639185413420478,-0.16418308019638062,-0.5378724932670593,-0.0781123305827407,-0.16658532619476318,-0.6062737703323364,-0.09093125566542426,-0.20740008354187012,-0.29640936851501465,-0.021768292707207593,-0.1833530068397522,-0.37972134351730347,-0.07880002662241736,-0.09997183084487915,-0.27435046434402466,-0.08248265489638129,-0.10864901542663574,-0.23534268140792847,-0.07010540023148337,-0.24525877833366394,-0.21328631043434143,-0.038415793624523076,-0.2075861692428589,-0.2778439223766327,-0.10984041198790351,-0.1257997751235962,-0.19395601749420166,-0.08764336660206595,-0.13997727632522583,-0.14988911151885986,-0.055619448718431386,-0.27498406171798706,-0.10832023620605469,-0.05694051116407195,-0.24321198463439941,-0.1781221628189087,-0.10477249726355353,-0.1765497326850891,-0.1372784972190857,-0.0820953662663726,-0.1870872974395752,-0.09782856702804565,-0.053623672869804295
ME,0.0,0.0,0.0,0.018321454524993896,-0.12269985675811768,-0.03446798747467028,0.005623161792755127,-0.28926241397857666,-0.0610957441298865,-0.05759131908416748,-0.38393890857696533,-0.0911942904262446,-0.14179831743240356,-0.3705158531665802,-0.12071285745190607,-0.1236829161643982,-0.3588564395904541,-0.008427916784455647,-0.14195984601974487,-0.4655147194862366,-0.04945154091404902,-0.1461426019668579,-0.543947160243988,-0.0677711104421519,-0.1554657220840454,-0.6089127063751221,-0.07794687500285136,-0.18318277597427368,-0.2953270673751831,-0.016077888887991776,-0.1722058653831482,-0.3872663378715515,-0.0698932742147349,-0.08813238143920898,-0.2833709120750427,-0.07139899184988963,-0.09884524345397949,-0.23994088172912598,-0.05683238780187594,-0.22099792957305908,-0.22254419326782227,-0.030709113684167733,-0.1998753547668457,-0.2968389093875885,-0.10174818685339915,-0.11848872900009155,-0.20900315046310425,-0.07969534000443446,-0.13753175735473633,-0.1592695713043213,-0.0466824842064284,-0.25473088026046753,-0.12680113315582275,-0.046720809993018975,-0.23008495569229126,-0.20690655708312988,-0.0946699192194842,-0.1660139560699463,-0.15962284803390503,-0.07170313200043665,-0.17986810207366943,-0.11129897832870483,-0.04286684071706759
ME,0.0,0.0,0.0,0.02286207675933838,-0.11366623640060425,-0.031239135699593135,0.012814164161682129,-0.2711319327354431,-0.04882379299613149,-0.05644083023071289,-0.35422009229660034,-0.068199266257011,-0.13676351308822632,-0.34823596477508545,-0.08675021356555135,-0.092143714427948,-0.3168598413467407,-0.0013484890072277267,-0.12362182140350342,-0.4157552123069763,-0.030100489543997355,-0.13558036088943481,-0.4821798801422119,-0.03982270187350423,-0.1529509425163269,-0.5433554649353027,-0.045837000521146365,-0.1458844542503357,-0.26297527551651,-0.007402112284921714,-0.14688605070114136,-0.35607171058654785,-0.05471167019220502,-0.0777621865272522,-0.26253223419189453,-0.056882519783698626,-0.08447515964508057,-0.2216278314590454,-0.043637116017066546,-0.18095511198043823,-0.20053577423095703,-0.019374697046600886,-0.17609816789627075,-0.2809688448905945,-0.08381448364468724,-0.10372519493103027,-0.19501662254333496,-0.0651886878034702,-0.11693823337554932,-0.14643847942352295,-0.035250813277684756,-0.2143879532814026,-0.11899340152740479,-0.03216036087485463,-0.20761460065841675,-0.20022368431091309,-0.07654721713277013,-0.15087580680847168,-0.15436995029449463,-0.0574708995840183,-0.15929728746414185,-0.11110663414001465,-0.03274712762447507
ME,0.0,0.0,0.0,0.008179008960723877,-0.15265971422195435,-0.033137136677687806,-0.013768792152404785,-0.32068514823913574,-0.054303528348391694,-0.08248203992843628,-0.41846582293510437,-0.0771999336578304,-0.17246365547180176,-0.40911412239074707,-0.08994961304444615,-0.1361437439918518,-0.36922919750213623,0.008074652796203452,-0.1329999566078186,-0.42927855253219604,-0.05080672500509564,-0.08315730094909668,-0.35959649085998535,-0.08158790094632451,-0.09332478046417236,-0.33373570442199707,-0.09640972835797612,-0.20113980770111084,-0.31556108593940735,0.0008084557336403009,-0.18056148290634155,-0.39669108390808105,-0.056327668557351274,-0.10284656286239624,-0.31963253021240234,-0.06808024419326131,-0.12287718057632446,-0.33043593168258667,-0.06565715892094914,-0.24514275789260864,-0.24607229232788086,-0.0168670449205095,-0.2172364592552185,-0.31668394804000854,-0.08232521040219609,-0.1391892433166504,-0.22005540132522583,-0.05679324043769185,-0.1620613932609558,-0.1953946352005005,-0.025741260106151742,-0.2817184329032898,-0.15682244300842285,-0.03750228656310384,-0.2449849247932434,-0.21767067909240723,-0.07737708611268346,-0.1863747239112854,-0.16597867012023926,-0.05329197792190854,-0.20519155263900757,-0.14419370889663696,-0.025541530529444856
ME,0.0,0.0,0.0,0.01981651782989502,-0.12524396181106567,-0.03583983999450879,0.006776094436645508,-0.28692391514778137,-0.06264040914138036,-0.0608903169631958,-0.37945616245269775,-0.09123355445225911,-0.15172475576400757,-0.3654215931892395,-0.11871453669627385,-0.12741142511367798,-0.358623206615448,-0.009918176725108196,-0.1414957046508789,-0.4544905126094818,-0.049436773329574635,-0.14402222633361816,-0.5299268066883087,-0.06655652371009069,-0.15539878606796265,-0.5981488525867462,-0.0762814163859673,-0.1885988712310791,-0.2925283908843994,-0.016389870240885784,-0.1729564666748047,-0.3784524202346802,-0.06526793089469152,-0.09170961380004883,-0.26564767956733704,-0.06216839995940404,-0.10656440258026123,-0.22392666339874268,-0.04585857611854749,-0.22671055793762207,-0.21597015857696533,-0.030273144289452603,-0.20335084199905396,-0.285220742225647,-0.09754412916262822,-0.1209380030632019,-0.19266271591186523,-0.07027038481791692,-0.1419709324836731,-0.1464221477508545,-0.03531542715390401,-0.25990355014801025,-0.11503541469573975,-0.04579874423106389,-0.23586541414260864,-0.1893477439880371,-0.0914321869309731,-0.17177283763885498,-0.13958024978637695,-0.0654564007814713,-0.18810397386550903,-0.0933372974395752,-0.03520101976354795
ME,0.0,0.0,0.0,0.02106642723083496,-0.1259353756904602,-0.03360993308591631,0.008156538009643555,-0.2871171236038208,-0.05724972379970339,-0.05769670009613037,-0.37348052859306335,-0.08450595555472162,-0.14162713289260864,-0.36720094084739685,-0.11210038033890513,-0.10760676860809326,-0.3424336612224579,-0.005409492045817643,-0.13177645206451416,-0.44236499071121216,-0.041113710828302175,-0.1384626030921936,-0.5152825713157654,-0.056447389401672154,-0.14928042888641357,-0.5743221044540405,-0.06499591735768107,-0.16225719451904297,-0.2793846130371094,-0.012042941391644746,-0.15980660915374756,-0.3710916340351105,-0.06089470801520136,-0.08236312866210938,-0.27331817150115967,-0.06150764492916849,-0.08720731735229492,-0.2320038080215454,-0.04712572587299135,-0.19884419441223145,-0.20682686567306519,-0.02562006642687109,-0.1931668519973755,-0.2853456735610962,-0.09298271951842096,-0.11273306608200073,-0.20266807079315186,-0.07196734366583613,-0.1215927004814148,-0.15481984615325928,-0.04001857606339243,-0.23310160636901855,-0.11295819282531738,-0.0403972182946184,-0.22298812866210938,-0.19641739130020142,-0.08635271606611994,-0.16153109073638916,-0.1544325351715088,-0.06464396683144358,-0.16884571313858032,-0.11054366827011108,-0.03750872132944849
ME,0.0,0.0,0.0,0.014275610446929932,-0.1162824034690857,-0.030656901888782784,-0.0015347003936767578,-0.28118813037872314,-0.05048240511887769,-0.07347762584686279,-0.36889541149139404,-0.07259695022576551,-0.15966081619262695,-0.36212801933288574,-0.09386127977841596,-0.11690205335617065,-0.33789366483688354,0.00022872419294373003,-0.13819223642349243,-0.43677788972854614,-0.03017679578834276,-0.1489911675453186,-0.5047160387039185,-0.03994838311546545,-0.16540342569351196,-0.5672329068183899,-0.045969770990545555,-0.17471104860305786,-0.2794584631919861,-0.006566591795767351,-0.16708588600158691,-0.36549901962280273,-0.049973631046945854,-0.09046375751495361,-0.2613060474395752,-0.04774576588743429,-0.10364758968353271,-0.22926294803619385,-0.03256281255954008,-0.2091776728630066,-0.2113856077194214,-0.019797431074316307,-0.19989442825317383,-0.28180891275405884,-0.08381103514903288,-0.1195874810218811,-0.1953234076499939,-0.061374412618810936,-0.13854217529296875,-0.1554296612739563,-0.030182856835658356,-0.24078840017318726,-0.12181639671325684,-0.03388765244954328,-0.2286626696586609,-0.19701796770095825,-0.07834077417128782,-0.16461533308029175,-0.15051430463790894,-0.05630345433228712,-0.17526602745056152,-0.10983610153198242,-0.029915837340290352
ME,0.0,0.0,0.0,0.01927506923675537,-0.12582910060882568,-0.03131184543136811,0.002307713031768799,-0.2866080403327942,-0.04782282377247071,-0.07067036628723145,-0.3652392625808716,-0.0671370942390368,-0.15185308456420898,-0.3540671467781067,-0.08570916394356942,-0.10006672143936157,-0.3280322551727295,0.0069216005259349345,-0.13059252500534058,-0.4259008765220642,-0.02119554209176755,-0.1441788673400879,-0.4929419159889221,-0.031631013402979136,-0.1623099446296692,-0.5489351451396942,-0.037863040367405176,-0.15466803312301636,-0.26771873235702515,0.0015482387726351021,-0.16032648086547852,-0.361223042011261,-0.04442311639551377,-0.08688110113143921,-0.2662004828453064,-0.046068204591314554,-0.09052735567092896,-0.22179120779037476,-0.03152557278637147,-0.1907590627670288,-0.20084017515182495,-0.010757972510795355,-0.18867170810699463,-0.28276294469833374,-0.07557895223263955,-0.11273366212844849,-0.19824475049972534,-0.05912314544085717,-0.12462323904037476,-0.14719748497009277,-0.0297810286528275,-0.22537648677825928,-0.11492311954498291,-0.02401425133113122,-0.2141406536102295,-0.1973402500152588,-0.06949435363177514,-0.1585845947265625,-0.15285217761993408,-0.05306258241299844,-0.17180103063583374,-0.1077953577041626,-0.02986524442795968
ME,0.0,0.0,0.0,0.017032980918884277,-0.1287018060684204,-0.025193545971788467,0.0037796497344970703,-0.27815133333206177,-0.04222353920785338,-0.06712228059768677,-0.3511084318161011,-0.06314665824619681,-0.14744257926940918,-0.3388946056365967,-0.08362355083671957,-0.0975804328918457,-0.3175922632217407,0.008218119847796856,-0.12671935558319092,-0.4122657775878906,-0.01948309690205008,-0.13959258794784546,-0.47969019412994385,-0.03094898723510653,-0.15556436777114868,-0.5380034148693085,-0.03874538094250113,-0.15056371688842773,-0.2601468563079834,-0.0005305273270010957,-0.15898168087005615,-0.3517608046531677,-0.04824177176205069,-0.08652663230895996,-0.2625148892402649,-0.052595820282377304,-0.08572828769683838,-0.21978086233139038,-0.04106773809043318,-0.186540424823761,-0.1938905119895935,-0.014873237353540958,-0.18776923418045044,-0.2743910551071167,-0.0778559073850289,-0.11101722717285156,-0.19785141944885254,-0.0594148188873902,-0.11626040935516357,-0.14874279499053955,-0.029895873744763435,-0.22132164239883423,-0.10621976852416992,-0.029895117510832847,-0.21391695737838745,-0.19095319509506226,-0.07317253947702795,-0.1566944122314453,-0.15264207124710083,-0.05480045825687796,-0.16379350423812866,-0.1110607385635376,-0.031088940803684295
ME,0.0,0.0,0.0,0.010022938251495361,-0.12547749280929565,-0.03467296190208913,-0.0071833133697509766,-0.2857890725135803,-0.06389320395535947,-0.08067244291305542,-0.3672410249710083,-0.0962310930306387,-0.16974997520446777,-0.34109506011009216,-0.12752653412169934,-0.15061062574386597,-0.35536301136016846,-0.006363649253017911,-0.16574949026107788,-0.4416463375091553,-0.04380623004979611,-0.17308682203292847,-0.5125611424446106,-0.060384248715109834,-0.18584781885147095,-0.5757010579109192,-0.07007993511504651,-0.21225154399871826,-0.2862517237663269,-0.013063754286832818,-0.19189000129699707,-0.3568747639656067,-0.05555921919292928,-0.10906916856765747,-0.25599226355552673,-0.051635825406975755,-0.12381690740585327,-0.22598618268966675,-0.03636387116856099,-0.24731707572937012,-0.20526981353759766,-0.02700824603087426,-0.21979624032974243,-0.2615412175655365,-0.08801588914937497,-0.1376931071281433,-0.1810101866722107,-0.061950666230387696,-0.15460383892059326,-0.14301037788391113,-0.029345448460645684,-0.2744835615158081,-0.09974563121795654,-0.04289374254292966,-0.24912947416305542,-0.16378623247146606,-0.0842214798147154,-0.1852802038192749,-0.12617868185043335,-0.059070148837037095,-0.19650894403457642,-0.0886298418045044,-0.02976621254927636
ME,0.0,0.0,0.0,0.01881307363510132,-0.12107568979263306,-0.04316836335439689,0.0013037919998168945,-0.28696149587631226,-0.07458870225329406,-0.073780357837677,-0.3723644018173218,-0.10671889894385345,-0.1622205376625061,-0.34693050384521484,-0.13659487032074935,-0.14178401231765747,-0.35063186287879944,-0.019200855127763816,-0.1650790572166443,-0.45370352268218994,-0.0660267259993077,-0.17257088422775269,-0.5334933400154114,-0.08596216999669082,-0.18841999769210815,-0.6056398749351501,-0.09664733820338256,-0.20291775465011597,-0.27871307730674744,-0.02372711078007228,-0.19055193662643433,-0.3655649423599243,-0.08028251790184981,-0.09894472360610962,-0.260444313287735,-0.07737464570183761,-0.11183446645736694,-0.22350695729255676,-0.059618366143894264,-0.23866522312164307,-0.19763165712356567,-0.03654442839999206,-0.21445226669311523,-0.2636849284172058,-0.10982711725611694,-0.12654048204421997,-0.18118500709533691,-0.08119406663556106,-0.14526933431625366,-0.14063698053359985,-0.043856957189035484,-0.2669200599193573,-0.09423935413360596,-0.051756092540216514,-0.24191004037857056,-0.1621178388595581,-0.10035430752415664,-0.17447257041931152,-0.12036126852035522,-0.0739111464538098,-0.1879541277885437,-0.07785356044769287,-0.04221419729967124
ME,0.0,0.0,0.0,0.018443286418914795,-0.1030932068824768,-0.03316172826187369,-0.011886537075042725,-0.2761359214782715,-0.05058024692432639,-0.09913188219070435,-0.3486088514328003,-0.06897635626690146,-0.18023717403411865,-0.3206777572631836,-0.08651985841886756,-0.12673509120941162,-0.3244152069091797,-0.003961485895231931,-0.16710638999938965,-0.4144213795661926,-0.027269302486345737,-0.1919155716896057,-0.47466468811035156,-0.03365801143543479,-0.2209429144859314,-0.5272184610366821,-0.03962580728428122,-0.18018591403961182,-0.25214695930480957,-0.009243703066275089,-0.19008749723434448,-0.3353944420814514,-0.05155479776756522,-0.10827231407165527,-0.24822217226028442,-0.05203036460177657,-0.11118042469024658,-0.20709073543548584,-0.03875060993330237,-0.2080298662185669,-0.1769258975982666,-0.01981285641984698,-0.2141370177268982,-0.24187999963760376,-0.0802336247553086,-0.12678372859954834,-0.1727418303489685,-0.061268551825449435,-0.1321738362312317,-0.12725961208343506,-0.033098022072479694,-0.23283684253692627,-0.08741128444671631,-0.0313919322480416,-0.2348707914352417,-0.15653491020202637,-0.07403512912885901,-0.1698780655860901,-0.11966454982757568,-0.05514346304433104,-0.1732158660888672,-0.08096349239349365,-0.031806471376583545
ME,0.0,0.0,0.0,0.00613170862197876,-0.12083858251571655,-0.028342314218420483,-0.026716887950897217,-0.27082324028015137,-0.0438988452453799,-0.10670483112335205,-0.3281213045120239,-0.06156796791150043,-0.1844944953918457,-0.3038508892059326,-0.07734243400885532,-0.13198447227478027,-0.30407047271728516,3.296536193886368e-05,-0.1751909852027893,-0.3981615900993347,-0.029782127742905118,-0.19677871465682983,-0.4606742262840271,-0.03986082055165241,-0.22325068712234497,-0.5166853964328766,-0.04651662536456058,-0.180975079536438,-0.23511570692062378,-0.007546234564173915,-0.19831526279449463,-0.3170616626739502,-0.05169834770752857,-0.1170952320098877,-0.2400311827659607,-0.05016251110031078,-0.1181185245513916,-0.2111017107963562,-0.03617933594181011,-0.2103593349456787,-0.16059738397598267,-0.021384526198048093,-0.22070646286010742,-0.22721219062805176,-0.08211962707831333,-0.1345478892326355,-0.16590982675552368,-0.059242712487716176,-0.14012205600738525,-0.13156259059906006,-0.02868247233821819,-0.23478913307189941,-0.06768190860748291,-0.03647941552593181,-0.23782825469970703,-0.13566726446151733,-0.07723312654091785,-0.1753360629081726,-0.10641318559646606,-0.05584619023396442,-0.18099933862686157,-0.07188642024993896,-0.0311042351324744
ME,0.0,0.0,0.0,-0.005328714847564697,-0.14287519454956055,-0.02785541831735827,-0.0302889347076416,-0.309195339679718,-0.04545294835452296,-0.10919010639190674,-0.38255831599235535,-0.06558920785073497,-0.19372457265853882,-0.3658129870891571,-0.08423756404999949,-0.15074282884597778,-0.34461337327957153,0.00953530830111049,-0.18397778272628784,-0.44882330298423767,-0.02650949700955607,-0.20252090692520142,-0.5271182656288147,-0.04601617126945712,-0.2274167537689209,-0.5948666930198669,-0.05716231807355143,-0.2061341404914856,-0.2793542146682739,0.003764480657537206,-0.21047604084014893,-0.37239742279052734,-0.037923887066881434,-0.1267606019973755,-0.2869994640350342,-0.037668388031761424,-0.13214576244354248,-0.25303345918655396,-0.023467169769446627,-0.24369186162948608,-0.20716875791549683,-0.00958727362785794,-0.24058514833450317,-0.284149706363678,-0.06474077298526026,-0.15505152940750122,-0.21260815858840942,-0.03909860520843722,-0.16467666625976562,-0.17490583658218384,-0.006266554046760575,-0.2752377986907959,-0.10878658294677734,-0.02511549896780707,-0.26745539903640747,-0.18506580591201782,-0.05938550426844813,-0.2033664584159851,-0.15350908041000366,-0.03301007642630793,-0.20887327194213867,-0.11765336990356445,-0.003373384403403179
ME,0.0,0.0,0.0,0.02101755142211914,-0.1272469162940979,-0.04244515581999053,0.003313302993774414,-0.29355525970458984,-0.0725576086250328,-0.07258433103561401,-0.3743587136268616,-0.10311696215543975,-0.16263335943222046,-0.35314804315567017,-0.13103466763172378,-0.133630633354187,-0.3591863512992859,-0.018226613318660156,-0.15996026992797852,-0.45414280891418457,-0.061132806381323235,-0.16820621490478516,-0.5244312584400177,-0.0776848076191925,-0.1841670274734497,-0.5930987298488617,-0.08727500869903793,-0.19411104917526245,-0.28937605023384094,-0.022604987984635727,-0.18680036067962646,-0.36913639307022095,-0.07627482994470824,-0.10097342729568481,-0.27090930938720703,-0.07262502892885436,-0.11170369386672974,-0.24670323729515076,-0.05644449128780593,-0.23042690753936768,-0.20762455463409424,-0.0349398507085823,-0.21541738510131836,-0.26861971616744995,-0.10573420210752715,-0.12786877155303955,-0.1915569305419922,-0.07700886859569778,-0.14224773645401,-0.15945225954055786,-0.04167082070384254,-0.25976353883743286,-0.10608184337615967,-0.04960197119984855,-0.2430008053779602,-0.1686866283416748,-0.09808584584865798,-0.1762121319770813,-0.12846213579177856,-0.07359287424955596,-0.18856918811798096,-0.09383755922317505,-0.04481169863615264
ME,0.0,0.0,0.0,0.017533183097839355,-0.1222531795501709,-0.03540129077301302,-0.00763547420501709,-0.28316372632980347,-0.05641556766495981,-0.08222687244415283,-0.3663978576660156,-0.07959017765388765,-0.16508561372756958,-0.3420441746711731,-0.10130677980051317,-0.111488938331604,-0.3315601348876953,-0.007406792162516496,-0.15067344903945923,-0.43029895424842834,-0.03843702983722963,-0.16937649250030518,-0.49450764060020447,-0.04754526403413095,-0.19243818521499634,-0.5484809279441833,-0.05303380128608026,-0.16427093744277954,-0.26360249519348145,-0.012276089309313676,-0.1772003173828125,-0.3446497321128845,-0.05548938226566591,-0.09856522083282471,-0.25654059648513794,-0.05051186543569841,-0.10360151529312134,-0.22771859169006348,-0.03410560127959528,-0.19620037078857422,-0.18710631132125854,-0.02417130072281637,-0.20678001642227173,-0.25550901889801025,-0.08455384385452547,-0.12458264827728271,-0.18483597040176392,-0.06041720372305193,-0.13126718997955322,-0.14840036630630493,-0.02917807412014284,-0.22425514459609985,-0.09355252981185913,-0.03804080796108522,-0.22532987594604492,-0.16163712739944458,-0.07871949535475053,-0.1662920117378235,-0.1302424669265747,-0.057688842086651704,-0.17146015167236328,-0.09764266014099121,-0.0332023711191205
ME,0.0,0.0,0.0,0.012235462665557861,-0.12579065561294556,-0.033735552816757775,-0.01816582679748535,-0.28060317039489746,-0.052415920435556984,-0.09590029716491699,-0.3506982922554016,-0.07259635442412815,-0.17821145057678223,-0.33243095874786377,-0.09179296159661732,-0.12429642677307129,-0.3183862566947937,-0.002546564224282122,-0.1640186309814453,-0.41313862800598145,-0.02905840428091011,-0.18545687198638916,-0.4772431552410126,-0.03806769663012943,-0.21323776245117188,-0.5319203436374664,-0.04471499660528622,-0.17505383491516113,-0.2506594657897949,-0.00756807952664218,-0.19083338975906372,-0.33800262212753296,-0.048168795197376824,-0.1127392053604126,-0.25526177883148193,-0.047497285544046974,-0.11668449640274048,-0.22041326761245728,-0.03426840343988857,-0.20535051822662354,-0.17729949951171875,-0.01883218252576313,-0.21470993757247925,-0.25234031677246094,-0.07839982026732883,-0.1313725709915161,-0.18259316682815552,-0.059010041891703224,-0.1401458978652954,-0.13990247249603271,-0.030453216298589325,-0.23178189992904663,-0.08777159452438354,-0.03145776504195652,-0.2341873049736023,-0.1655726432800293,-0.07351629251159153,-0.1741076111793518,-0.13286572694778442,-0.05459444412506542,-0.18028146028518677,-0.09427690505981445,-0.03126514890707455
ME,0.0,0.0,0.0,0.01321190595626831,-0.12595701217651367,-0.027936714675036,-0.017279863357543945,-0.2761024236679077,-0.045248893063273954,-0.09445995092391968,-0.34534722566604614,-0.06534714714786105,-0.17377549409866333,-0.3219178318977356,-0.08537593201896243,-0.1190980076789856,-0.3080189824104309,-0.0025809546669393058,-0.15938830375671387,-0.4048517346382141,-0.032058102052417325,-0.1804787516593933,-0.4706568717956543,-0.04453154371282153,-0.20604759454727173,-0.5274166464805603,-0.05335686446329646,-0.16827023029327393,-0.24255377054214478,-0.009944464053717184,-0.1847955584526062,-0.32657307386398315,-0.05503540949126773,-0.10894858837127686,-0.24726688861846924,-0.05606040821572833,-0.10677903890609741,-0.2135975956916809,-0.044209231596198606,-0.19922858476638794,-0.1695595383644104,-0.02263263703486018,-0.21326398849487305,-0.2446596622467041,-0.08195220397016101,-0.13184231519699097,-0.18052417039871216,-0.05788846776982837,-0.12978589534759521,-0.1405542492866516,-0.026861461784449148,-0.2269268035888672,-0.07704174518585205,-0.03652554840942912,-0.23161602020263672,-0.15550684928894043,-0.07655984626313739,-0.1702861189842224,-0.12501102685928345,-0.05345933602353625,-0.1689717173576355,-0.09051799774169922,-0.02738868163129382
ME,0.0,0.0,0.0,0.009091019630432129,-0.12043118476867676,-0.03737870568156154,-0.015666842460632324,-0.2811042070388794,-0.05814699047923,-0.09499472379684448,-0.3481743335723877,-0.07926743069410236,-0.1784350872039795,-0.31946152448654175,-0.09789260068654926,-0.12945020198822021,-0.3204743266105652,-0.006577770800589633,-0.16655761003494263,-0.41310277581214905,-0.04152355307459743,-0.185488760471344,-0.47624167799949646,-0.05528046900153072,-0.21533995866775513,-0.536401242017746,-0.0632981468152991,-0.18198317289352417,-0.25308114290237427,-0.009516512618660045,-0.1881427764892578,-0.32630765438079834,-0.049533508361577105,-0.10493195056915283,-0.2422952651977539,-0.0439187769007674,-0.11527740955352783,-0.21850061416625977,-0.02812246383845718,-0.21501785516738892,-0.177959144115448,-0.020296234281062198,-0.21855515241622925,-0.23543280363082886,-0.07791492679834278,-0.1317540407180786,-0.16798710823059082,-0.05145790392279537,-0.14319801330566406,-0.13571202754974365,-0.01900700816631229,-0.2419971227645874,-0.08234697580337524,-0.03345557266592891,-0.24192708730697632,-0.14682167768478394,-0.07019034364938648,-0.1798344850540161,-0.11703270673751831,-0.0443656440985194,-0.1871943473815918,-0.07952600717544556,-0.016004060969947886
ME,0.0,0.0,0.0,0.014785289764404297,-0.13044297695159912,-0.038714991888070927,-0.003536403179168701,-0.3074040412902832,-0.06554149650600039,-0.08056503534317017,-0.39272040128707886,-0.09337782674100481,-0.16673952341079712,-0.3763444125652313,-0.1193064060118445,-0.14087611436843872,-0.36711496114730835,-0.008104028185869083,-0.1653149127960205,-0.4681120216846466,-0.05203019641902529,-0.17382651567459106,-0.5479914844036102,-0.07269895636108004,-0.19162654876708984,-0.6252050995826721,-0.08407268487479769,-0.20269691944122314,-0.29760971665382385,-0.012270350014830456,-0.18985086679458618,-0.3844449520111084,-0.06191865914132677,-0.1029437780380249,-0.2869991660118103,-0.0585243571605929,-0.11606073379516602,-0.25999972224235535,-0.0412886980977305,-0.24105381965637207,-0.22076773643493652,-0.0252293124851235,-0.2151240110397339,-0.2889643907546997,-0.08973944746520601,-0.12973999977111816,-0.20477670431137085,-0.060821441939140186,-0.1474723219871521,-0.17167502641677856,-0.024920417001510486,-0.2729696035385132,-0.12295663356781006,-0.04104369320538126,-0.2469496726989746,-0.19403964281082153,-0.0821563433912047,-0.1804591417312622,-0.15055155754089355,-0.05496634357240282,-0.19139981269836426,-0.11513328552246094,-0.023936828604007587
ME,0.0,0.0,0.0,0.018908560276031494,-0.13673710823059082,-0.037947105728232344,-0.0018389225006103516,-0.3070479929447174,-0.06061917778118797,-0.07432669401168823,-0.38489416241645813,-0.08474928747876831,-0.1599845290184021,-0.36383602023124695,-0.10662365566953369,-0.13173937797546387,-0.3726006746292114,-0.014477364272021731,-0.1616629958152771,-0.48020756244659424,-0.05152804639204689,-0.17159032821655273,-0.5473687946796417,-0.06645978849395462,-0.18929463624954224,-0.6094600856304169,-0.07676394891008087,-0.18901437520980835,-0.29973313212394714,-0.021070760227882346,-0.18373799324035645,-0.37172025442123413,-0.06670391421779343,-0.10008794069290161,-0.27652212977409363,-0.06312715869411178,-0.10753452777862549,-0.2552139163017273,-0.05044112961753555,-0.22242790460586548,-0.21555572748184204,-0.03534520279630371,-0.21377122402191162,-0.27358442544937134,-0.10025352846845337,-0.12690132856369019,-0.1974758505821228,-0.07607725869878479,-0.1383715271949768,-0.16846859455108643,-0.04678669806584068,-0.24734991788864136,-0.11261671781539917,-0.05197505887612053,-0.23353463411331177,-0.17336755990982056,-0.09690721940263458,-0.16890323162078857,-0.13390392065048218,-0.07541050624116608,-0.17911213636398315,-0.10142761468887329,-0.05128479611142822
YOU,0.0,0.0,0.0,-0.10996419191360474,-0.0012217164039611816,0.0018491655039838406,-0.1824532151222229,-0.07623982429504395,0.03655693653610115,-0.20424634218215942,-0.11623996496200562,0.07742674249794845,-0.1905798316001892,-0.12873542308807373,0.12300137776520614,-0.10307866334915161,-0.2516931891441345,0.062216173593071744,-0.11387068033218384,-0.34108930826187134,0.1173966561594284,-0.1310662031173706,-0.3828238248825073,0.14899154353526,-0.14550936222076416,-0.4079563617706299,0.17044800866034393,-0.049606263637542725,-0.24922585487365723,0.08826993006852035,-0.07992082834243774,-0.31648874282836914,0.16174613285448913,-0.11565190553665161,-0.3495842218399048,0.19373764443781738,-0.13750994205474854,-0.35722681879997253,0.2114838247337616,-0.011100947856903076,-0.2249692678451538,0.11247033226874237,-0.062012672424316406,-0.2434978485107422,0.1714132909813202,-0.09627580642700195,-0.2292776107788086,0.1774555181303299,-0.1105809211730957,-0.21287333965301514,0.1783760969677246,0.013501465320587158,-0.19813603162765503,0.13608879197028045,-0.035357773303985596,-0.20735317468643188,0.17443833101179962,-0.06039971113204956,-0.1933600902557373,0.18146585274126892,-0.07071042060852051,-0.1691628098487854,0.18659736562159424
YOU,0.0,0.0,0.0,-0.08957558870315552,-0.054921627044677734,-0.03739310199883761,-0.16482263803482056,-0.12927240133285522,-0.0617982275274116,-0.22688031196594238,-0.1908617615699768,-0.0846796087410766,-0.2765464782714844,-0.23609793186187744,-0.1082854397085029,-0.05878418684005737,-0.26973670721054077,-0.027174077504547256,-0.08522430062294006,-0.38717591762542725,-0.04469445864227595,-0.10469049215316772,-0.44579604268074036,-0.06425762692955317,-0.12376680970191956,-0.4907814860343933,-0.07859761039284052,0.005540311336517334,-0.27463024854660034,-0.02191637041536154,0.005966305732727051,-0.39526692032814026,-0.027817276814253944,-0.003273487091064453,-0.4624421000480652,-0.040707146325381416,-0.015135347843170166,-0.5052651762962341,-0.05282414475944819,0.05685991048812866,-0.24143439531326294,-0.021707832389743942,0.06316733360290527,-0.34696877002716064,-0.027921810322673934,0.057904839515686035,-0.40999603271484375,-0.041940806010039466,0.04705929756164551,-0.4582800269126892,-0.0547728888180572,0.0988118052482605,-0.18642079830169678,-0.02549916277197184,0.11536335945129395,-0.22666233777999878,-0.032916472801240104,0.11926209926605225,-0.2648947834968567,-0.04101368928817095,0.1152072548866272,-0.3027321696281433,-0.0479001305487472
YOU,0.0,0.0,0.0,-0.12523147463798523,-0.061396896839141846,0.00157750975580484,-0.18922662734985352,-0.1475130319595337,0.02153764986672968,-0.2347811460494995,-0.21339046955108643,0.04405829818227858,-0.2620998024940491,-0.26758432388305664,0.07074081660488218,-0.06231012940406799,-0.30338841676712036,0.07636838169077009,-0.07078692317008972,-0.4290044903755188,0.12605498493888945,-0.08082711696624756,-0.489632785320282,0.15349876643398375,-0.09172934293746948,-0.527237057685852,0.1710070049879846,0.001725316047668457,-0.2794300317764282,0.0942179834959802,0.013935267925262451,-0.4020954370498657,0.15637393058517546,0.01208341121673584,-0.4637587070465088,0.18422782183864683,0.008623659610748291,-0.5027294158935547,0.20138399065712065,0.04997056722640991,-0.23149538040161133,0.10907863588312239,0.05951559543609619,-0.33518505096435547,0.1636271005986032,0.06756317615509033,-0.3962722420692444,0.18229788304546446,0.06867456436157227,-0.4458036422729492,0.19108968735912413,0.07972162961959839,-0.1609085202217102,0.1221284991619882,0.09706026315689087,-0.22980332374572754,0.16621592403629393,0.10238492488861084,-0.2629746198654175,0.1892988956091699,0.10374283790588379,-0.2895234227180481,0.20431217313984007
YOU,0.0,0.0,0.0,-0.10593974590301514,-0.08192884922027588,-0.014778302685726885,-0.17132136225700378,-0.1929677128791809,-0.010456532874513869,-0.22089457511901855,-0.26626133918762207,-0.004241249692995552,-0.24911946058273315,-0.32599055767059326,0.003480048448409434,-0.08769667148590088,-0.28051769733428955,0.03375862102825522,-0.09895855188369751,-0.4001150131225586,0.051759085914682146,-0.10141545534133911,-0.48063260316848755,0.05107929121572852,-0.10213863849639893,-0.5492955446243286,0.048270686826299425,-0.023140430450439453,-0.2684646248817444,0.04346711497623801,-0.02597147226333618,-0.3677324056625366,0.07728797506410956,-0.02388477325439453,-0.4472767114639282,0.07704891573507666,-0.019944071769714355,-0.5050147771835327,0.07232668559868216,0.03371250629425049,-0.24308419227600098,0.05031454872209906,0.03302192687988281,-0.33942753076553345,0.08084295254070639,0.03533172607421875,-0.4195314645767212,0.08230513643343329,0.0387844443321228,-0.48416846990585327,0.07975308161098837,0.08135712146759033,-0.20593798160552979,0.054354875645231004,0.08606958389282227,-0.30352503061294556,0.07686798583586096,0.08529078960418701,-0.36837106943130493,0.09017458867151618,0.08479464054107666,-0.4199707508087158,0.10003319691736579
YOU,0.0,0.0,0.0,-0.15737676620483398,-0.0060811638832092285,0.031130783232327985,-0.235010027885437,-0.05851113796234131,0.10508002896833091,-0.2545311450958252,-0.07497358322143555,0.180341957109448,-0.2558349072933197,-0.07993704080581665,0.2618703674249616,-0.1478073000907898,-0.2676450312137604,0.16843248714732795,-0.17532271146774292,-0.3404860496520996,0.2660488914422956,-0.2080446481704712,-0.33474063873291016,0.32369114269542365,-0.22684288024902344,-0.3135409951210022,0.3650235067777601,-0.08813774585723877,-0.2492501139640808,0.202763689654347,-0.12691468000411987,-0.2629064917564392,0.3307936321668592,-0.1643049716949463,-0.23035448789596558,0.38886456002521186,-0.17306602001190186,-0.19256624579429626,0.42517928590106635,-0.046526968479156494,-0.20896273851394653,0.2327828090362516,-0.09292012453079224,-0.20153111219406128,0.3350883852415052,-0.13205236196517944,-0.17351731657981873,0.36434827555942206,-0.14740020036697388,-0.1529501974582672,0.38135970939922004,-0.020566821098327637,-0.1653466522693634,0.2625168692045179,-0.059249699115753174,-0.17513597011566162,0.33247531761455207,-0.09349864721298218,-0.1492951214313507,0.3593728076391187,-0.10719501972198486,-0.11464545130729675,0.38169248213100104
YOU,0.0,0.0,0.0,-0.15193581581115723,0.006029903888702393,0.032954820965017007,-0.2348923683166504,-0.02293294668197632,0.08941213188001029,-0.2594917416572571,-0.025517702102661133,0.141307251129831,-0.25226640701293945,-0.023864448070526123,0.1953420504672181,-0.15573734045028687,-0.23340481519699097,0.16407522705623023,-0.19915607571601868,-0.25964871048927307,0.24861151126452796,-0.2212390899658203,-0.22526490688323975,0.28443768766948097,-0.23271900415420532,-0.19142967462539673,0.3065269902093064,-0.10557395219802856,-0.22457212209701538,0.1837003096682679,-0.148969829082489,-0.20459437370300293,0.28888118413516395,-0.17619431018829346,-0.16271230578422546,0.3119084551674973,-0.1814471185207367,-0.11563354730606079,0.3207862093789231,-0.0689692497253418,-0.1967301070690155,0.20115476993152015,-0.11485081911087036,-0.1546059548854828,0.2909734263760697,-0.14695632457733154,-0.11604669690132141,0.2989538028580796,-0.15922623872756958,-0.07854974269866943,0.29756099132129066,-0.047701120376586914,-0.16599565744400024,0.21853590158053748,-0.08780884742736816,-0.1414763331413269,0.28684979823657386,-0.11458969116210938,-0.10567724704742432,0.306902469669069,-0.13027840852737427,-0.06897157430648804,0.31968793419429176
YOU,0.0,0.0,0.0,-0.14141029119491577,0.010521113872528076,0.02251961245802292,-0.22360211610794067,-0.032919347286224365,0.0790290178325499,-0.247895747423172,-0.03853905200958252,0.1346456275847281,-0.2546903192996979,-0.037925779819488525,0.1948177681830252,-0.1448345184326172,-0.2367268204689026,0.14518477186230072,-0.1659500002861023,-0.28399693965911865,0.22626553639438995,-0.19597631692886353,-0.274619460105896,0.26814675494697937,-0.21618574857711792,-0.2510599195957184,0.29693648382690796,-0.0940898060798645,-0.22141388058662415,0.16868366464641937,-0.1173774003982544,-0.23798096179962158,0.27867096826103577,-0.15023833513259888,-0.22288262844085693,0.3202733115818823,-0.16478633880615234,-0.1933179795742035,0.34390300675896057,-0.056649744510650635,-0.1876380443572998,0.18741589948204407,-0.09067201614379883,-0.1708230972290039,0.2721434847977484,-0.12275594472885132,-0.15328320860862732,0.29114082619217285,-0.13870769739151,-0.12867987155914307,0.30083626672294983,-0.03249824047088623,-0.15311425924301147,0.20495531126526245,-0.06612879037857056,-0.15325355529785156,0.25818020268944153,-0.09315997362136841,-0.13183075189590454,0.2768487648632849,-0.11027830839157104,-0.09949851036071777,0.29309392138985046
YOU,0.0,0.0,0.0,-0.13454610109329224,0.00649183988571167,0.025604115010807504,-0.21137505769729614,-0.04308110475540161,0.08945824127049207,-0.23895198106765747,-0.05707600712776184,0.15352319847197293,-0.24748653173446655,-0.06722056865692139,0.22392738531679868,-0.1244124174118042,-0.24160370230674744,0.1479380495414233,-0.13858050107955933,-0.31469976902008057,0.22400926719755887,-0.17102301120758057,-0.3157305270433426,0.2609795696601367,-0.19374454021453857,-0.3001856505870819,0.28660962651819943,-0.07469457387924194,-0.22656679153442383,0.1700393177136874,-0.10246211290359497,-0.23795729875564575,0.2744130558833575,-0.14253562688827515,-0.2138133943080902,0.30800194214434384,-0.15388059616088867,-0.177474707365036,0.3251634008750415,-0.04031485319137573,-0.193369060754776,0.18776694606394528,-0.08135509490966797,-0.17628955841064453,0.27001873324961423,-0.11746335029602051,-0.1525779366493225,0.28355277250857114,-0.1292811632156372,-0.133976548910141,0.2884376711711383,-0.017369985580444336,-0.15478238463401794,0.20465438734144925,-0.055351078510284424,-0.1611105501651764,0.25897473763079404,-0.08722442388534546,-0.14035800099372864,0.2765250570640063,-0.10163933038711548,-0.10991960763931274,0.2908506460055804
YOU,0.0,0.0,0.0,-0.1353163719177246,0.01581752300262451,0.017418865911537296,-0.21453601121902466,-0.039224982261657715,0.07183124763506044,-0.24161416292190552,-0.056911736726760864,0.12858620179432023,-0.24788647890090942,-0.07011619210243225,0.19037060333030809,-0.13452941179275513,-0.25761252641677856,0.11495808405416597,-0.15237468481063843,-0.3366059362888336,0.1873132426811992,-0.18838444352149963,-0.33187951147556305,0.22401755941646684,-0.20755675435066223,-0.30230140686035156,0.24851323557632554,-0.07977670431137085,-0.2436116635799408,0.1373525549246608,-0.12031447887420654,-0.2343733012676239,0.23107844484584916,-0.16114026308059692,-0.19581148028373718,0.25805334640281785,-0.1673021912574768,-0.15418216586112976,0.2692706723286449,-0.041067540645599365,-0.20061638951301575,0.15768562150734056,-0.09352803230285645,-0.17119354009628296,0.22991469395893205,-0.1266951560974121,-0.13655781745910645,0.23240622771518815,-0.13300389051437378,-0.10891973972320557,0.22786304248111833,-0.01375889778137207,-0.15167611837387085,0.17819490922229875,-0.06327706575393677,-0.13778138160705566,0.22295524073379624,-0.09092289209365845,-0.10931125283241272,0.2318277199341594,-0.0988730788230896,-0.07379943132400513,0.23859138680236924
YOU,0.0,0.0,0.0,-0.14305567741394043,0.018605947494506836,0.025081714060839033,-0.22638797760009766,-0.0036612749099731445,0.07446984518760047,-0.25167328119277954,-0.007369935512542725,0.11816121209853492,-0.2463839054107666,-0.011389553546905518,0.1653615267991384,-0.15324026346206665,-0.21612411737442017,0.15828009266846976,-0.19530174136161804,-0.2305709719657898,0.23691572566026053,-0.21981748938560486,-0.19391167163848877,0.274675923776563,-0.22757917642593384,-0.15398642420768738,0.3004572572230657,-0.10822844505310059,-0.20161157846450806,0.1769896777390798,-0.14207398891448975,-0.18760299682617188,0.2799962343692144,-0.16733187437057495,-0.16224390268325806,0.313374746036466,-0.16910088062286377,-0.1279449760913849,0.33219470400803885,-0.07132983207702637,-0.1673191785812378,0.19063453693383536,-0.108734130859375,-0.12119072675704956,0.276378143024381,-0.1350802779197693,-0.09261208772659302,0.2907424749850591,-0.14263945817947388,-0.06368941068649292,0.2962928595065435,-0.049281954765319824,-0.12861990928649902,0.20249165911668143,-0.08109396696090698,-0.08929115533828735,0.2644365908622106,-0.0994226336479187,-0.056880176067352295,0.2831922950267156,-0.1093069314956665,-0.027542948722839355,0.29743497390740714
YOU,0.0,0.0,0.0,-0.11079466342926025,-0.05740714073181152,0.03685232190142074,-0.18494853377342224,-0.1032516360282898,0.1013718986297647,-0.204892098903656,-0.1010623574256897,0.16087235448608794,-0.21991056203842163,-0.08846741914749146,0.22231723306427398,-0.10353106260299683,-0.2505333423614502,0.17983096776256957,-0.11582714319229126,-0.3103574514389038,0.26520004806766906,-0.12733244895935059,-0.3479260802268982,0.31238558826694884,-0.13101822137832642,-0.3738102912902832,0.34486231146107116,-0.08070212602615356,-0.19325664639472961,0.19630762872944274,-0.10059589147567749,-0.2161896824836731,0.3069891923452417,-0.11288899183273315,-0.200941801071167,0.3516874307180444,-0.11009520292282104,-0.1820216178894043,0.37994393644581237,-0.06155705451965332,-0.12427115440368652,0.20671671567211547,-0.07854348421096802,-0.1350214183330536,0.29091355142841735,-0.09015333652496338,-0.1303955316543579,0.3024596863771478,-0.0952799916267395,-0.1328413486480713,0.307823031523327,-0.043036580085754395,-0.052845656871795654,0.2173300081277887,-0.04910469055175781,-0.07491743564605713,0.27853578267345824,-0.05474197864532471,-0.06366056203842163,0.29610949692974486,-0.05215191841125488,-0.05195331573486328,0.3086722486997644
YOU,0.0,0.0,0.0,-0.12608343362808228,-0.0038605332374572754,0.030491862863982533,-0.2004590928554535,-0.05395573377609253,0.08410443407365165,-0.2227279543876648,-0.06856644153594971,0.13249098551341376,-0.23044300079345703,-0.08215874433517456,0.18375057768889747,-0.10478633642196655,-0.2356542944908142,0.146722265005792,-0.11695051193237305,-0.31586241722106934,0.21981810820170722,-0.14086133241653442,-0.33668580651283264,0.25579514396258674,-0.15786480903625488,-0.33413074910640717,0.27887951624461493,-0.059866249561309814,-0.2129092812538147,0.15742821288176856,-0.08381527662277222,-0.23303359746932983,0.24810225558348975,-0.11755448579788208,-0.21443045139312744,0.27440496575900397,-0.12491130828857422,-0.18393158912658691,0.28711675894328437,-0.02652263641357422,-0.16853126883506775,0.16465649795600257,-0.059149980545043945,-0.14944162964820862,0.23733849120208106,-0.08965200185775757,-0.1287311315536499,0.24310632836886725,-0.0956960916519165,-0.11634349822998047,0.2419187058217176,-0.000685274600982666,-0.11202344298362732,0.1717905033833631,-0.025017857551574707,-0.11521309614181519,0.22404647660323462,-0.05115962028503418,-0.09084498882293701,0.23982255947657904,-0.05722230672836304,-0.06099677085876465,0.25019150269099555
YOU,0.0,0.0,0.0,-0.13343507051467896,0.012050032615661621,0.0030369565948902277,-0.2277902066707611,-0.03418976068496704,0.04253881803118276,-0.26123785972595215,-0.0507354736328125,0.08371533831917333,-0.26405566930770874,-0.05757087469100952,0.12967012456022786,-0.144744873046875,-0.23441073298454285,0.10919606319033193,-0.16450917720794678,-0.30644428730010986,0.17925278475843953,-0.1990307867527008,-0.2965752184391022,0.21788802376352834,-0.21841183304786682,-0.26553308963775635,0.2445922308262496,-0.09688901901245117,-0.21936914324760437,0.13472124567591237,-0.13114136457443237,-0.23831269145011902,0.2287995927628188,-0.16687053442001343,-0.22333818674087524,0.26650225749575185,-0.17890197038650513,-0.20070844888687134,0.28744482627474355,-0.06413239240646362,-0.1840396523475647,0.15474570921026753,-0.11071759462356567,-0.1735791563987732,0.22872593632303762,-0.14194530248641968,-0.15746226906776428,0.24443143239580678,-0.15739047527313232,-0.1417693793773651,0.2505722605284362,-0.041317522525787354,-0.14125791192054749,0.1721144430931716,-0.08660531044006348,-0.15073448419570923,0.2203740887936263,-0.11399984359741211,-0.13820329308509827,0.23679186037146138,-0.13188207149505615,-0.11659693717956543,0.24910750618540334
YOU,0.0,0.0,0.0,-0.15056568384170532,0.008407652378082275,0.018348054792653556,-0.23836827278137207,-0.029853105545043945,0.0725774372182002,-0.26538583636283875,-0.03739511966705322,0.1278750727138629,-0.255799263715744,-0.035935163497924805,0.18698547577477598,-0.15720874071121216,-0.25180378556251526,0.1401298174820056,-0.20909258723258972,-0.2554832398891449,0.22704537009812498,-0.23816639184951782,-0.20811110734939575,0.26575451886273527,-0.25403857231140137,-0.1667589545249939,0.28846812045193815,-0.10197198390960693,-0.23747411370277405,0.16774877702809476,-0.15542727708816528,-0.21725332736968994,0.27621772682286405,-0.1889074444770813,-0.17996013164520264,0.3009468296728244,-0.197892963886261,-0.13154959678649902,0.3083441535196414,-0.062418222427368164,-0.19866231083869934,0.19339683448887968,-0.11848968267440796,-0.1631109118461609,0.2831920961103549,-0.154649555683136,-0.12928879261016846,0.286248473282825,-0.17000597715377808,-0.09262090921401978,0.2794602791032901,-0.03924417495727539,-0.1569848358631134,0.2183770815096011,-0.08643132448196411,-0.1280587911605835,0.28038915788746976,-0.1146082878112793,-0.0944787859916687,0.29273548519230985,-0.13393718004226685,-0.05771726369857788,0.29933991825200224
YOU,0.0,0.0,0.0,-0.14875859022140503,0.006139934062957764,0.027601055487309623,-0.2296484112739563,-0.03742903470993042,0.08808535306087606,-0.256401389837265,-0.04712820053100586,0.14710517196289175,-0.2499167025089264,-0.047283947467803955,0.2107680734836208,-0.14847725629806519,-0.24964061379432678,0.1584832814180004,-0.18892571330070496,-0.278795450925827,0.24702037839523427,-0.2193486988544464,-0.2426556944847107,0.2879821654998409,-0.23428329825401306,-0.20572710037231445,0.31365117399326436,-0.09573143720626831,-0.23527538776397705,0.18226160077682607,-0.1377522349357605,-0.21787923574447632,0.2983222600661861,-0.1679108738899231,-0.18303418159484863,0.3292404410087215,-0.17257124185562134,-0.14490145444869995,0.3411915001117336,-0.05760473012924194,-0.1968013346195221,0.20306692986122243,-0.10644280910491943,-0.1601693034172058,0.2965275344096767,-0.14043951034545898,-0.12307965755462646,0.30278232662311666,-0.1519060730934143,-0.08960103988647461,0.2988238927566158,-0.035237908363342285,-0.15501153469085693,0.2235053327523815,-0.07977074384689331,-0.13194918632507324,0.2877075669013607,-0.10719728469848633,-0.09716784954071045,0.3018417355262386,-0.12284457683563232,-0.061727821826934814,0.31027945844761007
YOU,0.0,0.0,0.0,-0.14018815755844116,0.011561393737792969,0.03140720252604012,-0.22337555885314941,-0.040048837661743164,0.09316551212877755,-0.24485653638839722,-0.05437576770782471,0.149664114161439,-0.23558759689331055,-0.0522458553314209,0.20927175407022958,-0.13197851181030273,-0.24205639958381653,0.17021268133730416,-0.16853511333465576,-0.2872837781906128,0.2559362751683665,-0.19977548718452454,-0.26569274067878723,0.2971662086686564,-0.21545404195785522,-0.23402616381645203,0.32419110362143044,-0.08806991577148438,-0.23590677976608276,0.18437426809877877,-0.12629681825637817,-0.230210542678833,0.29329807583899026,-0.15733277797698975,-0.2035728096961975,0.3214386207303477,-0.160569965839386,-0.1678149402141571,0.33428851787657266,-0.058373093605041504,-0.21238824725151062,0.1935844225129557,-0.10780882835388184,-0.1695989966392517,0.27612007681936745,-0.1381959319114685,-0.13312464952468872,0.2771202427586985,-0.14743632078170776,-0.09937101602554321,0.272906164570756,-0.04533493518829346,-0.1855238974094391,0.20234556023687844,-0.09279829263687134,-0.168984055519104,0.2573857409200144,-0.11941301822662354,-0.13693225383758545,0.2673495513638926,-0.13402527570724487,-0.09826546907424927,0.2742303413590861
YOU,0.0,0.0,0.0,-0.1317477822303772,0.005254685878753662,0.04316711414773522,-0.20439210534095764,-0.05373978614807129,0.10832767177541314,-0.23045706748962402,-0.07280480861663818,0.16636141378600655,-0.24592247605323792,-0.07587283849716187,0.22785175580699502,-0.11776113510131836,-0.2490261197090149,0.1751304938288456,-0.144500732421875,-0.31012097001075745,0.26285778720099984,-0.17873185873031616,-0.2949206233024597,0.3095984383316761,-0.19584697484970093,-0.26162129640579224,0.3411650284024006,-0.06815040111541748,-0.24061748385429382,0.18470833439548073,-0.10514199733734131,-0.24216744303703308,0.2969080432148701,-0.13698816299438477,-0.21042901277542114,0.3338972254486805,-0.14142096042633057,-0.17462459206581116,0.35306870181281624,-0.03311467170715332,-0.2098369300365448,0.19070719916541634,-0.08006018400192261,-0.1887340247631073,0.2760741039009815,-0.11202526092529297,-0.15958380699157715,0.28915112454612313,-0.12151992321014404,-0.13205742835998535,0.2923354430886036,-0.012280821800231934,-0.17050540447235107,0.1973766161890751,-0.056032001972198486,-0.17849776148796082,0.25312163669784127,-0.08711850643157959,-0.15437117218971252,0.2709522469731098,-0.10409456491470337,-0.11722403764724731,0.2838129921646839
YOU,0.0,0.0,0.0,-0.1339392066001892,0.008884012699127197,0.04867982641858504,-0.2070522904396057,-0.05613976716995239,0.11674941481155798,-0.2310241460800171,-0.07173597812652588,0.17452104539675162,-0.2408994436264038,-0.0845334529876709,0.23637642116350577,-0.11918473243713379,-0.2461985945701599,0.19596026987833426,-0.14352840185165405,-0.3135799169540405,0.28815384359163687,-0.18056580424308777,-0.31253141164779663,0.34155531377596304,-0.19729137420654297,-0.28722769021987915,0.38081546277803824,-0.07119017839431763,-0.2452993392944336,0.20142200739187643,-0.10071450471878052,-0.2689429819583893,0.32282529921335623,-0.1406577229499817,-0.2516172528266907,0.3732528254489367,-0.15099334716796875,-0.2269285023212433,0.4059302672843401,-0.0427631139755249,-0.2289767563343048,0.20090638251108572,-0.08732485771179199,-0.23691365122795105,0.29311545343202994,-0.12835317850112915,-0.2200087010860443,0.3220311567286913,-0.144384503364563,-0.19955655932426453,0.33956273050112173,-0.03352230787277222,-0.20512685179710388,0.19972598702711508,-0.08041030168533325,-0.24417319893836975,0.259237335632271,-0.11838042736053467,-0.23981347680091858,0.2864292726020281,-0.14237022399902344,-0.21814727783203125,0.3094603881339495
YOU,0.0,0.0,0.0,-0.12065646052360535,-0.003938734531402588,0.02625334664720569,-0.20196804404258728,-0.05508989095687866,0.08152398868936572,-0.22431620955467224,-0.06381601095199585,0.13108331366914783,-0.2307090163230896,-0.06867402791976929,0.18365003570455585,-0.11837226152420044,-0.23639583587646484,0.14660913154024158,-0.13741767406463623,-0.31782737374305725,0.21985909744638477,-0.1684119701385498,-0.32500481605529785,0.2600262205256847,-0.18988487124443054,-0.30911654233932495,0.28703558846849475,-0.08234107494354248,-0.2134627401828766,0.15584543749231372,-0.10677909851074219,-0.232577383518219,0.2478545050277141,-0.13114222884178162,-0.2095007300376892,0.2777433435573009,-0.1308407187461853,-0.1856147050857544,0.29439294740098987,-0.051872193813323975,-0.17321953177452087,0.15990826889413867,-0.08115983009338379,-0.15521836280822754,0.22898607357877765,-0.10120189189910889,-0.13267064094543457,0.234984610523167,-0.10583329200744629,-0.12156867980957031,0.2357012371673015,-0.0246770977973938,-0.12501394748687744,0.1631004701508907,-0.05107825994491577,-0.1315925121307373,0.2102983187093166,-0.07213693857192993,-0.10640674829483032,0.2245872954978374,-0.07866662740707397,-0.0726935863494873,0.2352509836806682
YOU,0.0,0.0,0.0,-0.1515822410583496,-0.0011436939239501953,0.022444039401733562,-0.23135080933570862,-0.057177603244781494,0.08759707008036344,-0.24714341759681702,-0.0741572380065918,0.15322976354988782,-0.26310768723487854,-0.060981571674346924,0.2233136499348518,-0.14623314142227173,-0.2735506296157837,0.1521490717354652,-0.18912488222122192,-0.3276262879371643,0.23690485004814832,-0.22444584965705872,-0.29813727736473083,0.27986872736843793,-0.24911004304885864,-0.2573859989643097,0.30839610640438764,-0.09068983793258667,-0.26119646430015564,0.1774392182055351,-0.13226604461669922,-0.25636041164398193,0.2871395403567192,-0.17279615998268127,-0.2151561677455902,0.3202759677592155,-0.18259143829345703,-0.16244781017303467,0.3364861959639427,-0.04864072799682617,-0.22023886442184448,0.19856264237793653,-0.09426093101501465,-0.18642961978912354,0.28485245053204267,-0.13218969106674194,-0.15550237894058228,0.2930625731173393,-0.14885222911834717,-0.12497681379318237,0.29351977054508893,-0.02038884162902832,-0.17233580350875854,0.21910602394970624,-0.0595325231552124,-0.1546846628189087,0.2729626650038597,-0.09098947048187256,-0.12405461072921753,0.28616232220562665,-0.10413539409637451,-0.0825994610786438,0.2975709790411827
YOU,0.0,0.0,0.0,-0.15460830926895142,0.012931108474731445,0.01885198208972838,-0.24497199058532715,-0.03960675001144409,0.08020088787660029,-0.27759671211242676,-0.05462443828582764,0.1443311568675938,-0.284270703792572,-0.06029099225997925,0.2118750062166157,-0.1725400686264038,-0.26814085245132446,0.13854266669139292,-0.22949379682540894,-0.2882915139198303,0.23153310980185893,-0.2625039517879486,-0.2460182011127472,0.27743750776633647,-0.2781895697116852,-0.20737820863723755,0.3053435381828251,-0.11641895771026611,-0.25494351983070374,0.1674222793756428,-0.1742534637451172,-0.22359904646873474,0.28255599703177836,-0.20617708563804626,-0.18183916807174683,0.30928385223731425,-0.20914632081985474,-0.13701725006103516,0.31644073094710734,-0.07456612586975098,-0.21571052074432373,0.19446076418742564,-0.13917338848114014,-0.15858101844787598,0.28364491428717997,-0.16851216554641724,-0.10715413093566895,0.272021561521143,-0.17558258771896362,-0.06833302974700928,0.2537017461238804,-0.04969078302383423,-0.17577803134918213,0.22213466431483653,-0.10567253828048706,-0.12818694114685059,0.2783027585922184,-0.13031715154647827,-0.08219349384307861,0.2775152322231236,-0.1426977515220642,-0.03887176513671875,0.27366527881011393
YOU,0.0,0.0,0.0,-0.15622615814208984,0.00998830795288086,0.02313138152078409,-0.24675703048706055,-0.04685705900192261,0.08764193373338003,-0.2695977985858917,-0.06611865758895874,0.15362931209222097,-0.25066834688186646,-0.06352943181991577,0.2231281788887145,-0.15633130073547363,-0.28166455030441284,0.14975210445538778,-0.2205921709537506,-0.27830737829208374,0.23685542660371084,-0.2552403211593628,-0.21913093328475952,0.27248179333821554,-0.2701927423477173,-0.16847467422485352,0.292966658049977,-0.09741300344467163,-0.26868465542793274,0.1736385913433196,-0.15731805562973022,-0.22768834233283997,0.2836808206380965,-0.1892603635787964,-0.18083226680755615,0.3007273318113448,-0.19161927700042725,-0.13165020942687988,0.3013001920522811,-0.05434107780456543,-0.22931593656539917,0.19533527808800955,-0.11594712734222412,-0.17223894596099854,0.2822005094827773,-0.14706462621688843,-0.12920480966567993,0.269832486087239,-0.15441173315048218,-0.09322035312652588,0.251650238210118,-0.029919445514678955,-0.1834290623664856,0.21741186993733663,-0.08178192377090454,-0.1348896026611328,0.275718385154164,-0.10438686609268188,-0.09279447793960571,0.2787799479307296,-0.11189180612564087,-0.04921847581863403,0.27795120494977255
YOU,0.0,0.0,0.0,-0.15402114391326904,0.011040449142456055,0.02136707264708093,-0.24406442046165466,-0.038483500480651855,0.08315933268295339,-0.2780960202217102,-0.05576997995376587,0.14626885723100713,-0.2736653983592987,-0.056179046630859375,0.21244634460435918,-0.16436338424682617,-0.2616705000400543,0.14187064539419225,-0.2349953055381775,-0.25715500116348267,0.22439650963769964,-0.2729184329509735,-0.2051294445991516,0.25902856658922246,-0.2888447046279907,-0.16048502922058105,0.27868483733163885,-0.11475127935409546,-0.23972752690315247,0.16494826745019964,-0.1889626681804657,-0.1968865990638733,0.2647933490179639,-0.22035816311836243,-0.14777523279190063,0.27672736119257024,-0.21717402338981628,-0.10192805528640747,0.2744471557043653,-0.0759502649307251,-0.20084312558174133,0.18602715205179265,-0.1533055305480957,-0.13217490911483765,0.2605819828413587,-0.18575343489646912,-0.07632911205291748,0.2380924202107053,-0.18870392441749573,-0.03706085681915283,0.21465031575189641,-0.049512505531311035,-0.1605498194694519,0.20835470925794652,-0.11535680294036865,-0.1050405502319336,0.2553901500605207,-0.14353817701339722,-0.05560100078582764,0.24894261132703832,-0.15378612279891968,-0.01200193166732788,0.24168632697092107
YOU,0.0,0.0,0.0,-0.14470279216766357,-6.16312026977539e-05,0.024534214859713188,-0.23236501216888428,-0.06130802631378174,0.086085109611858,-0.2547578811645508,-0.07945829629898071,0.1447238909209858,-0.25806915760040283,-0.0826106071472168,0.20949077477108347,-0.1449514627456665,-0.2704160809516907,0.15957525243412363,-0.17335817217826843,-0.34938013553619385,0.24253919591556894,-0.21314182877540588,-0.34211334586143494,0.29044328500877725,-0.23386108875274658,-0.3118138313293457,0.3252364235128056,-0.09325438737869263,-0.2519558072090149,0.17969816794048654,-0.1283612847328186,-0.27359920740127563,0.28953401615272867,-0.16912364959716797,-0.2543732225894928,0.33325384428154337,-0.1792505979537964,-0.2248908281326294,0.36092416813026773,-0.05543196201324463,-0.21118628978729248,0.19366939236770975,-0.10219722986221313,-0.19877761602401733,0.2768998580182682,-0.1404857039451599,-0.17664742469787598,0.29532517363678323,-0.15630865097045898,-0.1557307243347168,0.30683554579864847,-0.03379261493682861,-0.15934723615646362,0.2062297003472935,-0.08168154954910278,-0.1683199405670166,0.25860018899093973,-0.11612457036972046,-0.145738422870636,0.2778224485124241,-0.13374459743499756,-0.11078536510467529,0.2960256474221836
YOU,0.0,0.0,0.0,-0.15802901983261108,-0.0005464553833007812,0.02526133910996009,-0.2458888292312622,-0.06695473194122314,0.09079082154912044,-0.2670094966888428,-0.08817923069000244,0.15541272455138255,-0.27515509724617004,-0.09872758388519287,0.22709897750300456,-0.15373945236206055,-0.2826422452926636,0.16373815232199718,-0.17065966129302979,-0.37669187784194946,0.25300528698844005,-0.2025451958179474,-0.4035334587097168,0.3083756476013093,-0.22313779592514038,-0.39849549531936646,0.3505678682891755,-0.09821641445159912,-0.2637554407119751,0.19165263169688274,-0.12680375576019287,-0.30286404490470886,0.31317313605231334,-0.17139524221420288,-0.30244994163513184,0.37238588028830577,-0.18908566236495972,-0.28430527448654175,0.4132423310844331,-0.05995601415634155,-0.22311824560165405,0.21254461103362132,-0.10553008317947388,-0.21219056844711304,0.3075103073684602,-0.147874653339386,-0.19208914041519165,0.3348452656833558,-0.1652352213859558,-0.17331326007843018,0.3542748599616914,-0.04036533832550049,-0.17385655641555786,0.23162192696017314,-0.07996255159378052,-0.17775052785873413,0.29176013761443187,-0.11768770217895508,-0.15750402212142944,0.3133798449603944,-0.1371382474899292,-0.1257595419883728,0.3349213510124116
YOU,0.0,0.0,0.0,-0.17203474044799805,-0.017042458057403564,0.03087350779587439,-0.25035834312438965,-0.06969130039215088,0.10639616714233568,-0.27152493596076965,-0.08488118648529053,0.18332083390468767,-0.2709747850894928,-0.08290755748748779,0.26433585451358965,-0.17067939043045044,-0.2931981682777405,0.1787891374658983,-0.20033764839172363,-0.3344246447086334,0.2887054519485872,-0.23002952337265015,-0.3266729712486267,0.34658504889721087,-0.2504940629005432,-0.31056278944015503,0.3840944008659761,-0.10795271396636963,-0.2641647458076477,0.21202356980556658,-0.14701056480407715,-0.27227848768234253,0.3491675691437166,-0.18141144514083862,-0.240163654088974,0.39243005083316973,-0.19284164905548096,-0.20295822620391846,0.41380856798404864,-0.06383830308914185,-0.2163752019405365,0.24246100948566607,-0.11091148853302002,-0.2045363187789917,0.351061149103586,-0.1476736068725586,-0.16385895013809204,0.3587924675774019,-0.16471481323242188,-0.1358296275138855,0.3564930693935793,-0.035538434982299805,-0.17373120784759521,0.2732783095669191,-0.07738584280014038,-0.15511935949325562,0.34636323021167925,-0.1044887900352478,-0.12544560432434082,0.3598843352627199,-0.12128424644470215,-0.09690934419631958,0.36858440802807024
YOU,0.0,0.0,0.0,-0.15955466032028198,-0.010106027126312256,0.02139756796140091,-0.24800699949264526,-0.06421375274658203,0.08674156633395569,-0.2785089910030365,-0.07987195253372192,0.154996536348051,-0.26971280574798584,-0.07488560676574707,0.22520910916108505,-0.1651155948638916,-0.2911318838596344,0.14786716518182175,-0.23443403840065002,-0.2782824635505676,0.24109303173798935,-0.2733707129955292,-0.23134377598762512,0.2786495905854167,-0.29176366329193115,-0.19020503759384155,0.2973962050415935,-0.1087842583656311,-0.25963544845581055,0.17313092169541733,-0.18430685997009277,-0.21357104182243347,0.277920417163557,-0.21052679419517517,-0.16500943899154663,0.28121518311280624,-0.2029699981212616,-0.11891555786132812,0.26999603924531357,-0.06657636165618896,-0.2100980281829834,0.19786094841737167,-0.14566564559936523,-0.15443044900894165,0.27757798847932236,-0.16942578554153442,-0.10149013996124268,0.24123377320546524,-0.1643136739730835,-0.06590831279754639,0.20489674029130356,-0.038882315158843994,-0.15943872928619385,0.22456196663159744,-0.10476672649383545,-0.1140708327293396,0.27383013782281296,-0.12667346000671387,-0.06950116157531738,0.25840543923158066,-0.12864667177200317,-0.031379520893096924,0.24170555887002365
YOU,0.0,0.0,0.0,-0.15658330917358398,-0.0013598799705505371,0.023434559161444213,-0.24040839076042175,-0.061600565910339355,0.0940413794467645,-0.2631479799747467,-0.07518857717514038,0.16854217117526105,-0.2605006694793701,-0.06596237421035767,0.2465205139467912,-0.15860515832901,-0.2865976095199585,0.15353767042853406,-0.21409019827842712,-0.29288166761398315,0.24970194166400006,-0.2524189352989197,-0.2532382607460022,0.2913290507147508,-0.27014872431755066,-0.2192944884300232,0.3143464869806962,-0.09534597396850586,-0.26711300015449524,0.17944742208220532,-0.15437376499176025,-0.225661039352417,0.30113061731555035,-0.18486237525939941,-0.17909055948257446,0.3203134781668382,-0.18289971351623535,-0.13522487878799438,0.3192477173159318,-0.04945152997970581,-0.22063541412353516,0.20333726173140576,-0.11194020509719849,-0.16489535570144653,0.29364853566386273,-0.1362435221672058,-0.11546409130096436,0.27093421881892255,-0.1384715437889099,-0.0839393138885498,0.24361511533953717,-0.019943952560424805,-0.16936784982681274,0.2285303867409425,-0.07676362991333008,-0.12565898895263672,0.28318264549471905,-0.09699302911758423,-0.08324337005615234,0.27615147298075726,-0.10172820091247559,-0.0433616042137146,0.26647450988986066
YOU,0.0,0.0,0.0,-0.15030723810195923,-0.0039899349212646484,0.02195508910568833,-0.23756229877471924,-0.06538909673690796,0.09062901457997441,-0.2665254473686218,-0.08264368772506714,0.16180575212689519,-0.2746509909629822,-0.09303915500640869,0.23749496361466527,-0.14923852682113647,-0.2840457856655121,0.1542414756700623,-0.19495558738708496,-0.32362425327301025,0.2515446277544129,-0.2388034462928772,-0.2955976128578186,0.29981673082562565,-0.26135754585266113,-0.2615562677383423,0.3285472722932923,-0.09017074108123779,-0.2560112476348877,0.17966379543992161,-0.15023523569107056,-0.2324995994567871,0.30342987498494267,-0.18899407982826233,-0.19433563947677612,0.33271855434628606,-0.19242367148399353,-0.15223604440689087,0.33992284855099797,-0.047994256019592285,-0.20227789878845215,0.20184651335927128,-0.11516737937927246,-0.15678924322128296,0.29211861213894963,-0.14783400297164917,-0.11274313926696777,0.2810172768518555,-0.15638577938079834,-0.08386343717575073,0.2627903552934754,-0.019430339336395264,-0.14540058374404907,0.22462900301667332,-0.08150076866149902,-0.11016297340393066,0.2775492103979218,-0.1082925796508789,-0.07188224792480469,0.27627608498784184,-0.11948204040527344,-0.03511279821395874,0.27214458903523564
YOU,0.0,0.0,0.0,-0.14071089029312134,0.015533804893493652,0.03359008685377063,-0.22806549072265625,-0.044544756412506104,0.09983502433326663,-0.25713783502578735,-0.06677711009979248,0.16107191995408954,-0.26179343461990356,-0.08287054300308228,0.2267589505079073,-0.14295369386672974,-0.2499101758003235,0.17407243803766193,-0.1712104082107544,-0.3344235420227051,0.26669324294355334,-0.20598405599594116,-0.3458341360092163,0.31891126290586413,-0.2261369526386261,-0.3328256607055664,0.354720362580089,-0.09451472759246826,-0.24477463960647583,0.18766961351659717,-0.1323453187942505,-0.25747352838516235,0.3026905740859789,-0.17156094312667847,-0.23682761192321777,0.34274376288679065,-0.178183913230896,-0.20807522535324097,0.3661065484645647,-0.06351608037948608,-0.2234622836112976,0.19603636220720233,-0.11506104469299316,-0.21549969911575317,0.28183169022825183,-0.15074265003204346,-0.18924224376678467,0.2967631603839678,-0.16158312559127808,-0.16670048236846924,0.30388737574842395,-0.0492786169052124,-0.1991388201713562,0.20380858436849536,-0.1021680235862732,-0.230184406042099,0.25805647031095447,-0.1387428641319275,-0.21795523166656494,0.2768425728442949,-0.15898698568344116,-0.19025182723999023,0.2929055179717821
YOU,0.0,0.0,0.0,-0.15075820684432983,0.010187208652496338,0.013565080283072461,-0.24122688174247742,-0.05822563171386719,0.06687502939799117,-0.2635752558708191,-0.08454316854476929,0.12202036012509154,-0.26492929458618164,-0.09213179349899292,0.1830061935315399,-0.15055632591247559,-0.27634724974632263,0.12427539010145949,-0.16965824365615845,-0.3741244077682495,0.2055538855920105,-0.19979602098464966,-0.39301133155822754,0.2529410832057266,-0.2208925485610962,-0.388188898563385,0.28574882079460906,-0.09295105934143066,-0.2641668915748596,0.15334158767559813,-0.12823474407196045,-0.2946636974811554,0.26010630656578826,-0.16957587003707886,-0.2888590097427368,0.3041690402159958,-0.18319088220596313,-0.2696184515953064,0.33021537591316985,-0.050814807415008545,-0.2225225567817688,0.17851233114102172,-0.09827655553817749,-0.21449601650238037,0.2652147822509079,-0.13804537057876587,-0.19550460577011108,0.282297026408699,-0.15347033739089966,-0.18020528554916382,0.2896985821852951,-0.025999367237091064,-0.16935467720031738,0.20221526552536773,-0.0674276351928711,-0.17306959629058838,0.2595961206088333,-0.10171657800674438,-0.1470937728881836,0.27800149847367095,-0.11534953117370605,-0.11346733570098877,0.2928978614936142
YOU,0.0,0.0,0.0,-0.16060447692871094,0.0029601454734802246,0.031045796365663847,-0.24358540773391724,-0.05537146329879761,0.10177139566950544,-0.2609871029853821,-0.0737767219543457,0.17118236796669706,-0.2682831287384033,-0.08589363098144531,0.24603274838738187,-0.15731745958328247,-0.2719162404537201,0.17210054771713956,-0.17413216829299927,-0.3707185387611389,0.2722409255962823,-0.20053550601005554,-0.3916797637939453,0.3325856514435266,-0.2202974259853363,-0.38773930072784424,0.37469371037296995,-0.09553468227386475,-0.25799381732940674,0.19941567258648618,-0.13371235132217407,-0.2808690071105957,0.32241778449825986,-0.17490482330322266,-0.25912126898765564,0.37643926219753965,-0.18485867977142334,-0.21965652704238892,0.41133512930683835,-0.05067652463912964,-0.2152196764945984,0.22190134601406797,-0.103191077709198,-0.202816903591156,0.31827371196560605,-0.14345067739486694,-0.177909255027771,0.3383652754288171,-0.15765726566314697,-0.15948253870010376,0.3494543619614099,-0.023794829845428467,-0.1627519130706787,0.24402471260838254,-0.06672459840774536,-0.16099685430526733,0.3064124770622705,-0.10159510374069214,-0.13157624006271362,0.3255457468491052,-0.11570268869400024,-0.09473979473114014,0.34223045782856687
YOU,0.0,0.0,0.0,-0.16528356075286865,-0.006157040596008301,0.023776119786305117,-0.25468820333480835,-0.06331175565719604,0.09216078764478652,-0.27344655990600586,-0.0835118293762207,0.1606490725902745,-0.2709183394908905,-0.0827593207359314,0.2341462934641072,-0.16635048389434814,-0.2762589156627655,0.16712496823350875,-0.19364506006240845,-0.35438835620880127,0.26743095761815994,-0.22870150208473206,-0.3589605689048767,0.32646137124578445,-0.25195395946502686,-0.34581056237220764,0.36671062952558486,-0.11290496587753296,-0.2540089786052704,0.1994090343145558,-0.1447359323501587,-0.26670604944229126,0.32812654620687454,-0.18163686990737915,-0.24694260954856873,0.3823953235773274,-0.19091176986694336,-0.213661789894104,0.4153013492254445,-0.07121288776397705,-0.20675396919250488,0.22630712038557022,-0.11650818586349487,-0.1879308819770813,0.32852053290883987,-0.1496986746788025,-0.16396361589431763,0.3463815117506215,-0.16429638862609863,-0.14690256118774414,0.35403903967420547,-0.04684329032897949,-0.15351706743240356,0.25194587952177017,-0.0855323076248169,-0.14596879482269287,0.31677013284246414,-0.11618924140930176,-0.11847192049026489,0.3326195443300435,-0.13061392307281494,-0.08709573745727539,0.3461024130014607
YOU,0.0,0.0,0.0,-0.15391087532043457,0.004498124122619629,0.019129294541386344,-0.24367612600326538,-0.05415314435958862,0.08762827665796635,-0.2676429748535156,-0.07363206148147583,0.15914093108168004,-0.2624605894088745,-0.06637567281723022,0.23395575733175633,-0.16469275951385498,-0.2746308445930481,0.15394105167379735,-0.2053249478340149,-0.3057742714881897,0.2515303060530698,-0.23935511708259583,-0.2745417058467865,0.29820032567968724,-0.25353100895881653,-0.2402731478214264,0.3248640760897672,-0.10677969455718994,-0.2510151267051697,0.18239212186327336,-0.15115129947662354,-0.2310209572315216,0.30055837483396886,-0.1848633885383606,-0.19094836711883545,0.32499016971578953,-0.18485403060913086,-0.14873510599136353,0.3294434115408933,-0.06313920021057129,-0.2029685378074646,0.20765252561560033,-0.11741000413894653,-0.16465049982070923,0.2960540220259702,-0.14225995540618896,-0.12257319688796997,0.2803932294367826,-0.14574581384658813,-0.09763240814208984,0.25884764046659825,-0.03773599863052368,-0.15309756994247437,0.2334399238347089,-0.08746272325515747,-0.1183963418006897,0.28382308931341527,-0.10986685752868652,-0.0794338583946228,0.27720831484785435,-0.11594629287719727,-0.0444868803024292,0.26891093106260655
YOU,0.0,0.0,0.0,-0.14595508575439453,0.00552743673324585,0.029732299067347867,-0.23223155736923218,-0.054983675479888916,0.09028692267116867,-0.255290687084198,-0.0789298415184021,0.14764190933880172,-0.25580382347106934,-0.087246835231781,0.20817763827022873,-0.1452043056488037,-0.26400744915008545,0.15521923921284042,-0.17943871021270752,-0.31790536642074585,0.24207929990467392,-0.2137289047241211,-0.29400545358657837,0.2811638536232408,-0.23418503999710083,-0.26277273893356323,0.30289710781750045,-0.09142869710922241,-0.24850523471832275,0.1702593835371431,-0.13265478610992432,-0.22885370254516602,0.2757368209141191,-0.16527903079986572,-0.19281429052352905,0.29596431276974045,-0.1684512495994568,-0.15757477283477783,0.29881764671978317,-0.050137877464294434,-0.20424562692642212,0.18296758554157577,-0.0983511209487915,-0.1668851375579834,0.2657520594376024,-0.12783724069595337,-0.13646912574768066,0.2603058042305406,-0.13840752840042114,-0.11506974697113037,0.24624129853424392,-0.02350860834121704,-0.15033912658691406,0.19612635395702682,-0.06784433126449585,-0.13201254606246948,0.25207714460071884,-0.0954585075378418,-0.09726935625076294,0.2605949761646684,-0.10984057188034058,-0.06030791997909546,0.2628025235908922
YOU,0.0,0.0,0.0,-0.14841699600219727,0.00485837459564209,0.02381906302124781,-0.23074910044670105,-0.06247210502624512,0.08560294487923903,-0.25105103850364685,-0.08925122022628784,0.14913586357087416,-0.2526130676269531,-0.10041582584381104,0.21838649192303938,-0.1363973617553711,-0.2769177556037903,0.13876888730973524,-0.13985276222229004,-0.38457348942756653,0.22222892024964613,-0.16610795259475708,-0.40912139415740967,0.267519688396161,-0.18683815002441406,-0.40380504727363586,0.297559743909543,-0.0787343978881836,-0.2648913562297821,0.16576344349831862,-0.11186712980270386,-0.27669456601142883,0.2688916085049562,-0.15153831243515015,-0.24311351776123047,0.3041740713402681,-0.15981900691986084,-0.19837290048599243,0.3230482099339418,-0.037791907787323,-0.2202015519142151,0.19028837063760085,-0.0859384536743164,-0.19903194904327393,0.27334026077241225,-0.12243437767028809,-0.16829967498779297,0.2793256697937898,-0.13203632831573486,-0.14642095565795898,0.27761218526810927,-0.013075411319732666,-0.16602444648742676,0.21539103069752974,-0.05703294277191162,-0.15937912464141846,0.2705748734757356,-0.08977031707763672,-0.12678492069244385,0.2825956700131349,-0.09963488578796387,-0.09486031532287598,0.29111776330918593
YOU,0.0,0.0,0.0,-0.16256916522979736,-0.008463680744171143,0.02408554846429567,-0.2464175820350647,-0.0781019926071167,0.09388649160051088,-0.2635882496833801,-0.10170221328735352,0.16568441385411958,-0.2630658745765686,-0.10526520013809204,0.24150548571729402,-0.1498408317565918,-0.29236680269241333,0.15716042811059694,-0.1554166078567505,-0.39877572655677795,0.25652269715451936,-0.17673766613006592,-0.4294748902320862,0.310108613912103,-0.19560861587524414,-0.43847715854644775,0.34283755416059236,-0.08832520246505737,-0.27315327525138855,0.1871132969298337,-0.13352221250534058,-0.27072563767433167,0.30384362930440645,-0.16954773664474487,-0.23303484916687012,0.3395956277289365,-0.17176169157028198,-0.1905798316001892,0.35563121432447176,-0.047881901264190674,-0.22122463583946228,0.21394690567636232,-0.10414808988571167,-0.1919844150543213,0.30654613370084505,-0.13781476020812988,-0.158514142036438,0.3023503243365262,-0.1446935534477234,-0.1396123766899109,0.29053575987004976,-0.02479320764541626,-0.1591457724571228,0.24119692737245302,-0.07037413120269775,-0.14413559436798096,0.3013415455260251,-0.10162723064422607,-0.11147332191467285,0.3054553687014554,-0.11182641983032227,-0.07742041349411011,0.3055587231554959
YOU,0.0,0.0,0.0,-0.1677079200744629,-0.007683753967285156,0.03265810230067778,-0.25284135341644287,-0.07577723264694214,0.10911750265649367,-0.27138370275497437,-0.09964781999588013,0.18536614843896437,-0.27633732557296753,-0.10980433225631714,0.26593039402059127,-0.1632310152053833,-0.29221826791763306,0.1761349833875041,-0.1722063422203064,-0.38872236013412476,0.2822001076608043,-0.19216030836105347,-0.41958099603652954,0.34429762729695845,-0.20732349157333374,-0.4289248585700989,0.3861402369408946,-0.10629701614379883,-0.27601975202560425,0.20542491444638777,-0.1407012939453125,-0.2879888415336609,0.3367109990983348,-0.1765538454055786,-0.26310640573501587,0.3905106283097606,-0.18351638317108154,-0.2232753038406372,0.4232404626279216,-0.06701385974884033,-0.23134315013885498,0.230326736655746,-0.1145627498626709,-0.2075437307357788,0.33261136182836104,-0.15012651681900024,-0.18542176485061646,0.3481555081277232,-0.16413122415542603,-0.16891634464263916,0.3543000615506511,-0.04275810718536377,-0.18015193939208984,0.2551072336106639,-0.08250778913497925,-0.16891276836395264,0.32043100365689803,-0.11377507448196411,-0.14205199480056763,0.3361699379353862,-0.1284438967704773,-0.11007320880889893,0.3494261897473674
YOU,0.0,0.0,0.0,-0.16439765691757202,-0.017062246799468994,0.030110415290153014,-0.25017499923706055,-0.09098899364471436,0.10272535889879464,-0.26634612679481506,-0.10713601112365723,0.17437349468008279,-0.2749227285385132,-0.11426401138305664,0.2504205724550843,-0.15875446796417236,-0.2935838997364044,0.17366028040186166,-0.1746300458908081,-0.38061392307281494,0.2746770402742982,-0.19432413578033447,-0.40588319301605225,0.3324184438540101,-0.21281683444976807,-0.4159206748008728,0.3719345053984284,-0.11000192165374756,-0.26836949586868286,0.20086664169565438,-0.12860238552093506,-0.2981215715408325,0.33273750751749276,-0.1610906720161438,-0.2957814037799835,0.3856619319273591,-0.17296063899993896,-0.27532798051834106,0.4177508375002503,-0.07430416345596313,-0.21936458349227905,0.22253178268209695,-0.11001378297805786,-0.20776647329330444,0.3257611712767243,-0.14017868041992188,-0.19350570440292358,0.34134465664163827,-0.1573057770729065,-0.18227440118789673,0.34812352269426583,-0.05207616090774536,-0.16740262508392334,0.24340753465429543,-0.0794796347618103,-0.16521459817886353,0.3106007596804261,-0.10540419816970825,-0.1464771032333374,0.32742816417948006,-0.12093091011047363,-0.119221031665802,0.3417834958387971
YOU,0.0,0.0,0.0,-0.14983278512954712,-0.006042122840881348,0.039210905620109315,-0.23359626531600952,-0.07671380043029785,0.11193960655594992,-0.25671690702438354,-0.10338163375854492,0.18155309308434653,-0.2580025792121887,-0.10461181402206421,0.2562268053379171,-0.1453288197517395,-0.2921111285686493,0.1800580148782842,-0.17651903629302979,-0.3561410903930664,0.2754063581314199,-0.21048420667648315,-0.3373107314109802,0.32472797978783774,-0.23096388578414917,-0.3078199028968811,0.3580968057003133,-0.08837360143661499,-0.2761786878108978,0.2001986627664678,-0.12578284740447998,-0.2684326767921448,0.32266118873025107,-0.16490113735198975,-0.24081206321716309,0.3638807212200277,-0.17603737115859985,-0.20371365547180176,0.3861613844719045,-0.047100067138671875,-0.23379170894622803,0.21667147923375296,-0.09531748294830322,-0.2078462839126587,0.31419864047433066,-0.13366574048995972,-0.18337881565093994,0.3323158596840017,-0.1513630747795105,-0.16274702548980713,0.33948927868271994,-0.027344882488250732,-0.18712836503982544,0.2332167600479238,-0.0737607479095459,-0.18569451570510864,0.3002747272338979,-0.10616552829742432,-0.1611204743385315,0.32311555493737387,-0.12400633096694946,-0.1273145079612732,0.34093883384133505
YOU,0.0,0.0,0.0,-0.1613062620162964,0.004388630390167236,0.019358578960577688,-0.25230827927589417,-0.04941403865814209,0.06918124843684836,-0.2789313495159149,-0.06895661354064941,0.11679977912751838,-0.26860859990119934,-0.06909573078155518,0.16529391695110007,-0.16290009021759033,-0.26714271306991577,0.13745823491660758,-0.2363172173500061,-0.2566413879394531,0.20808342088309928,-0.26866766810417175,-0.19790512323379517,0.2284923343762557,-0.28291693329811096,-0.1472930908203125,0.23884320248214408,-0.11075544357299805,-0.25323307514190674,0.15546591569034263,-0.18543648719787598,-0.21275478601455688,0.24148568500129386,-0.22186324000358582,-0.15676146745681763,0.2383163719281356,-0.22978869080543518,-0.09633231163024902,0.2262396066292922,-0.07323312759399414,-0.22151505947113037,0.17197909940330192,-0.14355486631393433,-0.15392887592315674,0.24821321655360862,-0.17781758308410645,-0.10642075538635254,0.22647389758674308,-0.18485039472579956,-0.05756711959838867,0.20173318673221274,-0.05769568681716919,-0.18059104681015015,0.18842796970454856,-0.11284607648849487,-0.12013393640518188,0.24894705403892203,-0.14127767086029053,-0.07505422830581665,0.252443581710736,-0.15402686595916748,-0.025922060012817383,0.2501230536803405
YOU,0.0,0.0,0.0,-0.152876079082489,0.007401108741760254,0.01870302693788517,-0.2403927445411682,-0.04407590627670288,0.07986479276661385,-0.2647184729576111,-0.06148231029510498,0.14397177124266136,-0.2543625235557556,-0.04621589183807373,0.20997653925661552,-0.1638026237487793,-0.27246254682540894,0.13539756858591545,-0.22450703382492065,-0.25408560037612915,0.21688087308649528,-0.2575666010379791,-0.19586431980133057,0.24707332277540672,-0.2703965902328491,-0.1479271650314331,0.2630197259211968,-0.10486370325088501,-0.2573394775390625,0.16077627265696037,-0.16774839162826538,-0.19685959815979004,0.2564369293475579,-0.19746458530426025,-0.13864833116531372,0.2592317017341088,-0.19479811191558838,-0.08643221855163574,0.25051955902819145,-0.061362504959106445,-0.21913951635360718,0.18565079593901146,-0.1268194317817688,-0.1509484052658081,0.26295818412546623,-0.1544817090034485,-0.10306906700134277,0.2355755271935891,-0.15498948097229004,-0.06836098432540894,0.2071789356494378,-0.03770589828491211,-0.17650926113128662,0.21175561869387138,-0.09264153242111206,-0.11933410167694092,0.2614234241271447,-0.11778223514556885,-0.07612299919128418,0.2522206755900811,-0.12262141704559326,-0.03659188747406006,0.24207274639849174
YOU,0.0,0.0,0.0,-0.13871318101882935,0.021091997623443604,0.009136521632406414,-0.22548127174377441,-0.04349297285079956,0.051751722956630886,-0.24678325653076172,-0.07599425315856934,0.09420437868926257,-0.23495066165924072,-0.08318108320236206,0.1407930156240198,-0.1349526047706604,-0.25118356943130493,0.10214802380892962,-0.14826452732086182,-0.33891135454177856,0.16188324000928134,-0.1834220290184021,-0.324815034866333,0.1888390829810831,-0.2045498788356781,-0.2897098958492279,0.20415097978207797,-0.08538985252380371,-0.23899435997009277,0.1180869689235422,-0.11477029323577881,-0.23775732517242432,0.19001439716908664,-0.14575791358947754,-0.19794338941574097,0.20169023182484835,-0.14424002170562744,-0.16442197561264038,0.20185275878998965,-0.04636424779891968,-0.19289934635162354,0.13125347104165286,-0.08933663368225098,-0.16031640768051147,0.18487677481267184,-0.11654394865036011,-0.1254734992980957,0.17352834847066134,-0.11681824922561646,-0.10043174028396606,0.15933734681699008,-0.021270275115966797,-0.13504517078399658,0.14439425375554293,-0.06023240089416504,-0.1230689287185669,0.17841037120911807,-0.08964437246322632,-0.0906866192817688,0.17954457309338778,-0.09728318452835083,-0.05318719148635864,0.1785776814470026
YOU,0.0,0.0,0.0,-0.14980041980743408,-0.015916109085083008,0.01592517380863967,-0.2314084768295288,-0.09733819961547852,0.08544976559728923,-0.2461097240447998,-0.13620060682296753,0.1626006617888862,-0.23812603950500488,-0.14792639017105103,0.24911403206438365,-0.12284767627716064,-0.3043505549430847,0.1325084075078422,-0.12469768524169922,-0.42309364676475525,0.22288119343370738,-0.16170340776443481,-0.4383290112018585,0.28351069537252727,-0.18847602605819702,-0.42116063833236694,0.32795933929533305,-0.05959653854370117,-0.28464585542678833,0.17400641289800944,-0.11095350980758667,-0.3128775954246521,0.29266164747328105,-0.16372603178024292,-0.2695885896682739,0.3540839060887748,-0.1782780885696411,-0.21718531847000122,0.3947324558839256,-0.019608616828918457,-0.23441815376281738,0.21149631885141673,-0.0862952470779419,-0.23122358322143555,0.30330769268125835,-0.13497042655944824,-0.19394779205322266,0.32675949779600444,-0.14753222465515137,-0.16789889335632324,0.34138203707784953,0.006100714206695557,-0.17636263370513916,0.24875247028917613,-0.05034148693084717,-0.1845528483390808,0.3051013752564842,-0.09120136499404907,-0.15412962436676025,0.32174418417066875,-0.10172981023788452,-0.11539500951766968,0.33810521212667766
YOU,0.0,0.0,0.0,-0.16572296619415283,-0.02141737937927246,0.027940501746343216,-0.2445017695426941,-0.089957594871521,0.09743728424291476,-0.28130215406417847,-0.11529463529586792,0.17001581127624377,-0.30861514806747437,-0.12030613422393799,0.24409222538452013,-0.16185921430587769,-0.3124946355819702,0.15294243330936297,-0.20962989330291748,-0.3329848647117615,0.2567984902379976,-0.24201634526252747,-0.30159425735473633,0.3049211644647585,-0.26064765453338623,-0.27264320850372314,0.33210195536594256,-0.09721130132675171,-0.293024480342865,0.17943081195335253,-0.1517844796180725,-0.26745039224624634,0.29886038537006243,-0.1901513934135437,-0.22045207023620605,0.3192262792108522,-0.19833624362945557,-0.16866159439086914,0.3204349123952852,-0.05268585681915283,-0.24327504634857178,0.20637628371696337,-0.11530047655105591,-0.21110457181930542,0.2982512557027803,-0.1496046781539917,-0.16551029682159424,0.2840790295122133,-0.15773051977157593,-0.1300981044769287,0.26248480315189227,-0.025598883628845215,-0.19678658246994019,0.23581084544639452,-0.08023172616958618,-0.17035126686096191,0.2975779318330751,-0.1055726408958435,-0.13672637939453125,0.299658729982184,-0.11174684762954712,-0.10183852910995483,0.2956379496572481
YOU,0.0,0.0,0.0,-0.1624249815940857,-0.015220105648040771,0.01648906635904268,-0.2530568540096283,-0.07896769046783447,0.08345259929859594,-0.29352688789367676,-0.1030663251876831,0.157170312654614,-0.3037147521972656,-0.10108119249343872,0.23413160647118048,-0.16214841604232788,-0.3100751042366028,0.13933482969963507,-0.24171847105026245,-0.278683602809906,0.23748421872818426,-0.27599209547042847,-0.21483612060546875,0.2756305506345029,-0.28628790378570557,-0.17230451107025146,0.2948528697606321,-0.09911072254180908,-0.28346097469329834,0.17370398546421484,-0.1771271824836731,-0.24313098192214966,0.2888241579648252,-0.21523767709732056,-0.18177473545074463,0.29770733619892553,-0.21970736980438232,-0.12343388795852661,0.28872548247539953,-0.05880969762802124,-0.23403239250183105,0.20888571644985632,-0.1356784701347351,-0.1958039402961731,0.3042676618214841,-0.1718807816505432,-0.14166468381881714,0.2811867466088529,-0.1761447787284851,-0.09802526235580444,0.25060241128170446,-0.036804914474487305,-0.18905675411224365,0.24526182020866827,-0.098907470703125,-0.15344750881195068,0.31040646339619116,-0.12824159860610962,-0.11324059963226318,0.30662642623150305,-0.1410738229751587,-0.0746145248413086,0.29667498375141577
YOU,0.0,0.0,0.0,-0.16202592849731445,-0.016857564449310303,0.023120957217145133,-0.2437504529953003,-0.07630676031112671,0.09818066542499082,-0.2697301506996155,-0.09234046936035156,0.18005603437774198,-0.272782564163208,-0.07705086469650269,0.2666892844950439,-0.15432888269424438,-0.30676546692848206,0.14941307788245695,-0.21485647559165955,-0.2897811532020569,0.25119085495822446,-0.24990975856781006,-0.24538612365722656,0.29601155107371824,-0.2632424533367157,-0.21301627159118652,0.32031489794604795,-0.0893559455871582,-0.27770572900772095,0.18113833551757352,-0.15495657920837402,-0.24443697929382324,0.3023186165606262,-0.1924785077571869,-0.1917826533317566,0.32114155476443784,-0.19359180331230164,-0.13688308000564575,0.3208930928026916,-0.04537057876586914,-0.22712522745132446,0.21272306030147092,-0.11364907026290894,-0.19984591007232666,0.3054427344118835,-0.15013527870178223,-0.1524009108543396,0.28684975092761533,-0.15343105792999268,-0.11514115333557129,0.2631202477728607,-0.018366515636444092,-0.1748443841934204,0.24604850893371122,-0.07741713523864746,-0.15300536155700684,0.3031612772261383,-0.10699409246444702,-0.11708217859268188,0.2983402151381256,-0.11339741945266724,-0.08006888628005981,0.2910956579958679
YOU,0.0,0.0,0.0,-0.131705641746521,-0.010924875736236572,0.03245328224800659,-0.22207924723625183,-0.09270846843719482,0.09761063612602783,-0.24492064118385315,-0.11454141139984131,0.15861336744927002,-0.24117323756217957,-0.11428922414779663,0.22135768688820434,-0.13465601205825806,-0.27706751227378845,0.15790921307705474,-0.16103386878967285,-0.35536110401153564,0.24689653373859954,-0.19840767979621887,-0.3569371998310089,0.29289691008232666,-0.21911990642547607,-0.3411734104156494,0.3202500478138788,-0.0989832878112793,-0.2545742988586426,0.17041252411507202,-0.14792126417160034,-0.2345130443572998,0.275130941044317,-0.1726965308189392,-0.19952630996704102,0.2967849210610254,-0.1593676209449768,-0.17397809028625488,0.3027021125664575,-0.06802201271057129,-0.20481806993484497,0.18006853617333007,-0.1252042055130005,-0.15718960762023926,0.2577187851776941,-0.14053213596343994,-0.12016111612319946,0.23797669864796234,-0.13011741638183594,-0.10893404483795166,0.21574586487911773,-0.047019779682159424,-0.15157324075698853,0.191176621686445,-0.09333533048629761,-0.12080979347229004,0.23837675012253356,-0.11503010988235474,-0.0867113471031189,0.2309877709259851,-0.11431539058685303,-0.05640310049057007,0.2224397347082956
YOU,0.0,0.0,0.0,-0.15763133764266968,-0.010796964168548584,0.023986483452901552,-0.24468547105789185,-0.0957263708114624,0.09473654301284284,-0.2612452208995819,-0.13231289386749268,0.16817074687598677,-0.25891727209091187,-0.1319211721420288,0.24754090280650587,-0.12777066230773926,-0.3046615719795227,0.15068681211589308,-0.15127348899841309,-0.41124600172042847,0.24442180664657087,-0.19076475501060486,-0.41397327184677124,0.29620146424888105,-0.21969085931777954,-0.3968297839164734,0.33065339596389265,-0.06368917226791382,-0.2891833782196045,0.1811995175611827,-0.12023109197616577,-0.2995455861091614,0.3001673784983012,-0.17389467358589172,-0.26068055629730225,0.3399196532499644,-0.1853053867816925,-0.21029424667358398,0.36050665052054853,-0.023096323013305664,-0.24356329441070557,0.20864855916617842,-0.09231609106063843,-0.21796923875808716,0.3035899368059489,-0.14049488306045532,-0.18341457843780518,0.3108726111185405,-0.15335237979888916,-0.15680795907974243,0.30953818233130903,-0.0003883242607116699,-0.19210708141326904,0.23627915651915998,-0.05447697639465332,-0.1915571093559265,0.2980890241396281,-0.09424495697021484,-0.15970683097839355,0.31127690942405195,-0.10765814781188965,-0.11854839324951172,0.32126614124892683
YOU,0.0,0.0,0.0,-0.16442996263504028,-0.02251601219177246,0.039193839883004955,-0.243392676115036,-0.10030496120452881,0.11641668633142643,-0.26354148983955383,-0.12251079082489014,0.19314337626615696,-0.27061283588409424,-0.11636132001876831,0.27578743652025395,-0.14740681648254395,-0.3117383122444153,0.17706433788458042,-0.16993987560272217,-0.402259886264801,0.2816393907419794,-0.2037007212638855,-0.40941837430000305,0.3441170986048334,-0.22568583488464355,-0.38688820600509644,0.3888113434664362,-0.08241182565689087,-0.2911553978919983,0.2058538432470911,-0.12205201387405396,-0.31517958641052246,0.3397126431814783,-0.16173815727233887,-0.303364098072052,0.3986779387346857,-0.17652815580368042,-0.2688269019126892,0.4354421432367914,-0.037640511989593506,-0.23962163925170898,0.23109985247770481,-0.09482818841934204,-0.22627544403076172,0.3390839333883875,-0.1333082914352417,-0.20201820135116577,0.3629717166773432,-0.14996087551116943,-0.18146347999572754,0.37480460957208805,-0.013250768184661865,-0.18249297142028809,0.25647028640428715,-0.05744117498397827,-0.17727690935134888,0.32897838309923344,-0.09007298946380615,-0.15215587615966797,0.3505774672381037,-0.10952353477478027,-0.12035828828811646,0.3676766689173334
YOU,0.0,0.0,0.0,-0.176735520362854,-0.02220064401626587,0.0313144966377763,-0.26190218329429626,-0.08399510383605957,0.11069844359298031,-0.2854897081851959,-0.1036105751991272,0.19322266870875637,-0.2930537760257721,-0.09157264232635498,0.2815506129874734,-0.169613778591156,-0.30964797735214233,0.18158171767134945,-0.20897483825683594,-0.3559189438819885,0.2979279428138284,-0.24898526072502136,-0.3377269506454468,0.3630366891040353,-0.2726391851902008,-0.30310678482055664,0.40573501283068936,-0.10204815864562988,-0.27860569953918457,0.21780660444636624,-0.14910084009170532,-0.28398680686950684,0.3577463000430612,-0.18859374523162842,-0.2499503493309021,0.4063444703235177,-0.20170873403549194,-0.20934492349624634,0.4315370588912515,-0.055198848247528076,-0.2235422134399414,0.25130125576396267,-0.1102900505065918,-0.21824508905410767,0.3610887199058084,-0.1504223346710205,-0.17748522758483887,0.36752265387912075,-0.16652578115463257,-0.14872753620147705,0.3639289408340005,-0.025354385375976562,-0.1668229103088379,0.28560334140200894,-0.07307809591293335,-0.1570156216621399,0.35848173195262234,-0.10486632585525513,-0.12429362535476685,0.3692868023528604,-0.12109041213989258,-0.08650654554367065,0.3749911456717996
YOU,0.0,0.0,0.0,-0.16197216510772705,0.002915680408477783,0.02421621579640032,-0.25308099389076233,-0.05246305465698242,0.09195772718601347,-0.27597880363464355,-0.07980471849441528,0.16393686991148115,-0.26029524207115173,-0.09026497602462769,0.23679009240083815,-0.17518997192382812,-0.29604220390319824,0.13847847443037153,-0.24445760250091553,-0.26489120721817017,0.23676012616567732,-0.28177499771118164,-0.20534205436706543,0.27687348585538984,-0.3014054298400879,-0.15968334674835205,0.2962661252539647,-0.11058056354522705,-0.27591925859451294,0.16583281915598036,-0.17820954322814941,-0.20516377687454224,0.2713300750773442,-0.20811960101127625,-0.14091843366622925,0.2718463705103886,-0.20675784349441528,-0.08192634582519531,0.2583889232199681,-0.06297433376312256,-0.23244929313659668,0.19577923577242018,-0.1365622878074646,-0.1621459722518921,0.28065641384534956,-0.16163218021392822,-0.1015198826789856,0.246100710443784,-0.15936529636383057,-0.05972939729690552,0.20937004845552565,-0.03547251224517822,-0.18791037797927856,0.22862573128156782,-0.09928590059280396,-0.13080555200576782,0.28248675327711226,-0.1252424120903015,-0.07753801345825195,0.27089490156583906,-0.13101017475128174,-0.03307574987411499,0.2569661603491795
YOU,0.0,0.0,0.0,-0.15769052505493164,-0.00366055965423584,0.0026513659880151863,-0.25305452942848206,-0.06044280529022217,0.04863232588587607,-0.2831632196903229,-0.09582167863845825,0.10101964539109076,-0.2731476128101349,-0.11848372220993042,0.15519556617556418,-0.17262637615203857,-0.2982659339904785,0.08772687083302344,-0.254555881023407,-0.2388526201248169,0.15646109199343528,-0.284784734249115,-0.16718590259552002,0.17949636494932975,-0.2903234362602234,-0.11825311183929443,0.1897065660935482,-0.11272722482681274,-0.27932703495025635,0.11419288283406104,-0.2020043134689331,-0.19970190525054932,0.1911425909977993,-0.23590075969696045,-0.12910372018814087,0.1835611335021099,-0.2361166775226593,-0.06271636486053467,0.16700159227667655,-0.06880414485931396,-0.2400614619255066,0.14241603231249655,-0.1540849804878235,-0.15741461515426636,0.20579345738707389,-0.1820576786994934,-0.09778910875320435,0.17545667505083884,-0.18127793073654175,-0.04310250282287598,0.14452681159792746,-0.04484760761260986,-0.19392752647399902,0.17155964886961783,-0.11365777254104614,-0.1344483494758606,0.214172425029858,-0.13957756757736206,-0.08414363861083984,0.20645772135077323,-0.14674508571624756,-0.033720970153808594,0.19721128260908927
YOU,0.0,0.0,0.0,-0.15359461307525635,-0.02430593967437744,0.007613051623764022,-0.2476593255996704,-0.07253175973892212,0.056162503489019855,-0.27345043420791626,-0.07680290937423706,0.10735162807321785,-0.2568204998970032,-0.05883151292800903,0.15886380983209847,-0.16766643524169922,-0.2900189161300659,0.11073946667528389,-0.25261160731315613,-0.22861558198928833,0.1790065736851716,-0.2883187532424927,-0.16514843702316284,0.200578612216475,-0.29179859161376953,-0.12288719415664673,0.20915639115190743,-0.11545300483703613,-0.253323495388031,0.13074797106600045,-0.20042341947555542,-0.14775556325912476,0.20385282946443795,-0.21041321754455566,-0.09195959568023682,0.191064891346457,-0.18228614330291748,-0.05843144655227661,0.17200562072611092,-0.07636827230453491,-0.19432097673416138,0.15068635059213875,-0.15700602531433105,-0.09736323356628418,0.20669316960191964,-0.16608762741088867,-0.05678051710128784,0.168622326978209,-0.14488238096237183,-0.03510981798171997,0.13490175915575264,-0.05294924974441528,-0.1282891035079956,0.17152058792925118,-0.11877310276031494,-0.06441056728363037,0.20617611420965432,-0.13140296936035156,-0.02641206979751587,0.19245594454622506,-0.12065821886062622,0.0024104714393615723,0.18018494261121987
YOU,0.0,0.0,0.0,-0.15528899431228638,-0.009058594703674316,0.026858980919712394,-0.24335256218910217,-0.06837260723114014,0.09357617158769926,-0.2629798948764801,-0.09063565731048584,0.1611512239682611,-0.24133598804473877,-0.07969903945922852,0.23030125458120665,-0.15293222665786743,-0.2934892773628235,0.15673429627298674,-0.21018829941749573,-0.2898726463317871,0.24700380225061735,-0.2477697730064392,-0.2450343370437622,0.2814693983304437,-0.26489731669425964,-0.20598912239074707,0.29762300212263426,-0.08965927362442017,-0.269639790058136,0.17785226662039122,-0.15298062562942505,-0.20833450555801392,0.27758099992155394,-0.1814914345741272,-0.148878812789917,0.27660533149122557,-0.17669832706451416,-0.10026925802230835,0.2637767430055078,-0.04318922758102417,-0.2207561731338501,0.1986156638371881,-0.10726016759872437,-0.16097599267959595,0.2743265863168176,-0.12791138887405396,-0.11210465431213379,0.2375202115285333,-0.12077802419662476,-0.08148294687271118,0.2023097064006265,-0.0165749192237854,-0.16427689790725708,0.2219325389373239,-0.06800812482833862,-0.12078243494033813,0.26744332272886595,-0.0929487943649292,-0.07681077718734741,0.2512543733823236,-0.09425091743469238,-0.03972053527832031,0.23519759733557066
YOU,0.0,0.0,0.0,-0.15399450063705444,-0.0031978487968444824,0.01755842226519988,-0.24898827075958252,-0.06728148460388184,0.07391466046646045,-0.2758358418941498,-0.08636707067489624,0.12925992752387927,-0.2747601270675659,-0.08889836072921753,0.18741288627460406,-0.15771573781967163,-0.2590641379356384,0.13928767885044024,-0.17971497774124146,-0.34758877754211426,0.22277211989238666,-0.21622800827026367,-0.35595083236694336,0.26819804157092975,-0.23939281702041626,-0.34287190437316895,0.2969081684477608,-0.10650289058685303,-0.24122625589370728,0.16079817558601306,-0.1519201397895813,-0.23666059970855713,0.26130616511180804,-0.18344652652740479,-0.2006915807723999,0.2888510509856026,-0.18023771047592163,-0.16910648345947266,0.30146965230777667,-0.06623178720474243,-0.19257676601409912,0.17858722652271197,-0.11862826347351074,-0.14928042888641357,0.2547402068503182,-0.14646410942077637,-0.11340969800949097,0.246777026308326,-0.1482411026954651,-0.0992807149887085,0.23551410282924579,-0.039691269397735596,-0.1345086693763733,0.1964799001343529,-0.08680999279022217,-0.11027204990386963,0.24522365475967334,-0.1145714521408081,-0.0779007077217102,0.24767754818275378,-0.12046617269515991,-0.047012269496917725,0.2485298051960747
YOU,0.0,0.0,0.0,-0.16279202699661255,-0.0034794211387634277,0.01728585425294682,-0.2552541494369507,-0.07478541135787964,0.07203079636670395,-0.2693701982498169,-0.10295659303665161,0.12559334810353562,-0.2656833529472351,-0.11181509494781494,0.18449149902440354,-0.15096670389175415,-0.28076475858688354,0.14089013512707993,-0.17698824405670166,-0.379347562789917,0.22643989201165482,-0.20959779620170593,-0.39023908972740173,0.2784637498436098,-0.23386314511299133,-0.3756083846092224,0.31636950250245377,-0.08941322565078735,-0.27002769708633423,0.16910602028943345,-0.1311638355255127,-0.3053022623062134,0.2841644274768953,-0.17842161655426025,-0.290677547454834,0.3372568177757387,-0.1958523690700531,-0.25643390417099,0.37169527884103104,-0.04597991704940796,-0.23091042041778564,0.1920798259554033,-0.10036474466323853,-0.22217726707458496,0.28495901699639603,-0.14909297227859497,-0.20123034715652466,0.31144365544892594,-0.170032799243927,-0.171952486038208,0.32758691783524796,-0.021458804607391357,-0.18184494972229004,0.21314722176171585,-0.06584256887435913,-0.19395875930786133,0.27341368671037003,-0.1065632700920105,-0.16945695877075195,0.29737916465379044,-0.1265985369682312,-0.12561577558517456,0.3190910505828981
YOU,0.0,0.0,0.0,-0.16548651456832886,-0.0041945576667785645,0.015315339569212938,-0.2609902024269104,-0.0738900899887085,0.07006466914361908,-0.2865320146083832,-0.10442382097244263,0.12730946917480424,-0.26753464341163635,-0.10079300403594971,0.18544687111324265,-0.16965317726135254,-0.3071643114089966,0.12379234809822037,-0.24021747708320618,-0.29796457290649414,0.21278919060176804,-0.27971988916397095,-0.2386147379875183,0.2514279462808986,-0.2995690107345581,-0.18559306859970093,0.2707816340441127,-0.10721468925476074,-0.2926793694496155,0.1487062849516292,-0.18053799867630005,-0.24383825063705444,0.24522264082378342,-0.21308118104934692,-0.18375056982040405,0.24976534922069504,-0.2150774598121643,-0.12741363048553467,0.24104270119613602,-0.059448838233947754,-0.2506710886955261,0.17477910001224473,-0.13574379682540894,-0.2027694582939148,0.25309476036972,-0.16756826639175415,-0.15399116277694702,0.2267724253649135,-0.17392706871032715,-0.10784351825714111,0.1971991934294124,-0.034278810024261475,-0.20053929090499878,0.20230011422580674,-0.09829062223434448,-0.15990597009658813,0.2517340459341426,-0.12897425889968872,-0.11923527717590332,0.24333919365352585,-0.14064383506774902,-0.07254219055175781,0.23293241639083817
YOU,0.0,0.0,0.0,-0.15932106971740723,-0.003933846950531006,0.014414716717851661,-0.2545371651649475,-0.06649166345596313,0.0633378161313658,-0.28716152906417847,-0.09691828489303589,0.11380531473184874,-0.2774984836578369,-0.11376684904098511,0.16441556645656874,-0.16803616285324097,-0.3035982847213745,0.11372781379247954,-0.24767789244651794,-0.27578097581863403,0.19583561850811293,-0.2877507209777832,-0.21776461601257324,0.2279389931085234,-0.3061542510986328,-0.17064452171325684,0.24316401613975813,-0.1094059944152832,-0.2826685905456543,0.1354183836104994,-0.18858414888381958,-0.21041154861450195,0.2254263891103392,-0.22394025325775146,-0.15050023794174194,0.2225276811244612,-0.22671547532081604,-0.0924077033996582,0.20767159594322493,-0.06804311275482178,-0.2384825348854065,0.15900465680385878,-0.1482180953025818,-0.1603357195854187,0.23395301235939314,-0.18038594722747803,-0.1055445671081543,0.20396122170711806,-0.1849609613418579,-0.055443406105041504,0.17098343206669142,-0.046569883823394775,-0.18680816888809204,0.18403516544128706,-0.11258542537689209,-0.13259881734848022,0.23709873689438155,-0.1440749168395996,-0.08618491888046265,0.23117112947727492,-0.15886294841766357,-0.03791952133178711,0.220937369597209
YOU,0.0,0.0,0.0,-0.15399247407913208,-0.0006441473960876465,0.009488588917671237,-0.25017616152763367,-0.07879120111465454,0.06430537325483421,-0.2714326083660126,-0.10995990037918091,0.12090162259679893,-0.2590523958206177,-0.11047041416168213,0.18131715131145576,-0.152601420879364,-0.2827138304710388,0.12859517407756904,-0.1872934103012085,-0.35283559560775757,0.2160153247151957,-0.2242472767829895,-0.3387061357498169,0.262590245131074,-0.24745237827301025,-0.3124738335609436,0.2908889211450205,-0.09351849555969238,-0.269433856010437,0.15453195643764595,-0.1399431824684143,-0.27139317989349365,0.2628621913228617,-0.18111956119537354,-0.24504727125167847,0.29381074083191017,-0.190898597240448,-0.2076548933982849,0.30648769510131935,-0.049926042556762695,-0.2248360514640808,0.17654173148017982,-0.10623133182525635,-0.19876688718795776,0.2582935549054728,-0.14598798751831055,-0.17180341482162476,0.2554834641252146,-0.1634323000907898,-0.14630621671676636,0.245985225561677,-0.025422334671020508,-0.1738722324371338,0.19779732895237068,-0.0797276496887207,-0.15537029504776,0.24683773589473823,-0.11117833852767944,-0.12509238719940186,0.25010134351593116,-0.1265057921409607,-0.08761769533157349,0.2515614784989939
